station_id,hour,station_name,road_name,station_type,lat,lon,height_m,road_surface_state,road_surface_temp,road_surface_temp_min,road_surface_temp_max,freezing_ratio,observation_count
13402,2024-11-01 01:00:00,원지(도),경부선,목표(결빙),37.4538,127.0488,35.0,1,13.83,13.0,14.9,0.0,60
13402,2024-11-01 02:00:00,원지(도),경부선,목표(결빙),37.4538,127.0488,35.0,1,13.395000000000001,12.5,14.2,0.0,60
13402,2024-11-01 03:00:00,원지(도),경부선,목표(결빙),37.4538,127.0488,35.0,1,13.425,12.6,14.6,0.0,60
13402,2024-11-01 04:00:00,원지(도),경부선,목표(결빙),37.4538,127.0488,35.0,1,13.6,12.7,14.6,0.0,60
13402,2024-11-01 05:00:00,원지(도),경부선,목표(결빙),37.4538,127.0488,35.0,1,13.475,12.7,14.6,0.0,60
13402,2024-11-01 06:00:00,원지(도),경부선,목표(결빙),37.4538,127.0488,35.0,1,13.913333333333332,13.3,14.7,0.0,60
13402,2024-11-01 07:00:00,원지(도),경부선,목표(결빙),37.4538,127.0488,35.0,1,14.610000000000001,13.8,15.8,0.0,60
13402,2024-11-01 08:00:00,원지(도),경부선,목표(결빙),37.4538,127.0488,35.0,1,14.913333333333332,14.0,15.7,0.0,60
13402,2024-11-01 09:00:00,원지(도),경부선,목표(결빙),37.4538,127.0488,35.0,1,15.435,14.5,16.1,0.0,60
13402,2024-11-01 10:00:00,원지(도),경부선,목표(결빙),37.4538,127.0488,35.0,1,16.828333333333333,16.0,17.4,0.0,60
13402,2024-11-01 11:00:00,원지(도),경부선,목표(결빙),37.4538,127.0488,35.0,1,17.82,17.0,19.0,0.0,60
13402,2024-11-01 12:00:00,원지(도),경부선,목표(결빙),37.4538,127.0488,35.0,1,19.30666666666667,18.3,20.3,0.0,60
13402,2024-11-01 13:00:00,원지(도),경부선,목표(결빙),37.4538,127.0488,35.0,1,20.063333333333333,19.0,21.0,0.0,60
13402,2024-11-01 14:00:00,원지(도),경부선,목표(결빙),37.4538,127.0488,35.0,1,20.516666666666666,19.8,21.0,0.0,60
13402,2024-11-01 15:00:00,원지(도),경부선,목표(결빙),37.4538,127.0488,35.0,1,20.618333333333332,20.0,21.2,0.0,60
13402,2024-11-01 16:00:00,원지(도),경부선,목표(결빙),37.4538,127.0488,35.0,1,20.66166666666667,20.2,21.0,0.0,60
13402,2024-11-01 17:00:00,원지(도),경부선,목표(결빙),37.4538,127.0488,35.0,1,19.706666666666667,19.0,21.0,0.0,60
13402,2024-11-01 18:00:00,원지(도),경부선,목표(결빙),37.4538,127.0488,35.0,1,18.383333333333333,17.6,19.4,0.0,60
13402,2024-11-01 19:00:00,원지(도),경부선,목표(결빙),37.4538,127.0488,35.0,1,17.785,17.1,18.3,0.0,60
13402,2024-11-01 20:00:00,원지(도),경부선,목표(결빙),37.4538,127.0488,35.0,1,17.413333333333334,16.7,18.5,0.0,60
13402,2024-11-01 21:00:00,원지(도),경부선,목표(결빙),37.4538,127.0488,35.0,1,18.516666666666666,17.5,20.3,0.0,60
13402,2024-11-01 22:00:00,원지(도),경부선,목표(결빙),37.4538,127.0488,35.0,1,17.133333333333333,15.9,19.3,0.0,60
13402,2024-11-01 23:00:00,원지(도),경부선,목표(결빙),37.4538,127.0488,35.0,1,16.503333333333334,15.6,17.2,0.0,60
13402,2024-11-02 00:00:00,원지(도),경부선,목표(결빙),37.4538,127.0488,35.0,1,16.12666666666667,15.6,16.9,0.0,60
13402,2024-11-02 01:00:00,원지(도),경부선,목표(결빙),37.4538,127.0488,35.0,1,15.675,14.9,16.5,0.0,60
13402,2024-11-02 02:00:00,원지(도),경부선,목표(결빙),37.4538,127.0488,35.0,1,15.458333333333334,14.0,16.2,0.0,60
13402,2024-11-02 03:00:00,원지(도),경부선,목표(결빙),37.4538,127.0488,35.0,1,15.01,14.0,15.8,0.0,60
13402,2024-11-02 04:00:00,원지(도),경부선,목표(결빙),37.4538,127.0488,35.0,1,14.413333333333332,13.7,15.5,0.0,60
13402,2024-11-02 05:00:00,원지(도),경부선,목표(결빙),37.4538,127.0488,35.0,1,14.008333333333333,13.2,14.7,0.0,60
13402,2024-11-02 06:00:00,원지(도),경부선,목표(결빙),37.4538,127.0488,35.0,1,13.93,12.9,15.0,0.0,60
13402,2024-11-02 07:00:00,원지(도),경부선,목표(결빙),37.4538,127.0488,35.0,1,13.483333333333333,12.6,14.8,0.0,60
13402,2024-11-02 08:00:00,원지(도),경부선,목표(결빙),37.4538,127.0488,35.0,1,13.85,12.7,15.2,0.0,60
13402,2024-11-02 09:00:00,원지(도),경부선,목표(결빙),37.4538,127.0488,35.0,1,17.083333333333332,15.1,19.2,0.0,60
13402,2024-11-02 10:00:00,원지(도),경부선,목표(결빙),37.4538,127.0488,35.0,1,20.621666666666666,19.1,21.9,0.0,60
13402,2024-11-02 11:00:00,원지(도),경부선,목표(결빙),37.4538,127.0488,35.0,1,23.848333333333336,21.8,25.4,0.0,60
13402,2024-11-02 12:00:00,원지(도),경부선,목표(결빙),37.4538,127.0488,35.0,1,27.233333333333334,25.2,29.1,0.0,60
13402,2024-11-02 13:00:00,원지(도),경부선,목표(결빙),37.4538,127.0488,35.0,1,28.921666666666667,26.7,29.9,0.0,60
13402,2024-11-02 14:00:00,원지(도),경부선,목표(결빙),37.4538,127.0488,35.0,1,26.888333333333332,25.1,28.6,0.0,60
13402,2024-11-02 15:00:00,원지(도),경부선,목표(결빙),37.4538,127.0488,35.0,1,23.426666666666666,21.7,25.8,0.0,60
13402,2024-11-02 16:00:00,원지(도),경부선,목표(결빙),37.4538,127.0488,35.0,1,21.728333333333335,20.8,22.7,0.0,60
13402,2024-11-02 17:00:00,원지(도),경부선,목표(결빙),37.4538,127.0488,35.0,1,18.85666666666667,17.8,21.2,0.0,60
13402,2024-11-02 18:00:00,원지(도),경부선,목표(결빙),37.4538,127.0488,35.0,1,20.561666666666667,19.7,21.2,0.0,60
13402,2024-11-02 19:00:00,원지(도),경부선,목표(결빙),37.4538,127.0488,35.0,1,20.326666666666664,18.3,21.8,0.0,60
13402,2024-11-02 20:00:00,원지(도),경부선,목표(결빙),37.4538,127.0488,35.0,1,19.543333333333333,17.4,21.3,0.0,60
13402,2024-11-02 21:00:00,원지(도),경부선,목표(결빙),37.4538,127.0488,35.0,1,18.001666666666665,16.8,19.0,0.0,60
13402,2024-11-02 22:00:00,원지(도),경부선,목표(결빙),37.4538,127.0488,35.0,1,17.003333333333334,16.4,17.8,0.0,60
13402,2024-11-02 23:00:00,원지(도),경부선,목표(결빙),37.4538,127.0488,35.0,1,16.746666666666666,15.5,17.7,0.0,60
13402,2024-11-03 00:00:00,원지(도),경부선,목표(결빙),37.4538,127.0488,35.0,1,15.781666666666666,14.3,16.8,0.0,60
13402,2024-11-03 01:00:00,원지(도),경부선,목표(결빙),37.4538,127.0488,35.0,1,14.76,13.7,15.7,0.0,60
13402,2024-11-03 02:00:00,원지(도),경부선,목표(결빙),37.4538,127.0488,35.0,1,14.271666666666667,13.6,14.8,0.0,60
13402,2024-11-03 03:00:00,원지(도),경부선,목표(결빙),37.4538,127.0488,35.0,1,13.291666666666666,12.0,14.3,0.0,60
13402,2024-11-03 04:00:00,원지(도),경부선,목표(결빙),37.4538,127.0488,35.0,1,13.35,12.2,14.6,0.0,60
13402,2024-11-03 05:00:00,원지(도),경부선,목표(결빙),37.4538,127.0488,35.0,1,13.283333333333333,11.6,15.1,0.0,60
13402,2024-11-03 06:00:00,원지(도),경부선,목표(결빙),37.4538,127.0488,35.0,1,12.736666666666668,11.5,14.1,0.0,60
13402,2024-11-03 07:00:00,원지(도),경부선,목표(결빙),37.4538,127.0488,35.0,1,12.870000000000001,12.2,13.6,0.0,60
13402,2024-11-03 08:00:00,원지(도),경부선,목표(결빙),37.4538,127.0488,35.0,1,13.491666666666667,12.3,15.4,0.0,60
13402,2024-11-03 09:00:00,원지(도),경부선,목표(결빙),37.4538,127.0488,35.0,1,16.711666666666666,15.1,18.2,0.0,60
13402,2024-11-03 10:00:00,원지(도),경부선,목표(결빙),37.4538,127.0488,35.0,1,19.834999999999997,18.3,21.6,0.0,60
13402,2024-11-03 11:00:00,원지(도),경부선,목표(결빙),37.4538,127.0488,35.0,1,23.136666666666667,21.0,24.8,0.0,60
13402,2024-11-03 12:00:00,원지(도),경부선,목표(결빙),37.4538,127.0488,35.0,1,26.35,24.4,27.7,0.0,60
13402,2024-11-03 13:00:00,원지(도),경부선,목표(결빙),37.4538,127.0488,35.0,1,28.063333333333333,26.3,29.3,0.0,60
13402,2024-11-03 14:00:00,원지(도),경부선,목표(결빙),37.4538,127.0488,35.0,1,27.948333333333334,25.1,29.4,0.0,60
13402,2024-11-03 15:00:00,원지(도),경부선,목표(결빙),37.4538,127.0488,35.0,1,24.133333333333333,23.3,25.8,0.0,60
13402,2024-11-03 16:00:00,원지(도),경부선,목표(결빙),37.4538,127.0488,35.0,1,24.195,22.8,25.0,0.0,60
13402,2024-11-03 17:00:00,원지(도),경부선,목표(결빙),37.4538,127.0488,35.0,1,22.06833333333333,21.1,23.1,0.0,60
13402,2024-11-03 18:00:00,원지(도),경부선,목표(결빙),37.4538,127.0488,35.0,1,22.06,21.4,22.8,0.0,60
13402,2024-11-03 19:00:00,원지(도),경부선,목표(결빙),37.4538,127.0488,35.0,1,21.261666666666667,20.1,21.9,0.0,60
13402,2024-11-03 20:00:00,원지(도),경부선,목표(결빙),37.4538,127.0488,35.0,1,20.43,18.8,22.0,0.0,60
13402,2024-11-03 21:00:00,원지(도),경부선,목표(결빙),37.4538,127.0488,35.0,1,20.688333333333333,19.5,21.7,0.0,60
13402,2024-11-03 22:00:00,원지(도),경부선,목표(결빙),37.4538,127.0488,35.0,1,19.888333333333332,18.7,20.6,0.0,60
13402,2024-11-03 23:00:00,원지(도),경부선,목표(결빙),37.4538,127.0488,35.0,1,18.466666666666665,17.7,19.2,0.0,60
13402,2024-11-04 00:00:00,원지(도),경부선,목표(결빙),37.4538,127.0488,35.0,1,18.345000000000002,16.6,19.3,0.0,60
13402,2024-11-04 01:00:00,원지(도),경부선,목표(결빙),37.4538,127.0488,35.0,1,17.845000000000002,17.1,18.3,0.0,60
13402,2024-11-04 02:00:00,원지(도),경부선,목표(결빙),37.4538,127.0488,35.0,1,17.808333333333334,16.7,18.4,0.0,60
13402,2024-11-04 03:00:00,원지(도),경부선,목표(결빙),37.4538,127.0488,35.0,2,17.413333333333334,16.1,18.4,0.0,60
13402,2024-11-04 04:00:00,원지(도),경부선,목표(결빙),37.4538,127.0488,35.0,2,17.045,16.1,17.9,0.0,60
13402,2024-11-04 05:00:00,원지(도),경부선,목표(결빙),37.4538,127.0488,35.0,2,16.45,15.8,17.3,0.0,60
13402,2024-11-04 06:00:00,원지(도),경부선,목표(결빙),37.4538,127.0488,35.0,2,15.873333333333333,15.0,16.7,0.0,60
13402,2024-11-04 07:00:00,원지(도),경부선,목표(결빙),37.4538,127.0488,35.0,2,16.185,14.9,17.1,0.0,60
13402,2024-11-04 08:00:00,원지(도),경부선,목표(결빙),37.4538,127.0488,35.0,14,16.941666666666666,16.1,18.3,0.0,60
13402,2024-11-04 09:00:00,원지(도),경부선,목표(결빙),37.4538,127.0488,35.0,1,19.418333333333333,17.3,21.0,0.0,60
13402,2024-11-04 10:00:00,원지(도),경부선,목표(결빙),37.4538,127.0488,35.0,1,19.456666666666667,18.4,20.6,0.0,60
13402,2024-11-04 11:00:00,원지(도),경부선,목표(결빙),37.4538,127.0488,35.0,1,21.355,19.2,23.8,0.0,60
13402,2024-11-04 12:00:00,원지(도),경부선,목표(결빙),37.4538,127.0488,35.0,1,23.626666666666665,22.6,24.4,0.0,60
13402,2024-11-04 13:00:00,원지(도),경부선,목표(결빙),37.4538,127.0488,35.0,1,24.683333333333334,22.9,27.0,0.0,60
13402,2024-11-04 14:00:00,원지(도),경부선,목표(결빙),37.4538,127.0488,35.0,1,23.861666666666668,21.5,25.0,0.0,60
13402,2024-11-04 15:00:00,원지(도),경부선,목표(결빙),37.4538,127.0488,35.0,1,20.37,19.4,21.4,0.0,60
13402,2024-11-04 16:00:00,원지(도),경부선,목표(결빙),37.4538,127.0488,35.0,1,18.701666666666664,17.8,20.2,0.0,60
13402,2024-11-04 17:00:00,원지(도),경부선,목표(결빙),37.4538,127.0488,35.0,1,18.163333333333334,17.5,18.9,0.0,60
13402,2024-11-04 18:00:00,원지(도),경부선,목표(결빙),37.4538,127.0488,35.0,1,17.365000000000002,16.7,17.9,0.0,60
13402,2024-11-04 19:00:00,원지(도),경부선,목표(결빙),37.4538,127.0488,35.0,1,16.155,15.5,16.9,0.0,60
13402,2024-11-04 20:00:00,원지(도),경부선,목표(결빙),37.4538,127.0488,35.0,1,15.115,14.5,15.8,0.0,60
13402,2024-11-04 21:00:00,원지(도),경부선,목표(결빙),37.4538,127.0488,35.0,1,13.823333333333332,13.0,14.6,0.0,60
13402,2024-11-04 22:00:00,원지(도),경부선,목표(결빙),37.4538,127.0488,35.0,1,12.7,12.2,13.2,0.0,60
13402,2024-11-04 23:00:00,원지(도),경부선,목표(결빙),37.4538,127.0488,35.0,1,12.228333333333333,11.7,13.0,0.0,60
13402,2024-11-05 00:00:00,원지(도),경부선,목표(결빙),37.4538,127.0488,35.0,1,11.389999999999999,10.8,12.3,0.0,60
13402,2024-11-05 01:00:00,원지(도),경부선,목표(결빙),37.4538,127.0488,35.0,1,11.08,10.7,11.4,0.0,60
13402,2024-11-05 02:00:00,원지(도),경부선,목표(결빙),37.4538,127.0488,35.0,1,10.381666666666666,9.7,11.0,0.0,60
13402,2024-11-05 03:00:00,원지(도),경부선,목표(결빙),37.4538,127.0488,35.0,1,9.676666666666668,9.3,10.2,0.0,60
13402,2024-11-05 04:00:00,원지(도),경부선,목표(결빙),37.4538,127.0488,35.0,1,9.264999999999999,8.4,9.9,0.0,60
13402,2024-11-05 05:00:00,원지(도),경부선,목표(결빙),37.4538,127.0488,35.0,1,8.791666666666666,8.5,9.2,0.0,60
13402,2024-11-05 06:00:00,원지(도),경부선,목표(결빙),37.4538,127.0488,35.0,1,8.753333333333334,8.4,9.3,0.0,60
13402,2024-11-05 07:00:00,원지(도),경부선,목표(결빙),37.4538,127.0488,35.0,1,8.69,8.5,8.9,0.0,60
13402,2024-11-05 08:00:00,원지(도),경부선,목표(결빙),37.4538,127.0488,35.0,1,8.421666666666667,8.1,8.7,0.0,60
13402,2024-11-05 09:00:00,원지(도),경부선,목표(결빙),37.4538,127.0488,35.0,1,10.743333333333334,8.5,12.6,0.0,60
13402,2024-11-05 10:00:00,원지(도),경부선,목표(결빙),37.4538,127.0488,35.0,1,14.296666666666665,12.7,16.4,0.0,60
13402,2024-11-05 11:00:00,원지(도),경부선,목표(결빙),37.4538,127.0488,35.0,1,18.136666666666667,16.4,19.5,0.0,60
13402,2024-11-05 12:00:00,원지(도),경부선,목표(결빙),37.4538,127.0488,35.0,1,20.083333333333332,19.0,21.1,0.0,60
13402,2024-11-05 13:00:00,원지(도),경부선,목표(결빙),37.4538,127.0488,35.0,1,21.73,21.1,22.4,0.0,60
13402,2024-11-05 14:00:00,원지(도),경부선,목표(결빙),37.4538,127.0488,35.0,1,20.715,19.0,22.5,0.0,60
13402,2024-11-05 15:00:00,원지(도),경부선,목표(결빙),37.4538,127.0488,35.0,1,17.426666666666666,16.6,19.3,0.0,60
13402,2024-11-05 16:00:00,원지(도),경부선,목표(결빙),37.4538,127.0488,35.0,1,16.913333333333334,16.0,17.5,0.0,60
13402,2024-11-05 17:00:00,원지(도),경부선,목표(결빙),37.4538,127.0488,35.0,1,15.346666666666666,14.9,15.9,0.0,60
13402,2024-11-05 18:00:00,원지(도),경부선,목표(결빙),37.4538,127.0488,35.0,1,15.118333333333334,14.1,15.7,0.0,60
13402,2024-11-05 19:00:00,원지(도),경부선,목표(결빙),37.4538,127.0488,35.0,1,13.491666666666667,12.7,14.1,0.0,60
13402,2024-11-05 20:00:00,원지(도),경부선,목표(결빙),37.4538,127.0488,35.0,1,12.345,11.9,12.8,0.0,60
13402,2024-11-05 21:00:00,원지(도),경부선,목표(결빙),37.4538,127.0488,35.0,1,11.401666666666667,10.8,12.0,0.0,60
13402,2024-11-05 22:00:00,원지(도),경부선,목표(결빙),37.4538,127.0488,35.0,1,10.193333333333333,9.2,10.9,0.0,60
13402,2024-11-05 23:00:00,원지(도),경부선,목표(결빙),37.4538,127.0488,35.0,1,9.046666666666665,8.6,9.5,0.0,60
13402,2024-11-06 00:00:00,원지(도),경부선,목표(결빙),37.4538,127.0488,35.0,1,8.615,8.1,9.2,0.0,60
13402,2024-11-06 01:00:00,원지(도),경부선,목표(결빙),37.4538,127.0488,35.0,1,8.061666666666666,7.5,8.6,0.0,60
13402,2024-11-06 02:00:00,원지(도),경부선,목표(결빙),37.4538,127.0488,35.0,1,7.503333333333333,6.5,8.4,0.0,60
13402,2024-11-06 03:00:00,원지(도),경부선,목표(결빙),37.4538,127.0488,35.0,1,6.403333333333333,5.7,6.9,0.0,60
13402,2024-11-06 04:00:00,원지(도),경부선,목표(결빙),37.4538,127.0488,35.0,1,5.745,5.2,6.4,0.0,60
13402,2024-11-06 05:00:00,원지(도),경부선,목표(결빙),37.4538,127.0488,35.0,1,5.205,4.5,5.8,0.0,60
13402,2024-11-06 06:00:00,원지(도),경부선,목표(결빙),37.4538,127.0488,35.0,1,4.8533333333333335,4.3,5.5,0.0,60
13402,2024-11-06 07:00:00,원지(도),경부선,목표(결빙),37.4538,127.0488,35.0,1,4.746666666666667,4.5,5.1,0.0,60
13402,2024-11-06 08:00:00,원지(도),경부선,목표(결빙),37.4538,127.0488,35.0,1,4.993333333333334,4.4,6.1,0.0,60
13402,2024-11-06 09:00:00,원지(도),경부선,목표(결빙),37.4538,127.0488,35.0,1,8.395,6.4,10.3,0.0,60
13402,2024-11-06 10:00:00,원지(도),경부선,목표(결빙),37.4538,127.0488,35.0,1,12.271666666666667,10.5,14.1,0.0,60
13402,2024-11-06 11:00:00,원지(도),경부선,목표(결빙),37.4538,127.0488,35.0,1,15.53,13.7,17.0,0.0,60
13402,2024-11-06 12:00:00,원지(도),경부선,목표(결빙),37.4538,127.0488,35.0,1,18.384999999999998,17.0,19.6,0.0,60
13402,2024-11-06 13:00:00,원지(도),경부선,목표(결빙),37.4538,127.0488,35.0,1,19.83,19.3,20.4,0.0,60
13402,2024-11-06 14:00:00,원지(도),경부선,목표(결빙),37.4538,127.0488,35.0,1,18.698333333333334,16.4,20.3,0.0,60
13402,2024-11-06 15:00:00,원지(도),경부선,목표(결빙),37.4538,127.0488,35.0,1,14.201666666666666,12.8,16.4,0.0,60
13402,2024-11-06 16:00:00,원지(도),경부선,목표(결빙),37.4538,127.0488,35.0,1,12.378333333333334,12.0,13.0,0.0,60
13402,2024-11-06 17:00:00,원지(도),경부선,목표(결빙),37.4538,127.0488,35.0,1,11.468333333333334,11.0,12.1,0.0,60
13402,2024-11-06 18:00:00,원지(도),경부선,목표(결빙),37.4538,127.0488,35.0,1,10.110000000000001,9.5,11.1,0.0,60
13402,2024-11-06 19:00:00,원지(도),경부선,목표(결빙),37.4538,127.0488,35.0,1,10.003333333333334,9.3,10.5,0.0,60
13402,2024-11-06 20:00:00,원지(도),경부선,목표(결빙),37.4538,127.0488,35.0,1,9.225,8.2,10.4,0.0,60
13402,2024-11-06 21:00:00,원지(도),경부선,목표(결빙),37.4538,127.0488,35.0,1,7.946666666666667,7.6,8.4,0.0,60
13402,2024-11-06 22:00:00,원지(도),경부선,목표(결빙),37.4538,127.0488,35.0,1,7.28,6.7,7.7,0.0,60
13402,2024-11-06 23:00:00,원지(도),경부선,목표(결빙),37.4538,127.0488,35.0,1,6.428333333333333,5.6,6.9,0.0,60
13402,2024-11-07 00:00:00,원지(도),경부선,목표(결빙),37.4538,127.0488,35.0,1,5.755,5.1,6.4,0.0,60
13402,2024-11-07 01:00:00,원지(도),경부선,목표(결빙),37.4538,127.0488,35.0,1,4.85,4.2,5.8,0.0,60
13402,2024-11-07 02:00:00,원지(도),경부선,목표(결빙),37.4538,127.0488,35.0,1,4.113333333333333,3.5,4.5,0.0,60
13402,2024-11-07 03:00:00,원지(도),경부선,목표(결빙),37.4538,127.0488,35.0,1,3.485,3.0,3.9,0.0,60
13402,2024-11-07 04:00:00,원지(도),경부선,목표(결빙),37.4538,127.0488,35.0,1,3.1166666666666667,2.7,3.6,0.0,60
13402,2024-11-07 05:00:00,원지(도),경부선,목표(결빙),37.4538,127.0488,35.0,1,2.728333333333333,2.4,3.2,0.0,60
13402,2024-11-07 06:00:00,원지(도),경부선,목표(결빙),37.4538,127.0488,35.0,1,2.5166666666666666,2.2,2.8,0.0,60
13402,2024-11-07 07:00:00,원지(도),경부선,목표(결빙),37.4538,127.0488,35.0,1,2.4516666666666667,2.1,2.8,0.0,60
13402,2024-11-07 08:00:00,원지(도),경부선,목표(결빙),37.4538,127.0488,35.0,1,2.915,2.4,4.5,0.0,60
13402,2024-11-07 09:00:00,원지(도),경부선,목표(결빙),37.4538,127.0488,35.0,1,6.073333333333333,4.4,8.2,0.0,60
13402,2024-11-07 10:00:00,원지(도),경부선,목표(결빙),37.4538,127.0488,35.0,1,10.078333333333335,8.1,12.2,0.0,60
13402,2024-11-07 11:00:00,원지(도),경부선,목표(결빙),37.4538,127.0488,35.0,1,14.286666666666667,12.1,16.0,0.0,60
13402,2024-11-07 12:00:00,원지(도),경부선,목표(결빙),37.4538,127.0488,35.0,1,17.473333333333336,16.0,18.9,0.0,60
13402,2024-11-07 13:00:00,원지(도),경부선,목표(결빙),37.4538,127.0488,35.0,1,19.37,18.7,20.0,0.0,60
13402,2024-11-07 14:00:00,원지(도),경부선,목표(결빙),37.4538,127.0488,35.0,1,18.785,16.6,19.8,0.0,60
13402,2024-11-07 15:00:00,원지(도),경부선,목표(결빙),37.4538,127.0488,35.0,1,14.886666666666667,13.6,16.5,0.0,60
13402,2024-11-07 16:00:00,원지(도),경부선,목표(결빙),37.4538,127.0488,35.0,1,13.546666666666665,13.1,14.1,0.0,60
13402,2024-11-07 17:00:00,원지(도),경부선,목표(결빙),37.4538,127.0488,35.0,1,11.718333333333334,10.9,13.1,0.0,60
13402,2024-11-07 18:00:00,원지(도),경부선,목표(결빙),37.4538,127.0488,35.0,1,11.153333333333334,10.1,11.8,0.0,60
13402,2024-11-07 19:00:00,원지(도),경부선,목표(결빙),37.4538,127.0488,35.0,1,9.879999999999999,8.9,10.6,0.0,60
13402,2024-11-07 20:00:00,원지(도),경부선,목표(결빙),37.4538,127.0488,35.0,1,8.770000000000001,8.1,9.5,0.0,60
13402,2024-11-07 21:00:00,원지(도),경부선,목표(결빙),37.4538,127.0488,35.0,1,7.761666666666667,6.8,8.4,0.0,60
13402,2024-11-07 22:00:00,원지(도),경부선,목표(결빙),37.4538,127.0488,35.0,1,6.9366666666666665,6.5,7.7,0.0,60
13402,2024-11-07 23:00:00,원지(도),경부선,목표(결빙),37.4538,127.0488,35.0,1,6.3533333333333335,5.8,6.8,0.0,60
13402,2024-11-08 00:00:00,원지(도),경부선,목표(결빙),37.4538,127.0488,35.0,1,5.616666666666666,5.1,6.1,0.0,60
13402,2024-11-08 01:00:00,원지(도),경부선,목표(결빙),37.4538,127.0488,35.0,1,4.883333333333334,4.1,5.5,0.0,60
13402,2024-11-08 02:00:00,원지(도),경부선,목표(결빙),37.4538,127.0488,35.0,1,4.421666666666667,3.7,5.1,0.0,60
13402,2024-11-08 03:00:00,원지(도),경부선,목표(결빙),37.4538,127.0488,35.0,1,4.11,3.5,4.9,0.0,60
13402,2024-11-08 04:00:00,원지(도),경부선,목표(결빙),37.4538,127.0488,35.0,1,3.7616666666666663,3.2,4.4,0.0,60
13402,2024-11-08 05:00:00,원지(도),경부선,목표(결빙),37.4538,127.0488,35.0,1,3.6633333333333336,2.9,4.1,0.0,60
13402,2024-11-08 06:00:00,원지(도),경부선,목표(결빙),37.4538,127.0488,35.0,1,3.485,2.7,3.9,0.0,60
13402,2024-11-08 07:00:00,원지(도),경부선,목표(결빙),37.4538,127.0488,35.0,1,3.8916666666666666,3.6,4.3,0.0,60
13402,2024-11-08 08:00:00,원지(도),경부선,목표(결빙),37.4538,127.0488,35.0,1,4.238333333333333,3.7,5.5,0.0,60
13402,2024-11-08 09:00:00,원지(도),경부선,목표(결빙),37.4538,127.0488,35.0,1,7.558333333333334,5.4,9.2,0.0,60
13402,2024-11-08 10:00:00,원지(도),경부선,목표(결빙),37.4538,127.0488,35.0,1,11.308333333333334,9.3,13.5,0.0,60
13402,2024-11-08 11:00:00,원지(도),경부선,목표(결빙),37.4538,127.0488,35.0,1,15.264999999999999,13.4,17.2,0.0,60
13402,2024-11-08 12:00:00,원지(도),경부선,목표(결빙),37.4538,127.0488,35.0,1,18.59333333333333,17.2,20.0,0.0,60
13402,2024-11-08 13:00:00,원지(도),경부선,목표(결빙),37.4538,127.0488,35.0,1,20.8,19.8,21.6,0.0,60
13402,2024-11-08 14:00:00,원지(도),경부선,목표(결빙),37.4538,127.0488,35.0,1,20.025,17.6,21.5,0.0,60
13402,2024-11-08 15:00:00,원지(도),경부선,목표(결빙),37.4538,127.0488,35.0,1,16.375,15.4,17.5,0.0,60
13402,2024-11-08 16:00:00,원지(도),경부선,목표(결빙),37.4538,127.0488,35.0,1,15.261666666666667,14.8,15.8,0.0,60
13402,2024-11-08 17:00:00,원지(도),경부선,목표(결빙),37.4538,127.0488,35.0,1,13.491666666666667,12.7,15.3,0.0,60
13402,2024-11-08 18:00:00,원지(도),경부선,목표(결빙),37.4538,127.0488,35.0,1,13.508333333333333,12.8,14.0,0.0,60
13402,2024-11-08 19:00:00,원지(도),경부선,목표(결빙),37.4538,127.0488,35.0,1,12.638333333333332,11.5,13.8,0.0,60
13402,2024-11-08 20:00:00,원지(도),경부선,목표(결빙),37.4538,127.0488,35.0,1,11.326666666666666,10.0,12.1,0.0,60
13402,2024-11-08 21:00:00,원지(도),경부선,목표(결빙),37.4538,127.0488,35.0,1,10.57,10.0,11.3,0.0,60
13402,2024-11-08 22:00:00,원지(도),경부선,목표(결빙),37.4538,127.0488,35.0,1,10.086666666666668,9.4,10.7,0.0,60
13402,2024-11-08 23:00:00,원지(도),경부선,목표(결빙),37.4538,127.0488,35.0,1,9.49,8.8,10.0,0.0,60
13402,2024-11-09 00:00:00,원지(도),경부선,목표(결빙),37.4538,127.0488,35.0,1,9.110000000000001,8.1,10.0,0.0,60
13402,2024-11-09 01:00:00,원지(도),경부선,목표(결빙),37.4538,127.0488,35.0,1,8.43,7.9,9.2,0.0,60
13402,2024-11-09 02:00:00,원지(도),경부선,목표(결빙),37.4538,127.0488,35.0,1,8.258333333333333,7.3,9.0,0.0,60
13402,2024-11-09 03:00:00,원지(도),경부선,목표(결빙),37.4538,127.0488,35.0,1,7.665,6.7,8.5,0.0,60
13402,2024-11-09 04:00:00,원지(도),경부선,목표(결빙),37.4538,127.0488,35.0,1,7.348333333333333,6.7,8.1,0.0,60
13402,2024-11-09 05:00:00,원지(도),경부선,목표(결빙),37.4538,127.0488,35.0,1,7.385000000000001,6.3,8.1,0.0,60
13402,2024-11-09 06:00:00,원지(도),경부선,목표(결빙),37.4538,127.0488,35.0,1,7.333333333333333,6.9,7.7,0.0,60
13402,2024-11-09 07:00:00,원지(도),경부선,목표(결빙),37.4538,127.0488,35.0,1,7.34,6.6,8.1,0.0,60
13402,2024-11-09 08:00:00,원지(도),경부선,목표(결빙),37.4538,127.0488,35.0,1,7.608333333333333,6.8,9.0,0.0,60
13402,2024-11-09 09:00:00,원지(도),경부선,목표(결빙),37.4538,127.0488,35.0,1,10.651666666666667,8.8,12.4,0.0,60
13402,2024-11-09 10:00:00,원지(도),경부선,목표(결빙),37.4538,127.0488,35.0,1,14.048333333333334,12.4,16.0,0.0,60
13402,2024-11-09 11:00:00,원지(도),경부선,목표(결빙),37.4538,127.0488,35.0,1,17.896666666666665,16.0,19.5,0.0,60
13402,2024-11-09 12:00:00,원지(도),경부선,목표(결빙),37.4538,127.0488,35.0,1,20.959999999999997,19.3,22.7,0.0,60
13402,2024-11-09 13:00:00,원지(도),경부선,목표(결빙),37.4538,127.0488,35.0,1,22.686666666666667,21.5,23.7,0.0,60
13402,2024-11-09 14:00:00,원지(도),경부선,목표(결빙),37.4538,127.0488,35.0,1,21.743333333333332,19.2,23.4,0.0,60
13402,2024-11-09 15:00:00,원지(도),경부선,목표(결빙),37.4538,127.0488,35.0,1,18.275,16.7,19.9,0.0,60
13402,2024-11-09 16:00:00,원지(도),경부선,목표(결빙),37.4538,127.0488,35.0,1,17.236666666666668,16.8,17.7,0.0,60
13402,2024-11-09 17:00:00,원지(도),경부선,목표(결빙),37.4538,127.0488,35.0,1,16.216666666666665,15.7,16.6,0.0,60
13402,2024-11-09 18:00:00,원지(도),경부선,목표(결빙),37.4538,127.0488,35.0,1,15.958333333333334,14.9,16.6,0.0,60
13402,2024-11-09 19:00:00,원지(도),경부선,목표(결빙),37.4538,127.0488,35.0,1,14.49,13.3,15.4,0.0,60
13402,2024-11-09 20:00:00,원지(도),경부선,목표(결빙),37.4538,127.0488,35.0,1,13.604999999999999,12.6,14.7,0.0,60
13402,2024-11-09 21:00:00,원지(도),경부선,목표(결빙),37.4538,127.0488,35.0,1,12.663333333333332,11.9,13.6,0.0,60
13402,2024-11-09 22:00:00,원지(도),경부선,목표(결빙),37.4538,127.0488,35.0,1,11.976666666666667,11.2,12.7,0.0,60
13402,2024-11-09 23:00:00,원지(도),경부선,목표(결빙),37.4538,127.0488,35.0,1,11.536666666666667,10.9,12.4,0.0,60
13402,2024-11-10 00:00:00,원지(도),경부선,목표(결빙),37.4538,127.0488,35.0,1,10.764999999999999,10.0,11.5,0.0,60
13402,2024-11-10 01:00:00,원지(도),경부선,목표(결빙),37.4538,127.0488,35.0,1,10.381666666666666,9.7,11.0,0.0,60
13402,2024-11-10 02:00:00,원지(도),경부선,목표(결빙),37.4538,127.0488,35.0,1,10.2,9.2,11.3,0.0,60
13402,2024-11-10 03:00:00,원지(도),경부선,목표(결빙),37.4538,127.0488,35.0,1,10.208333333333334,9.1,11.6,0.0,60
13402,2024-11-10 04:00:00,원지(도),경부선,목표(결빙),37.4538,127.0488,35.0,1,10.048333333333334,9.1,11.2,0.0,60
13402,2024-11-10 05:00:00,원지(도),경부선,목표(결빙),37.4538,127.0488,35.0,1,10.24,9.3,11.1,0.0,60
13402,2024-11-10 06:00:00,원지(도),경부선,목표(결빙),37.4538,127.0488,35.0,1,10.381666666666666,9.1,11.5,0.0,60
13402,2024-11-10 07:00:00,원지(도),경부선,목표(결빙),37.4538,127.0488,35.0,1,10.723333333333333,10.0,11.6,0.0,60
13402,2024-11-10 08:00:00,원지(도),경부선,목표(결빙),37.4538,127.0488,35.0,1,10.781666666666666,10.3,11.2,0.0,60
13402,2024-11-10 09:00:00,원지(도),경부선,목표(결빙),37.4538,127.0488,35.0,1,12.281666666666666,11.5,13.2,0.0,60
13402,2024-11-10 10:00:00,원지(도),경부선,목표(결빙),37.4538,127.0488,35.0,1,13.616666666666667,12.9,14.8,0.0,60
13402,2024-11-10 11:00:00,원지(도),경부선,목표(결빙),37.4538,127.0488,35.0,1,16.643333333333334,14.8,18.5,0.0,60
13402,2024-11-10 12:00:00,원지(도),경부선,목표(결빙),37.4538,127.0488,35.0,1,21.271666666666665,18.5,22.9,0.0,60
13402,2024-11-10 13:00:00,원지(도),경부선,목표(결빙),37.4538,127.0488,35.0,1,23.603333333333335,22.8,24.7,0.0,60
13402,2024-11-10 14:00:00,원지(도),경부선,목표(결빙),37.4538,127.0488,35.0,1,22.21833333333333,19.9,24.6,0.0,60
13402,2024-11-10 15:00:00,원지(도),경부선,목표(결빙),37.4538,127.0488,35.0,1,18.71333333333333,17.8,20.0,0.0,60
13402,2024-11-10 16:00:00,원지(도),경부선,목표(결빙),37.4538,127.0488,35.0,1,17.653333333333332,16.8,18.8,0.0,60
13402,2024-11-10 17:00:00,원지(도),경부선,목표(결빙),37.4538,127.0488,35.0,1,15.620000000000001,14.4,17.6,0.0,60
13402,2024-11-10 18:00:00,원지(도),경부선,목표(결빙),37.4538,127.0488,35.0,1,16.05,15.3,16.9,0.0,60
13402,2024-11-10 19:00:00,원지(도),경부선,목표(결빙),37.4538,127.0488,35.0,1,15.56,14.6,16.6,0.0,60
13402,2024-11-10 20:00:00,원지(도),경부선,목표(결빙),37.4538,127.0488,35.0,1,14.604999999999999,13.8,15.6,0.0,60
13402,2024-11-10 21:00:00,원지(도),경부선,목표(결빙),37.4538,127.0488,35.0,1,14.35,13.0,16.0,0.0,60
13402,2024-11-10 22:00:00,원지(도),경부선,목표(결빙),37.4538,127.0488,35.0,1,13.813333333333333,12.8,15.1,0.0,60
13402,2024-11-10 23:00:00,원지(도),경부선,목표(결빙),37.4538,127.0488,35.0,1,12.748333333333333,11.3,13.6,0.0,60
13402,2024-11-11 00:00:00,원지(도),경부선,목표(결빙),37.4538,127.0488,35.0,1,11.841666666666667,11.1,13.4,0.0,60
13402,2024-11-11 01:00:00,원지(도),경부선,목표(결빙),37.4538,127.0488,35.0,1,11.095,10.1,11.9,0.0,60
13402,2024-11-11 02:00:00,원지(도),경부선,목표(결빙),37.4538,127.0488,35.0,1,10.696666666666665,9.7,12.3,0.0,60
13402,2024-11-11 03:00:00,원지(도),경부선,목표(결빙),37.4538,127.0488,35.0,1,10.231666666666666,9.5,11.3,0.0,60
13402,2024-11-11 04:00:00,원지(도),경부선,목표(결빙),37.4538,127.0488,35.0,1,9.895000000000001,8.8,11.0,0.0,60
13402,2024-11-11 05:00:00,원지(도),경부선,목표(결빙),37.4538,127.0488,35.0,1,9.775,9.1,10.6,0.0,60
13402,2024-11-11 06:00:00,원지(도),경부선,목표(결빙),37.4538,127.0488,35.0,1,9.923333333333334,9.1,10.9,0.0,60
13402,2024-11-11 07:00:00,원지(도),경부선,목표(결빙),37.4538,127.0488,35.0,1,10.118333333333334,9.7,10.8,0.0,60
13402,2024-11-11 08:00:00,원지(도),경부선,목표(결빙),37.4538,127.0488,35.0,1,10.248333333333333,9.5,11.7,0.0,60
13402,2024-11-11 09:00:00,원지(도),경부선,목표(결빙),37.4538,127.0488,35.0,1,12.79,11.2,14.4,0.0,60
13402,2024-11-11 10:00:00,원지(도),경부선,목표(결빙),37.4538,127.0488,35.0,1,16.336666666666666,14.1,17.8,0.0,60
13402,2024-11-11 11:00:00,원지(도),경부선,목표(결빙),37.4538,127.0488,35.0,1,19.413333333333334,17.6,21.0,0.0,60
13402,2024-11-11 12:00:00,원지(도),경부선,목표(결빙),37.4538,127.0488,35.0,1,22.138333333333332,20.5,23.5,0.0,60
13402,2024-11-11 13:00:00,원지(도),경부선,목표(결빙),37.4538,127.0488,35.0,1,24.055,23.2,24.8,0.0,60
13402,2024-11-11 14:00:00,원지(도),경부선,목표(결빙),37.4538,127.0488,35.0,1,23.05666666666667,20.4,24.6,0.0,60
13402,2024-11-11 15:00:00,원지(도),경부선,목표(결빙),37.4538,127.0488,35.0,1,19.323333333333334,18.3,20.8,0.0,60
13402,2024-11-11 16:00:00,원지(도),경부선,목표(결빙),37.4538,127.0488,35.0,1,18.328333333333333,17.6,19.0,0.0,60
13402,2024-11-11 17:00:00,원지(도),경부선,목표(결빙),37.4538,127.0488,35.0,1,16.583333333333332,16.0,17.9,0.0,60
13402,2024-11-11 18:00:00,원지(도),경부선,목표(결빙),37.4538,127.0488,35.0,1,17.455,15.6,19.2,0.0,60
13402,2024-11-11 19:00:00,원지(도),경부선,목표(결빙),37.4538,127.0488,35.0,1,16.336666666666666,15.0,18.8,0.0,60
13402,2024-11-11 20:00:00,원지(도),경부선,목표(결빙),37.4538,127.0488,35.0,1,15.223333333333333,14.2,16.1,0.0,60
13402,2024-11-11 21:00:00,원지(도),경부선,목표(결빙),37.4538,127.0488,35.0,1,14.386666666666667,13.4,15.2,0.0,60
13402,2024-11-11 22:00:00,원지(도),경부선,목표(결빙),37.4538,127.0488,35.0,1,13.655,12.9,14.6,0.0,60
13402,2024-11-11 23:00:00,원지(도),경부선,목표(결빙),37.4538,127.0488,35.0,1,13.076666666666666,12.6,13.6,0.0,60
13402,2024-11-12 00:00:00,원지(도),경부선,목표(결빙),37.4538,127.0488,35.0,1,12.798333333333334,12.1,14.5,0.0,60
13402,2024-11-12 01:00:00,원지(도),경부선,목표(결빙),37.4538,127.0488,35.0,1,12.971666666666666,12.5,13.4,0.0,60
13402,2024-11-12 02:00:00,원지(도),경부선,목표(결빙),37.4538,127.0488,35.0,1,13.0,12.3,13.7,0.0,60
13402,2024-11-12 03:00:00,원지(도),경부선,목표(결빙),37.4538,127.0488,35.0,1,12.74,12.2,13.5,0.0,60
13402,2024-11-12 04:00:00,원지(도),경부선,목표(결빙),37.4538,127.0488,35.0,1,12.856666666666666,12.2,13.8,0.0,60
13402,2024-11-12 05:00:00,원지(도),경부선,목표(결빙),37.4538,127.0488,35.0,1,13.535,12.5,14.6,0.0,60
13402,2024-11-12 06:00:00,원지(도),경부선,목표(결빙),37.4538,127.0488,35.0,1,14.285,13.1,15.3,0.0,60
13402,2024-11-12 07:00:00,원지(도),경부선,목표(결빙),37.4538,127.0488,35.0,1,13.508333333333333,12.2,14.8,0.0,60
13402,2024-11-12 08:00:00,원지(도),경부선,목표(결빙),37.4538,127.0488,35.0,1,12.478333333333333,11.5,13.7,0.0,60
13402,2024-11-12 09:00:00,원지(도),경부선,목표(결빙),37.4538,127.0488,35.0,1,14.743333333333334,13.0,16.3,0.0,60
13402,2024-11-12 10:00:00,원지(도),경부선,목표(결빙),37.4538,127.0488,35.0,1,17.341666666666665,16.0,18.9,0.0,60
13402,2024-11-12 11:00:00,원지(도),경부선,목표(결빙),37.4538,127.0488,35.0,1,19.951666666666664,18.4,21.4,0.0,60
13402,2024-11-12 12:00:00,원지(도),경부선,목표(결빙),37.4538,127.0488,35.0,1,22.56833333333333,21.1,23.7,0.0,60
13402,2024-11-12 13:00:00,원지(도),경부선,목표(결빙),37.4538,127.0488,35.0,1,24.201666666666664,23.5,24.9,0.0,60
13402,2024-11-12 14:00:00,원지(도),경부선,목표(결빙),37.4538,127.0488,35.0,1,22.378333333333334,19.4,24.4,0.0,60
13402,2024-11-12 15:00:00,원지(도),경부선,목표(결빙),37.4538,127.0488,35.0,1,18.58833333333333,17.7,19.8,0.0,60
13402,2024-11-12 16:00:00,원지(도),경부선,목표(결빙),37.4538,127.0488,35.0,1,17.503333333333334,17.2,17.9,0.0,60
13402,2024-11-12 17:00:00,원지(도),경부선,목표(결빙),37.4538,127.0488,35.0,1,17.005,15.9,17.7,0.0,60
13402,2024-11-12 18:00:00,원지(도),경부선,목표(결빙),37.4538,127.0488,35.0,1,17.02,16.0,18.1,0.0,60
13402,2024-11-12 19:00:00,원지(도),경부선,목표(결빙),37.4538,127.0488,35.0,1,16.08833333333333,14.8,17.9,0.0,60
13402,2024-11-12 20:00:00,원지(도),경부선,목표(결빙),37.4538,127.0488,35.0,1,14.666666666666666,12.8,15.8,0.0,60
13402,2024-11-12 21:00:00,원지(도),경부선,목표(결빙),37.4538,127.0488,35.0,1,13.645000000000001,11.8,15.4,0.0,60
13402,2024-11-12 22:00:00,원지(도),경부선,목표(결빙),37.4538,127.0488,35.0,1,12.933333333333334,11.9,14.2,0.0,60
13402,2024-11-12 23:00:00,원지(도),경부선,목표(결빙),37.4538,127.0488,35.0,1,12.051666666666668,10.9,13.5,0.0,60
13402,2024-11-13 00:00:00,원지(도),경부선,목표(결빙),37.4538,127.0488,35.0,1,11.24,10.3,12.1,0.0,60
13402,2024-11-13 01:00:00,원지(도),경부선,목표(결빙),37.4538,127.0488,35.0,1,10.366666666666667,9.4,11.2,0.0,60
13402,2024-11-13 02:00:00,원지(도),경부선,목표(결빙),37.4538,127.0488,35.0,1,9.82,9.0,10.5,0.0,60
13402,2024-11-13 03:00:00,원지(도),경부선,목표(결빙),37.4538,127.0488,35.0,1,9.526666666666667,8.6,10.7,0.0,60
13402,2024-11-13 04:00:00,원지(도),경부선,목표(결빙),37.4538,127.0488,35.0,1,9.08,8.3,9.6,0.0,60
13402,2024-11-13 05:00:00,원지(도),경부선,목표(결빙),37.4538,127.0488,35.0,1,8.764999999999999,8.1,9.6,0.0,60
13402,2024-11-13 06:00:00,원지(도),경부선,목표(결빙),37.4538,127.0488,35.0,1,8.826666666666666,8.5,9.4,0.0,60
13402,2024-11-13 07:00:00,원지(도),경부선,목표(결빙),37.4538,127.0488,35.0,1,8.91,8.5,9.3,0.0,60
13402,2024-11-13 08:00:00,원지(도),경부선,목표(결빙),37.4538,127.0488,35.0,1,9.055,8.5,9.7,0.0,60
13402,2024-11-13 09:00:00,원지(도),경부선,목표(결빙),37.4538,127.0488,35.0,1,11.815,9.6,13.6,0.0,60
13402,2024-11-13 10:00:00,원지(도),경부선,목표(결빙),37.4538,127.0488,35.0,1,15.520000000000001,13.5,17.4,0.0,60
13402,2024-11-13 11:00:00,원지(도),경부선,목표(결빙),37.4538,127.0488,35.0,1,19.591666666666665,17.7,21.7,0.0,60
13402,2024-11-13 12:00:00,원지(도),경부선,목표(결빙),37.4538,127.0488,35.0,1,22.485,21.3,23.9,0.0,60
13402,2024-11-13 13:00:00,원지(도),경부선,목표(결빙),37.4538,127.0488,35.0,1,24.323333333333334,23.4,25.1,0.0,60
13402,2024-11-13 14:00:00,원지(도),경부선,목표(결빙),37.4538,127.0488,35.0,1,22.603333333333335,20.5,24.8,0.0,60
13402,2024-11-13 15:00:00,원지(도),경부선,목표(결빙),37.4538,127.0488,35.0,1,19.623333333333335,18.6,21.0,0.0,60
13402,2024-11-13 16:00:00,원지(도),경부선,목표(결빙),37.4538,127.0488,35.0,1,18.976666666666667,18.6,19.6,0.0,60
13402,2024-11-13 17:00:00,원지(도),경부선,목표(결빙),37.4538,127.0488,35.0,1,18.163333333333334,17.2,19.3,0.0,60
13402,2024-11-13 18:00:00,원지(도),경부선,목표(결빙),37.4538,127.0488,35.0,1,17.506666666666668,16.5,18.5,0.0,60
13402,2024-11-13 19:00:00,원지(도),경부선,목표(결빙),37.4538,127.0488,35.0,1,16.21333333333333,15.6,17.0,0.0,60
13402,2024-11-13 20:00:00,원지(도),경부선,목표(결빙),37.4538,127.0488,35.0,1,15.698333333333332,15.1,16.5,0.0,60
13402,2024-11-13 21:00:00,원지(도),경부선,목표(결빙),37.4538,127.0488,35.0,1,14.726666666666667,13.6,15.8,0.0,60
13402,2024-11-13 22:00:00,원지(도),경부선,목표(결빙),37.4538,127.0488,35.0,1,14.2,13.4,15.3,0.0,60
13402,2024-11-13 23:00:00,원지(도),경부선,목표(결빙),37.4538,127.0488,35.0,1,13.906666666666666,13.2,14.7,0.0,60
13402,2024-11-14 00:00:00,원지(도),경부선,목표(결빙),37.4538,127.0488,35.0,1,13.578333333333335,12.8,14.1,0.0,60
13402,2024-11-14 01:00:00,원지(도),경부선,목표(결빙),37.4538,127.0488,35.0,1,13.698333333333332,12.7,14.9,0.0,60
13402,2024-11-14 02:00:00,원지(도),경부선,목표(결빙),37.4538,127.0488,35.0,1,13.678333333333335,13.0,14.7,0.0,60
13402,2024-11-14 03:00:00,원지(도),경부선,목표(결빙),37.4538,127.0488,35.0,1,14.358333333333333,12.6,16.0,0.0,60
13402,2024-11-14 04:00:00,원지(도),경부선,목표(결빙),37.4538,127.0488,35.0,1,13.868333333333334,12.5,14.7,0.0,60
13402,2024-11-14 05:00:00,원지(도),경부선,목표(결빙),37.4538,127.0488,35.0,1,14.158333333333333,12.8,16.0,0.0,60
13402,2024-11-14 06:00:00,원지(도),경부선,목표(결빙),37.4538,127.0488,35.0,1,15.578333333333335,13.9,16.5,0.0,60
13402,2024-11-14 07:00:00,원지(도),경부선,목표(결빙),37.4538,127.0488,35.0,1,15.728333333333333,14.3,16.3,0.0,60
13402,2024-11-14 08:00:00,원지(도),경부선,목표(결빙),37.4538,127.0488,35.0,1,15.753333333333334,15.1,16.2,0.0,60
13402,2024-11-14 09:00:00,원지(도),경부선,목표(결빙),37.4538,127.0488,35.0,1,16.505,15.8,17.7,0.0,60
13402,2024-11-14 10:00:00,원지(도),경부선,목표(결빙),37.4538,127.0488,35.0,1,17.445,17.0,17.9,0.0,60
13402,2024-11-14 11:00:00,원지(도),경부선,목표(결빙),37.4538,127.0488,35.0,1,15.403333333333334,14.7,17.1,0.0,60
13402,2024-11-14 12:00:00,원지(도),경부선,목표(결빙),37.4538,127.0488,35.0,1,16.335,14.8,17.8,0.0,60
13402,2024-11-14 13:00:00,원지(도),경부선,목표(결빙),37.4538,127.0488,35.0,1,18.561666666666667,17.5,19.4,0.0,60
13402,2024-11-14 14:00:00,원지(도),경부선,목표(결빙),37.4538,127.0488,35.0,1,18.618333333333332,18.2,19.0,0.0,60
13402,2024-11-14 15:00:00,원지(도),경부선,목표(결빙),37.4538,127.0488,35.0,1,18.851666666666667,18.5,19.4,0.0,60
13402,2024-11-14 16:00:00,원지(도),경부선,목표(결빙),37.4538,127.0488,35.0,1,18.461666666666666,17.8,19.2,0.0,60
13402,2024-11-14 17:00:00,원지(도),경부선,목표(결빙),37.4538,127.0488,35.0,1,18.06,17.5,18.5,0.0,60
13402,2024-11-14 18:00:00,원지(도),경부선,목표(결빙),37.4538,127.0488,35.0,1,17.265,16.7,18.3,0.0,60
13402,2024-11-14 19:00:00,원지(도),경부선,목표(결빙),37.4538,127.0488,35.0,1,16.595000000000002,15.7,17.0,0.0,60
13402,2024-11-14 20:00:00,원지(도),경부선,목표(결빙),37.4538,127.0488,35.0,1,16.048333333333332,15.3,16.7,0.0,60
13402,2024-11-14 21:00:00,원지(도),경부선,목표(결빙),37.4538,127.0488,35.0,1,15.926666666666668,15.3,16.6,0.0,60
13402,2024-11-14 22:00:00,원지(도),경부선,목표(결빙),37.4538,127.0488,35.0,1,15.879999999999999,15.4,16.7,0.0,60
13402,2024-11-14 23:00:00,원지(도),경부선,목표(결빙),37.4538,127.0488,35.0,1,15.583333333333334,15.0,16.2,0.0,60
13402,2024-11-15 00:00:00,원지(도),경부선,목표(결빙),37.4538,127.0488,35.0,1,15.126666666666667,14.3,16.7,0.0,60
13402,2024-11-15 01:00:00,원지(도),경부선,목표(결빙),37.4538,127.0488,35.0,1,14.636666666666667,14.1,15.4,0.0,60
13402,2024-11-15 02:00:00,원지(도),경부선,목표(결빙),37.4538,127.0488,35.0,1,14.738333333333333,14.2,15.3,0.0,60
13402,2024-11-15 03:00:00,원지(도),경부선,목표(결빙),37.4538,127.0488,35.0,1,14.075,12.9,15.3,0.0,60
13402,2024-11-15 04:00:00,원지(도),경부선,목표(결빙),37.4538,127.0488,35.0,1,14.238333333333333,13.5,14.9,0.0,60
13402,2024-11-15 05:00:00,원지(도),경부선,목표(결빙),37.4538,127.0488,35.0,1,14.381666666666666,13.9,14.9,0.0,60
13402,2024-11-15 06:00:00,원지(도),경부선,목표(결빙),37.4538,127.0488,35.0,1,14.598333333333333,13.8,15.3,0.0,60
13402,2024-11-15 07:00:00,원지(도),경부선,목표(결빙),37.4538,127.0488,35.0,1,14.285,13.8,15.0,0.0,60
13402,2024-11-15 08:00:00,원지(도),경부선,목표(결빙),37.4538,127.0488,35.0,2,14.038333333333332,13.7,14.6,0.0,60
13402,2024-11-15 09:00:00,원지(도),경부선,목표(결빙),37.4538,127.0488,35.0,1,14.693333333333333,14.0,15.3,0.0,60
13402,2024-11-15 10:00:00,원지(도),경부선,목표(결빙),37.4538,127.0488,35.0,1,15.843333333333334,15.1,17.1,0.0,60
13402,2024-11-15 11:00:00,원지(도),경부선,목표(결빙),37.4538,127.0488,35.0,1,17.525,15.5,20.9,0.0,60
13402,2024-11-15 12:00:00,원지(도),경부선,목표(결빙),37.4538,127.0488,35.0,1,21.096666666666668,19.5,22.7,0.0,60
13402,2024-11-15 13:00:00,원지(도),경부선,목표(결빙),37.4538,127.0488,35.0,1,23.991666666666667,20.0,25.3,0.0,60
13402,2024-11-15 14:00:00,원지(도),경부선,목표(결빙),37.4538,127.0488,35.0,1,22.154999999999998,18.9,24.6,0.0,60
13402,2024-11-15 15:00:00,원지(도),경부선,목표(결빙),37.4538,127.0488,35.0,1,18.83,17.9,19.9,0.0,60
13402,2024-11-15 16:00:00,원지(도),경부선,목표(결빙),37.4538,127.0488,35.0,1,18.055,17.4,18.5,0.0,60
13402,2024-11-15 17:00:00,원지(도),경부선,목표(결빙),37.4538,127.0488,35.0,1,18.146666666666665,17.4,18.9,0.0,60
13402,2024-11-15 18:00:00,원지(도),경부선,목표(결빙),37.4538,127.0488,35.0,1,18.279999999999998,15.9,19.7,0.0,60
13402,2024-11-15 19:00:00,원지(도),경부선,목표(결빙),37.4538,127.0488,35.0,1,19.67,18.3,21.0,0.0,60
13402,2024-11-15 20:00:00,원지(도),경부선,목표(결빙),37.4538,127.0488,35.0,1,18.823333333333334,17.2,21.0,0.0,60
13402,2024-11-15 21:00:00,원지(도),경부선,목표(결빙),37.4538,127.0488,35.0,1,17.625,16.8,18.2,0.0,60
13402,2024-11-15 22:00:00,원지(도),경부선,목표(결빙),37.4538,127.0488,35.0,1,17.748333333333335,16.3,18.7,0.0,60
13402,2024-11-15 23:00:00,원지(도),경부선,목표(결빙),37.4538,127.0488,35.0,1,16.731666666666666,15.9,17.7,0.0,60
13402,2024-11-16 00:00:00,원지(도),경부선,목표(결빙),37.4538,127.0488,35.0,1,17.198333333333334,16.4,18.4,0.0,60
13402,2024-11-16 01:00:00,원지(도),경부선,목표(결빙),37.4538,127.0488,35.0,1,17.09333333333333,16.1,18.0,0.0,60
13402,2024-11-16 02:00:00,원지(도),경부선,목표(결빙),37.4538,127.0488,35.0,1,16.488333333333333,15.5,17.6,0.0,60
13402,2024-11-16 03:00:00,원지(도),경부선,목표(결빙),37.4538,127.0488,35.0,1,15.613333333333333,14.2,17.0,0.0,60
13402,2024-11-16 04:00:00,원지(도),경부선,목표(결빙),37.4538,127.0488,35.0,1,16.573333333333334,15.2,17.8,0.0,60
13402,2024-11-16 05:00:00,원지(도),경부선,목표(결빙),37.4538,127.0488,35.0,1,16.12666666666667,14.9,17.0,0.0,60
13402,2024-11-16 06:00:00,원지(도),경부선,목표(결빙),37.4538,127.0488,35.0,1,16.788333333333334,15.3,18.4,0.0,60
13402,2024-11-16 07:00:00,원지(도),경부선,목표(결빙),37.4538,127.0488,35.0,1,17.388333333333332,16.7,18.4,0.0,60
13402,2024-11-16 08:00:00,원지(도),경부선,목표(결빙),37.4538,127.0488,35.0,1,16.545,15.5,18.4,0.0,60
13402,2024-11-16 09:00:00,원지(도),경부선,목표(결빙),37.4538,127.0488,35.0,1,18.93,16.9,19.9,0.0,60
13402,2024-11-16 10:00:00,원지(도),경부선,목표(결빙),37.4538,127.0488,35.0,1,20.395,18.6,22.3,0.0,60
13402,2024-11-16 11:00:00,원지(도),경부선,목표(결빙),37.4538,127.0488,35.0,1,23.85,21.5,26.0,0.0,60
13402,2024-11-16 12:00:00,원지(도),경부선,목표(결빙),37.4538,127.0488,35.0,1,26.795,24.5,28.5,0.0,60
13402,2024-11-16 13:00:00,원지(도),경부선,목표(결빙),37.4538,127.0488,35.0,1,27.696666666666665,25.9,29.5,0.0,60
13402,2024-11-16 14:00:00,원지(도),경부선,목표(결빙),37.4538,127.0488,35.0,1,26.206666666666667,24.5,28.5,0.0,60
13402,2024-11-16 15:00:00,원지(도),경부선,목표(결빙),37.4538,127.0488,35.0,1,24.35666666666667,23.6,25.4,0.0,60
13402,2024-11-16 16:00:00,원지(도),경부선,목표(결빙),37.4538,127.0488,35.0,1,21.546666666666667,18.9,24.5,0.0,60
13402,2024-11-16 17:00:00,원지(도),경부선,목표(결빙),37.4538,127.0488,35.0,1,18.82,17.3,21.1,0.0,60
13402,2024-11-16 18:00:00,원지(도),경부선,목표(결빙),37.4538,127.0488,35.0,2,18.735,17.7,20.1,0.0,60
13402,2024-11-16 19:00:00,원지(도),경부선,목표(결빙),37.4538,127.0488,35.0,2,19.61,18.9,20.4,0.0,60
13402,2024-11-16 20:00:00,원지(도),경부선,목표(결빙),37.4538,127.0488,35.0,2,18.728333333333335,17.9,20.0,0.0,60
13402,2024-11-16 21:00:00,원지(도),경부선,목표(결빙),37.4538,127.0488,35.0,2,17.678333333333335,17.0,18.5,0.0,60
13402,2024-11-16 22:00:00,원지(도),경부선,목표(결빙),37.4538,127.0488,35.0,2,16.511666666666667,15.4,17.4,0.0,60
13402,2024-11-16 23:00:00,원지(도),경부선,목표(결빙),37.4538,127.0488,35.0,2,16.701666666666668,15.3,17.5,0.0,60
13402,2024-11-17 00:00:00,원지(도),경부선,목표(결빙),37.4538,127.0488,35.0,14,15.716666666666667,14.6,16.6,0.0,60
13402,2024-11-17 01:00:00,원지(도),경부선,목표(결빙),37.4538,127.0488,35.0,1,14.233333333333333,13.6,14.7,0.0,60
13402,2024-11-17 02:00:00,원지(도),경부선,목표(결빙),37.4538,127.0488,35.0,1,13.71,13.2,14.1,0.0,60
13402,2024-11-17 03:00:00,원지(도),경부선,목표(결빙),37.4538,127.0488,35.0,1,12.983333333333333,12.5,13.3,0.0,60
13402,2024-11-17 04:00:00,원지(도),경부선,목표(결빙),37.4538,127.0488,35.0,1,12.386666666666667,12.1,12.6,0.0,60
13402,2024-11-17 05:00:00,원지(도),경부선,목표(결빙),37.4538,127.0488,35.0,1,11.723333333333333,11.3,12.2,0.0,60
13402,2024-11-17 06:00:00,원지(도),경부선,목표(결빙),37.4538,127.0488,35.0,1,11.246666666666666,10.9,11.6,0.0,60
13402,2024-11-17 07:00:00,원지(도),경부선,목표(결빙),37.4538,127.0488,35.0,1,10.906666666666666,10.6,11.1,0.0,60
13402,2024-11-17 08:00:00,원지(도),경부선,목표(결빙),37.4538,127.0488,35.0,1,10.533333333333333,10.2,11.0,0.0,60
13402,2024-11-17 09:00:00,원지(도),경부선,목표(결빙),37.4538,127.0488,35.0,1,10.565,10.3,10.8,0.0,60
13402,2024-11-17 10:00:00,원지(도),경부선,목표(결빙),37.4538,127.0488,35.0,1,10.623333333333333,10.3,11.0,0.0,60
13402,2024-11-17 11:00:00,원지(도),경부선,목표(결빙),37.4538,127.0488,35.0,1,11.573333333333332,10.5,12.8,0.0,60
13402,2024-11-17 12:00:00,원지(도),경부선,목표(결빙),37.4538,127.0488,35.0,1,13.236666666666668,12.5,14.3,0.0,60
13402,2024-11-17 13:00:00,원지(도),경부선,목표(결빙),37.4538,127.0488,35.0,1,14.165,13.4,16.1,0.0,60
13402,2024-11-17 14:00:00,원지(도),경부선,목표(결빙),37.4538,127.0488,35.0,1,14.008333333333333,12.6,15.6,0.0,60
13402,2024-11-17 15:00:00,원지(도),경부선,목표(결빙),37.4538,127.0488,35.0,1,11.998333333333333,11.5,12.7,0.0,60
13402,2024-11-17 16:00:00,원지(도),경부선,목표(결빙),37.4538,127.0488,35.0,1,10.753333333333334,10.4,11.4,0.0,60
13402,2024-11-17 17:00:00,원지(도),경부선,목표(결빙),37.4538,127.0488,35.0,1,10.401666666666667,10.0,10.8,0.0,60
13402,2024-11-17 18:00:00,원지(도),경부선,목표(결빙),37.4538,127.0488,35.0,1,10.056666666666667,9.6,10.5,0.0,60
13402,2024-11-17 19:00:00,원지(도),경부선,목표(결빙),37.4538,127.0488,35.0,1,9.186666666666667,8.7,9.7,0.0,60
13402,2024-11-17 20:00:00,원지(도),경부선,목표(결빙),37.4538,127.0488,35.0,1,8.438333333333334,7.9,8.9,0.0,60
13402,2024-11-17 21:00:00,원지(도),경부선,목표(결빙),37.4538,127.0488,35.0,1,7.788333333333333,7.4,8.1,0.0,60
13402,2024-11-17 22:00:00,원지(도),경부선,목표(결빙),37.4538,127.0488,35.0,1,7.12,6.8,7.5,0.0,60
13402,2024-11-17 23:00:00,원지(도),경부선,목표(결빙),37.4538,127.0488,35.0,1,6.466666666666667,6.1,6.9,0.0,60
13402,2024-11-18 00:00:00,원지(도),경부선,목표(결빙),37.4538,127.0488,35.0,1,5.731666666666667,5.4,6.1,0.0,60
13402,2024-11-18 01:00:00,원지(도),경부선,목표(결빙),37.4538,127.0488,35.0,1,5.114999999999999,4.9,5.4,0.0,60
13402,2024-11-18 02:00:00,원지(도),경부선,목표(결빙),37.4538,127.0488,35.0,1,4.501666666666667,4.2,4.9,0.0,60
13402,2024-11-18 03:00:00,원지(도),경부선,목표(결빙),37.4538,127.0488,35.0,1,3.99,3.7,4.2,0.0,60
13402,2024-11-18 04:00:00,원지(도),경부선,목표(결빙),37.4538,127.0488,35.0,1,3.5716666666666668,3.3,3.8,0.0,60
13402,2024-11-18 05:00:00,원지(도),경부선,목표(결빙),37.4538,127.0488,35.0,1,3.235,2.7,3.4,0.0,60
13402,2024-11-18 06:00:00,원지(도),경부선,목표(결빙),37.4538,127.0488,35.0,1,3.4266666666666667,3.3,3.6,0.0,60
13402,2024-11-18 07:00:00,원지(도),경부선,목표(결빙),37.4538,127.0488,35.0,1,3.565,3.4,3.7,0.0,60
13402,2024-11-18 08:00:00,원지(도),경부선,목표(결빙),37.4538,127.0488,35.0,1,3.5,3.3,3.7,0.0,60
13402,2024-11-18 09:00:00,원지(도),경부선,목표(결빙),37.4538,127.0488,35.0,1,4.87,3.5,6.4,0.0,60
13402,2024-11-18 10:00:00,원지(도),경부선,목표(결빙),37.4538,127.0488,35.0,1,7.83,6.5,9.3,0.0,60
13402,2024-11-18 11:00:00,원지(도),경부선,목표(결빙),37.4538,127.0488,35.0,1,10.74,9.3,12.0,0.0,60
13402,2024-11-18 12:00:00,원지(도),경부선,목표(결빙),37.4538,127.0488,35.0,1,13.306666666666667,12.1,14.2,0.0,60
13402,2024-11-18 13:00:00,원지(도),경부선,목표(결빙),37.4538,127.0488,35.0,1,14.995000000000001,14.2,15.4,0.0,60
13402,2024-11-18 14:00:00,원지(도),경부선,목표(결빙),37.4538,127.0488,35.0,1,13.071666666666665,10.3,15.2,0.0,60
13402,2024-11-18 15:00:00,원지(도),경부선,목표(결빙),37.4538,127.0488,35.0,1,9.058333333333334,8.3,10.2,0.0,60
13402,2024-11-18 16:00:00,원지(도),경부선,목표(결빙),37.4538,127.0488,35.0,1,8.108333333333333,7.7,8.5,0.0,60
13402,2024-11-18 17:00:00,원지(도),경부선,목표(결빙),37.4538,127.0488,35.0,1,7.483333333333333,6.9,8.0,0.0,60
13402,2024-11-18 18:00:00,원지(도),경부선,목표(결빙),37.4538,127.0488,35.0,1,6.371666666666667,5.8,6.9,0.0,60
13402,2024-11-18 19:00:00,원지(도),경부선,목표(결빙),37.4538,127.0488,35.0,1,5.2283333333333335,4.4,5.8,0.0,60
13402,2024-11-18 20:00:00,원지(도),경부선,목표(결빙),37.4538,127.0488,35.0,1,4.116666666666666,3.6,4.7,0.0,60
13402,2024-11-18 21:00:00,원지(도),경부선,목표(결빙),37.4538,127.0488,35.0,1,3.3033333333333332,2.7,3.9,0.0,60
13402,2024-11-18 22:00:00,원지(도),경부선,목표(결빙),37.4538,127.0488,35.0,1,2.6016666666666666,2.1,3.0,0.0,60
13402,2024-11-18 23:00:00,원지(도),경부선,목표(결빙),37.4538,127.0488,35.0,1,2.095,1.7,2.5,0.0,60
13402,2024-11-19 00:00:00,원지(도),경부선,목표(결빙),37.4538,127.0488,35.0,1,1.6733333333333333,1.4,2.1,0.0,60
13402,2024-11-19 01:00:00,원지(도),경부선,목표(결빙),37.4538,127.0488,35.0,1,1.525,1.0,2.0,0.0,60
13402,2024-11-19 02:00:00,원지(도),경부선,목표(결빙),37.4538,127.0488,35.0,1,1.0116666666666667,0.7,1.6,0.0,60
13402,2024-11-19 03:00:00,원지(도),경부선,목표(결빙),37.4538,127.0488,35.0,1,0.7516666666666667,0.5,1.2,0.0,60
13402,2024-11-19 04:00:00,원지(도),경부선,목표(결빙),37.4538,127.0488,35.0,1,0.4666666666666667,0.2,0.8,0.0,60
13402,2024-11-19 05:00:00,원지(도),경부선,목표(결빙),37.4538,127.0488,35.0,1,0.19833333333333333,-0.1,0.5,0.05,60
13402,2024-11-19 06:00:00,원지(도),경부선,목표(결빙),37.4538,127.0488,35.0,1,0.295,0.0,0.6,0.016666666666666666,60
13402,2024-11-19 07:00:00,원지(도),경부선,목표(결빙),37.4538,127.0488,35.0,1,0.5266666666666666,0.3,0.7,0.0,60
13402,2024-11-19 08:00:00,원지(도),경부선,목표(결빙),37.4538,127.0488,35.0,1,0.6966666666666667,0.5,1.2,0.0,60
13402,2024-11-19 09:00:00,원지(도),경부선,목표(결빙),37.4538,127.0488,35.0,1,3.3633333333333337,1.3,5.4,0.0,60
13402,2024-11-19 10:00:00,원지(도),경부선,목표(결빙),37.4538,127.0488,35.0,1,7.3966666666666665,5.5,8.1,0.0,60
13402,2024-11-19 11:00:00,원지(도),경부선,목표(결빙),37.4538,127.0488,35.0,1,8.963333333333333,7.7,10.5,0.0,60
13402,2024-11-19 12:00:00,원지(도),경부선,목표(결빙),37.4538,127.0488,35.0,1,11.066666666666666,10.2,11.9,0.0,60
13402,2024-11-19 13:00:00,원지(도),경부선,목표(결빙),37.4538,127.0488,35.0,1,10.966666666666667,9.7,12.6,0.0,60
13402,2024-11-19 14:00:00,원지(도),경부선,목표(결빙),37.4538,127.0488,35.0,1,11.120000000000001,10.3,12.1,0.0,60
13402,2024-11-19 15:00:00,원지(도),경부선,목표(결빙),37.4538,127.0488,35.0,1,10.778333333333334,9.9,11.6,0.0,60
13402,2024-11-19 16:00:00,원지(도),경부선,목표(결빙),37.4538,127.0488,35.0,1,10.833333333333334,10.1,11.5,0.0,60
13402,2024-11-19 17:00:00,원지(도),경부선,목표(결빙),37.4538,127.0488,35.0,1,9.66,9.2,10.2,0.0,60
13402,2024-11-19 18:00:00,원지(도),경부선,목표(결빙),37.4538,127.0488,35.0,1,9.318333333333333,8.9,9.7,0.0,60
13402,2024-11-19 19:00:00,원지(도),경부선,목표(결빙),37.4538,127.0488,35.0,1,8.156666666666666,7.3,9.0,0.0,60
13402,2024-11-19 20:00:00,원지(도),경부선,목표(결빙),37.4538,127.0488,35.0,1,6.67,6.0,7.4,0.0,60
13402,2024-11-19 21:00:00,원지(도),경부선,목표(결빙),37.4538,127.0488,35.0,1,6.425,6.0,6.9,0.0,60
13402,2024-11-19 22:00:00,원지(도),경부선,목표(결빙),37.4538,127.0488,35.0,1,6.1883333333333335,5.8,6.6,0.0,60
13402,2024-11-19 23:00:00,원지(도),경부선,목표(결빙),37.4538,127.0488,35.0,1,6.0,5.6,6.3,0.0,60
13402,2024-11-20 00:00:00,원지(도),경부선,목표(결빙),37.4538,127.0488,35.0,1,5.528333333333333,4.8,6.1,0.0,60
13402,2024-11-20 01:00:00,원지(도),경부선,목표(결빙),37.4538,127.0488,35.0,1,4.581666666666666,4.3,5.0,0.0,60
13402,2024-11-20 02:00:00,원지(도),경부선,목표(결빙),37.4538,127.0488,35.0,1,4.015,3.3,5.1,0.0,60
13402,2024-11-20 03:00:00,원지(도),경부선,목표(결빙),37.4538,127.0488,35.0,1,3.175,2.6,3.8,0.0,60
13402,2024-11-20 04:00:00,원지(도),경부선,목표(결빙),37.4538,127.0488,35.0,1,2.771666666666667,2.1,3.5,0.0,60
13402,2024-11-20 05:00:00,원지(도),경부선,목표(결빙),37.4538,127.0488,35.0,1,2.3066666666666666,1.8,2.9,0.0,60
13402,2024-11-20 06:00:00,원지(도),경부선,목표(결빙),37.4538,127.0488,35.0,1,2.265,1.8,3.2,0.0,60
13402,2024-11-20 07:00:00,원지(도),경부선,목표(결빙),37.4538,127.0488,35.0,1,3.103333333333333,2.0,4.0,0.0,60
13402,2024-11-20 08:00:00,원지(도),경부선,목표(결빙),37.4538,127.0488,35.0,1,3.975,3.1,4.6,0.0,60
13402,2024-11-20 09:00:00,원지(도),경부선,목표(결빙),37.4538,127.0488,35.0,1,5.548333333333333,4.6,6.8,0.0,60
13402,2024-11-20 10:00:00,원지(도),경부선,목표(결빙),37.4538,127.0488,35.0,1,7.723333333333333,6.6,9.4,0.0,60
13402,2024-11-20 11:00:00,원지(도),경부선,목표(결빙),37.4538,127.0488,35.0,1,9.823333333333332,9.2,10.8,0.0,60
13402,2024-11-20 12:00:00,원지(도),경부선,목표(결빙),37.4538,127.0488,35.0,1,11.601666666666667,10.8,13.1,0.0,60
13402,2024-11-20 13:00:00,원지(도),경부선,목표(결빙),37.4538,127.0488,35.0,1,13.066666666666666,12.3,13.8,0.0,60
13402,2024-11-20 14:00:00,원지(도),경부선,목표(결빙),37.4538,127.0488,35.0,1,12.325,12.0,12.8,0.0,60
13402,2024-11-20 15:00:00,원지(도),경부선,목표(결빙),37.4538,127.0488,35.0,1,12.104999999999999,10.8,12.3,0.0,60
13402,2024-11-20 16:00:00,원지(도),경부선,목표(결빙),37.4538,127.0488,35.0,1,9.848333333333333,8.9,11.1,0.0,60
13402,2024-11-20 17:00:00,원지(도),경부선,목표(결빙),37.4538,127.0488,35.0,14,8.735000000000001,8.5,9.3,0.0,60
13402,2024-11-20 18:00:00,원지(도),경부선,목표(결빙),37.4538,127.0488,35.0,1,8.316666666666666,7.6,9.1,0.0,60
13402,2024-11-20 19:00:00,원지(도),경부선,목표(결빙),37.4538,127.0488,35.0,1,8.373333333333333,7.8,9.0,0.0,60
13402,2024-11-20 20:00:00,원지(도),경부선,목표(결빙),37.4538,127.0488,35.0,1,7.566666666666666,6.9,8.1,0.0,60
13402,2024-11-20 21:00:00,원지(도),경부선,목표(결빙),37.4538,127.0488,35.0,1,6.535,6.1,7.1,0.0,60
13402,2024-11-20 22:00:00,원지(도),경부선,목표(결빙),37.4538,127.0488,35.0,1,6.328333333333333,5.9,6.7,0.0,60
13402,2024-11-20 23:00:00,원지(도),경부선,목표(결빙),37.4538,127.0488,35.0,1,5.944999999999999,5.5,6.5,0.0,60
13402,2024-11-21 00:00:00,원지(도),경부선,목표(결빙),37.4538,127.0488,35.0,1,6.096666666666667,5.1,6.6,0.0,60
13402,2024-11-21 01:00:00,원지(도),경부선,목표(결빙),37.4538,127.0488,35.0,1,6.261666666666667,5.9,6.9,0.0,60
13402,2024-11-21 02:00:00,원지(도),경부선,목표(결빙),37.4538,127.0488,35.0,1,6.215,5.9,6.7,0.0,60
13402,2024-11-21 03:00:00,원지(도),경부선,목표(결빙),37.4538,127.0488,35.0,1,6.281666666666666,5.8,6.7,0.0,60
13402,2024-11-21 04:00:00,원지(도),경부선,목표(결빙),37.4538,127.0488,35.0,1,6.5616666666666665,6.1,6.9,0.0,60
13402,2024-11-21 05:00:00,원지(도),경부선,목표(결빙),37.4538,127.0488,35.0,1,6.973333333333333,6.5,7.3,0.0,60
13402,2024-11-21 06:00:00,원지(도),경부선,목표(결빙),37.4538,127.0488,35.0,1,6.501666666666667,6.1,7.2,0.0,60
13402,2024-11-21 07:00:00,원지(도),경부선,목표(결빙),37.4538,127.0488,35.0,1,6.221666666666667,5.7,7.0,0.0,60
13402,2024-11-21 08:00:00,원지(도),경부선,목표(결빙),37.4538,127.0488,35.0,1,6.588333333333334,6.1,7.2,0.0,60
13402,2024-11-21 09:00:00,원지(도),경부선,목표(결빙),37.4538,127.0488,35.0,1,7.873333333333333,6.5,9.0,0.0,60
13402,2024-11-21 10:00:00,원지(도),경부선,목표(결빙),37.4538,127.0488,35.0,1,9.978333333333333,8.9,11.0,0.0,60
13402,2024-11-21 11:00:00,원지(도),경부선,목표(결빙),37.4538,127.0488,35.0,1,11.91,10.9,13.1,0.0,60
13402,2024-11-21 12:00:00,원지(도),경부선,목표(결빙),37.4538,127.0488,35.0,1,13.091666666666667,11.9,15.3,0.0,60
13402,2024-11-21 13:00:00,원지(도),경부선,목표(결빙),37.4538,127.0488,35.0,1,15.153333333333334,14.3,15.9,0.0,60
13402,2024-11-21 14:00:00,원지(도),경부선,목표(결빙),37.4538,127.0488,35.0,1,15.521666666666667,14.5,16.3,0.0,60
13402,2024-11-21 15:00:00,원지(도),경부선,목표(결빙),37.4538,127.0488,35.0,2,11.925,10.7,14.4,0.0,60
13402,2024-11-21 16:00:00,원지(도),경부선,목표(결빙),37.4538,127.0488,35.0,2,11.565,10.6,12.2,0.0,60
13402,2024-11-21 17:00:00,원지(도),경부선,목표(결빙),37.4538,127.0488,35.0,2,10.463333333333333,9.6,11.2,0.0,60
13402,2024-11-21 18:00:00,원지(도),경부선,목표(결빙),37.4538,127.0488,35.0,2,10.093333333333334,9.1,11.0,0.0,60
13402,2024-11-21 19:00:00,원지(도),경부선,목표(결빙),37.4538,127.0488,35.0,14,10.616666666666667,9.4,11.7,0.0,60
13402,2024-11-21 20:00:00,원지(도),경부선,목표(결빙),37.4538,127.0488,35.0,1,10.801666666666668,10.5,11.2,0.0,60
13402,2024-11-21 21:00:00,원지(도),경부선,목표(결빙),37.4538,127.0488,35.0,1,10.996666666666666,10.6,11.3,0.0,60
13402,2024-11-21 22:00:00,원지(도),경부선,목표(결빙),37.4538,127.0488,35.0,1,11.018333333333334,10.6,11.5,0.0,60
13402,2024-11-21 23:00:00,원지(도),경부선,목표(결빙),37.4538,127.0488,35.0,1,11.139999999999999,10.7,11.5,0.0,60
13402,2024-11-22 00:00:00,원지(도),경부선,목표(결빙),37.4538,127.0488,35.0,1,10.360000000000001,9.5,11.0,0.0,60
13402,2024-11-22 01:00:00,원지(도),경부선,목표(결빙),37.4538,127.0488,35.0,1,9.006666666666666,8.4,9.6,0.0,60
13402,2024-11-22 02:00:00,원지(도),경부선,목표(결빙),37.4538,127.0488,35.0,1,8.111666666666666,7.7,8.4,0.0,60
13402,2024-11-22 03:00:00,원지(도),경부선,목표(결빙),37.4538,127.0488,35.0,1,7.305000000000001,6.5,7.9,0.0,60
13402,2024-11-22 04:00:00,원지(도),경부선,목표(결빙),37.4538,127.0488,35.0,1,6.03,5.6,6.7,0.0,60
13402,2024-11-22 05:00:00,원지(도),경부선,목표(결빙),37.4538,127.0488,35.0,1,5.348333333333333,4.9,6.1,0.0,60
13402,2024-11-22 06:00:00,원지(도),경부선,목표(결빙),37.4538,127.0488,35.0,1,5.276666666666667,4.5,6.3,0.0,60
13402,2024-11-22 07:00:00,원지(도),경부선,목표(결빙),37.4538,127.0488,35.0,1,5.27,4.7,6.3,0.0,60
13402,2024-11-22 08:00:00,원지(도),경부선,목표(결빙),37.4538,127.0488,35.0,1,5.156666666666666,4.3,6.1,0.0,60
13402,2024-11-22 09:00:00,원지(도),경부선,목표(결빙),37.4538,127.0488,35.0,1,6.958333333333333,5.7,8.2,0.0,60
13402,2024-11-22 10:00:00,원지(도),경부선,목표(결빙),37.4538,127.0488,35.0,1,9.453333333333335,8.1,11.1,0.0,60
13402,2024-11-22 11:00:00,원지(도),경부선,목표(결빙),37.4538,127.0488,35.0,1,12.389999999999999,11.0,13.9,0.0,60
13402,2024-11-22 12:00:00,원지(도),경부선,목표(결빙),37.4538,127.0488,35.0,1,14.821666666666665,13.5,16.0,0.0,60
13402,2024-11-22 13:00:00,원지(도),경부선,목표(결빙),37.4538,127.0488,35.0,1,16.406666666666666,15.8,16.9,0.0,60
13402,2024-11-22 14:00:00,원지(도),경부선,목표(결빙),37.4538,127.0488,35.0,1,14.298333333333334,12.1,16.1,0.0,60
13402,2024-11-22 15:00:00,원지(도),경부선,목표(결빙),37.4538,127.0488,35.0,1,11.063333333333333,10.1,12.1,0.0,60
13402,2024-11-22 16:00:00,원지(도),경부선,목표(결빙),37.4538,127.0488,35.0,1,10.065,9.6,10.6,0.0,60
13402,2024-11-22 17:00:00,원지(도),경부선,목표(결빙),37.4538,127.0488,35.0,1,9.776666666666667,9.5,10.0,0.0,60
13402,2024-11-22 18:00:00,원지(도),경부선,목표(결빙),37.4538,127.0488,35.0,1,8.681666666666667,8.1,9.6,0.0,60
13402,2024-11-22 19:00:00,원지(도),경부선,목표(결빙),37.4538,127.0488,35.0,1,7.703333333333333,7.2,8.3,0.0,60
13402,2024-11-22 20:00:00,원지(도),경부선,목표(결빙),37.4538,127.0488,35.0,1,6.635000000000001,5.8,7.1,0.0,60
13402,2024-11-22 21:00:00,원지(도),경부선,목표(결빙),37.4538,127.0488,35.0,1,5.61,5.0,6.2,0.0,60
13402,2024-11-22 22:00:00,원지(도),경부선,목표(결빙),37.4538,127.0488,35.0,1,5.096666666666667,4.3,6.3,0.0,60
13402,2024-11-22 23:00:00,원지(도),경부선,목표(결빙),37.4538,127.0488,35.0,1,4.458333333333333,3.9,5.2,0.0,60
13402,2024-11-23 00:00:00,원지(도),경부선,목표(결빙),37.4538,127.0488,35.0,1,3.6599999999999997,2.9,4.4,0.0,60
13402,2024-11-23 01:00:00,원지(도),경부선,목표(결빙),37.4538,127.0488,35.0,1,2.896666666666667,2.2,3.6,0.0,60
13402,2024-11-23 02:00:00,원지(도),경부선,목표(결빙),37.4538,127.0488,35.0,1,2.3449999999999998,1.9,2.8,0.0,60
13402,2024-11-23 03:00:00,원지(도),경부선,목표(결빙),37.4538,127.0488,35.0,1,1.8433333333333333,1.2,2.4,0.0,60
13402,2024-11-23 04:00:00,원지(도),경부선,목표(결빙),37.4538,127.0488,35.0,1,1.5083333333333333,1.1,2.1,0.0,60
13402,2024-11-23 05:00:00,원지(도),경부선,목표(결빙),37.4538,127.0488,35.0,1,1.2083333333333333,0.8,1.5,0.0,60
13402,2024-11-23 06:00:00,원지(도),경부선,목표(결빙),37.4538,127.0488,35.0,1,1.2733333333333334,0.8,1.7,0.0,60
13402,2024-11-23 07:00:00,원지(도),경부선,목표(결빙),37.4538,127.0488,35.0,1,1.4616666666666667,1.0,1.9,0.0,60
13402,2024-11-23 08:00:00,원지(도),경부선,목표(결빙),37.4538,127.0488,35.0,1,1.7416666666666667,1.4,2.1,0.0,60
13402,2024-11-23 09:00:00,원지(도),경부선,목표(결빙),37.4538,127.0488,35.0,1,3.618333333333333,2.0,5.5,0.0,60
13402,2024-11-23 10:00:00,원지(도),경부선,목표(결빙),37.4538,127.0488,35.0,1,7.6883333333333335,5.8,9.9,0.0,60
13402,2024-11-23 11:00:00,원지(도),경부선,목표(결빙),37.4538,127.0488,35.0,1,11.733333333333333,9.8,13.5,0.0,60
13402,2024-11-23 12:00:00,원지(도),경부선,목표(결빙),37.4538,127.0488,35.0,1,14.398333333333333,13.2,16.0,0.0,60
13402,2024-11-23 13:00:00,원지(도),경부선,목표(결빙),37.4538,127.0488,35.0,1,15.295,13.6,16.5,0.0,60
13402,2024-11-23 14:00:00,원지(도),경부선,목표(결빙),37.4538,127.0488,35.0,1,14.248333333333333,12.3,16.3,0.0,60
13402,2024-11-23 15:00:00,원지(도),경부선,목표(결빙),37.4538,127.0488,35.0,1,11.508333333333333,10.8,12.9,0.0,60
13402,2024-11-23 16:00:00,원지(도),경부선,목표(결빙),37.4538,127.0488,35.0,1,10.731666666666666,10.3,11.1,0.0,60
13402,2024-11-23 17:00:00,원지(도),경부선,목표(결빙),37.4538,127.0488,35.0,1,10.426666666666668,9.2,11.2,0.0,60
13402,2024-11-23 18:00:00,원지(도),경부선,목표(결빙),37.4538,127.0488,35.0,1,9.188333333333333,8.2,9.8,0.0,60
13402,2024-11-23 19:00:00,원지(도),경부선,목표(결빙),37.4538,127.0488,35.0,1,8.258333333333333,7.5,8.7,0.0,60
13402,2024-11-23 20:00:00,원지(도),경부선,목표(결빙),37.4538,127.0488,35.0,1,6.973333333333333,6.2,7.8,0.0,60
13402,2024-11-23 21:00:00,원지(도),경부선,목표(결빙),37.4538,127.0488,35.0,1,6.121666666666667,5.5,6.7,0.0,60
13402,2024-11-23 22:00:00,원지(도),경부선,목표(결빙),37.4538,127.0488,35.0,1,5.591666666666667,5.1,6.1,0.0,60
13402,2024-11-23 23:00:00,원지(도),경부선,목표(결빙),37.4538,127.0488,35.0,1,5.0,4.0,6.0,0.0,60
13402,2024-11-24 00:00:00,원지(도),경부선,목표(결빙),37.4538,127.0488,35.0,1,4.326666666666667,3.8,5.0,0.0,60
13402,2024-11-24 01:00:00,원지(도),경부선,목표(결빙),37.4538,127.0488,35.0,1,3.585,2.8,4.3,0.0,60
13402,2024-11-24 02:00:00,원지(도),경부선,목표(결빙),37.4538,127.0488,35.0,1,3.055,2.3,3.5,0.0,60
13402,2024-11-24 03:00:00,원지(도),경부선,목표(결빙),37.4538,127.0488,35.0,1,2.605,2.0,3.3,0.0,60
13402,2024-11-24 04:00:00,원지(도),경부선,목표(결빙),37.4538,127.0488,35.0,1,2.46,2.1,3.0,0.0,60
13402,2024-11-24 05:00:00,원지(도),경부선,목표(결빙),37.4538,127.0488,35.0,1,2.105,1.4,2.7,0.0,60
13402,2024-11-24 06:00:00,원지(도),경부선,목표(결빙),37.4538,127.0488,35.0,1,1.9416666666666667,1.6,2.5,0.0,60
13402,2024-11-24 07:00:00,원지(도),경부선,목표(결빙),37.4538,127.0488,35.0,1,1.9216666666666666,1.4,2.1,0.0,60
13402,2024-11-24 08:00:00,원지(도),경부선,목표(결빙),37.4538,127.0488,35.0,1,1.945,1.7,2.2,0.0,60
13402,2024-11-24 09:00:00,원지(도),경부선,목표(결빙),37.4538,127.0488,35.0,1,4.08,2.4,6.1,0.0,60
13402,2024-11-24 10:00:00,원지(도),경부선,목표(결빙),37.4538,127.0488,35.0,1,8.148333333333333,6.1,10.1,0.0,60
13402,2024-11-24 11:00:00,원지(도),경부선,목표(결빙),37.4538,127.0488,35.0,1,12.055,10.1,13.8,0.0,60
13402,2024-11-24 12:00:00,원지(도),경부선,목표(결빙),37.4538,127.0488,35.0,1,15.081666666666667,13.8,16.2,0.0,60
13402,2024-11-24 13:00:00,원지(도),경부선,목표(결빙),37.4538,127.0488,35.0,1,16.495,15.4,17.3,0.0,60
13402,2024-11-24 14:00:00,원지(도),경부선,목표(결빙),37.4538,127.0488,35.0,1,14.561666666666667,12.4,16.8,0.0,60
13402,2024-11-24 15:00:00,원지(도),경부선,목표(결빙),37.4538,127.0488,35.0,1,11.871666666666666,11.2,12.5,0.0,60
13402,2024-11-24 16:00:00,원지(도),경부선,목표(결빙),37.4538,127.0488,35.0,1,11.656666666666666,11.3,12.1,0.0,60
13402,2024-11-24 17:00:00,원지(도),경부선,목표(결빙),37.4538,127.0488,35.0,1,10.696666666666665,10.0,11.7,0.0,60
13402,2024-11-24 18:00:00,원지(도),경부선,목표(결빙),37.4538,127.0488,35.0,1,9.846666666666666,9.0,10.5,0.0,60
13402,2024-11-24 19:00:00,원지(도),경부선,목표(결빙),37.4538,127.0488,35.0,1,8.966666666666667,8.3,9.6,0.0,60
13402,2024-11-24 20:00:00,원지(도),경부선,목표(결빙),37.4538,127.0488,35.0,1,7.886666666666667,7.2,8.9,0.0,60
13402,2024-11-24 21:00:00,원지(도),경부선,목표(결빙),37.4538,127.0488,35.0,1,7.3566666666666665,6.4,7.9,0.0,60
13402,2024-11-24 22:00:00,원지(도),경부선,목표(결빙),37.4538,127.0488,35.0,1,6.625,5.6,7.2,0.0,60
13402,2024-11-24 23:00:00,원지(도),경부선,목표(결빙),37.4538,127.0488,35.0,1,5.906666666666666,5.2,6.5,0.0,60
13402,2024-11-25 00:00:00,원지(도),경부선,목표(결빙),37.4538,127.0488,35.0,1,5.355,4.6,5.9,0.0,60
13402,2024-11-25 01:00:00,원지(도),경부선,목표(결빙),37.4538,127.0488,35.0,1,4.7,3.6,5.4,0.0,60
13402,2024-11-25 02:00:00,원지(도),경부선,목표(결빙),37.4538,127.0488,35.0,1,4.38,3.8,5.1,0.0,60
13402,2024-11-25 03:00:00,원지(도),경부선,목표(결빙),37.4538,127.0488,35.0,1,4.121666666666667,3.1,5.0,0.0,60
13402,2024-11-25 04:00:00,원지(도),경부선,목표(결빙),37.4538,127.0488,35.0,1,3.481666666666667,2.9,4.3,0.0,60
13402,2024-11-25 05:00:00,원지(도),경부선,목표(결빙),37.4538,127.0488,35.0,1,3.24,3.0,3.6,0.0,60
13402,2024-11-25 06:00:00,원지(도),경부선,목표(결빙),37.4538,127.0488,35.0,1,3.2800000000000002,2.7,3.9,0.0,60
13402,2024-11-25 07:00:00,원지(도),경부선,목표(결빙),37.4538,127.0488,35.0,1,3.5316666666666667,2.6,4.3,0.0,60
13402,2024-11-25 08:00:00,원지(도),경부선,목표(결빙),37.4538,127.0488,35.0,1,3.6733333333333333,3.0,4.4,0.0,60
13402,2024-11-25 09:00:00,원지(도),경부선,목표(결빙),37.4538,127.0488,35.0,1,5.955,4.1,8.3,0.0,60
13402,2024-11-25 10:00:00,원지(도),경부선,목표(결빙),37.4538,127.0488,35.0,1,10.270000000000001,8.5,12.0,0.0,60
13402,2024-11-25 11:00:00,원지(도),경부선,목표(결빙),37.4538,127.0488,35.0,1,13.311666666666667,11.9,14.6,0.0,60
13402,2024-11-25 12:00:00,원지(도),경부선,목표(결빙),37.4538,127.0488,35.0,1,15.94,14.6,16.8,0.0,60
13402,2024-11-25 13:00:00,원지(도),경부선,목표(결빙),37.4538,127.0488,35.0,1,17.595000000000002,15.6,18.6,0.0,60
13402,2024-11-25 14:00:00,원지(도),경부선,목표(결빙),37.4538,127.0488,35.0,1,17.141666666666666,16.2,18.3,0.0,60
13402,2024-11-25 15:00:00,원지(도),경부선,목표(결빙),37.4538,127.0488,35.0,1,15.556666666666667,14.9,16.3,0.0,60
13402,2024-11-25 16:00:00,원지(도),경부선,목표(결빙),37.4538,127.0488,35.0,1,15.635,14.7,16.0,0.0,60
13402,2024-11-25 17:00:00,원지(도),경부선,목표(결빙),37.4538,127.0488,35.0,1,15.076666666666666,14.7,15.4,0.0,60
13402,2024-11-25 18:00:00,원지(도),경부선,목표(결빙),37.4538,127.0488,35.0,1,14.648333333333333,14.3,15.0,0.0,60
13402,2024-11-25 19:00:00,원지(도),경부선,목표(결빙),37.4538,127.0488,35.0,1,14.238333333333333,14.0,14.5,0.0,60
13402,2024-11-25 20:00:00,원지(도),경부선,목표(결빙),37.4538,127.0488,35.0,1,13.996666666666666,13.7,14.3,0.0,60
13402,2024-11-25 21:00:00,원지(도),경부선,목표(결빙),37.4538,127.0488,35.0,1,13.965,13.7,14.2,0.0,60
13402,2024-11-25 22:00:00,원지(도),경부선,목표(결빙),37.4538,127.0488,35.0,1,13.908333333333333,13.6,14.2,0.0,60
13402,2024-11-25 23:00:00,원지(도),경부선,목표(결빙),37.4538,127.0488,35.0,1,13.706666666666667,13.5,14.0,0.0,60
13402,2024-11-26 00:00:00,원지(도),경부선,목표(결빙),37.4538,127.0488,35.0,1,13.483333333333333,13.3,13.7,0.0,60
13402,2024-11-26 01:00:00,원지(도),경부선,목표(결빙),37.4538,127.0488,35.0,1,12.568333333333333,10.5,13.6,0.0,60
13402,2024-11-26 02:00:00,원지(도),경부선,목표(결빙),37.4538,127.0488,35.0,2,10.118333333333334,9.8,10.6,0.0,60
13402,2024-11-26 03:00:00,원지(도),경부선,목표(결빙),37.4538,127.0488,35.0,2,10.023333333333333,9.6,10.5,0.0,60
13402,2024-11-26 04:00:00,원지(도),경부선,목표(결빙),37.4538,127.0488,35.0,2,10.003333333333334,9.9,10.3,0.0,60
13402,2024-11-26 05:00:00,원지(도),경부선,목표(결빙),37.4538,127.0488,35.0,2,10.2,9.8,10.6,0.0,60
13402,2024-11-26 06:00:00,원지(도),경부선,목표(결빙),37.4538,127.0488,35.0,2,10.366666666666667,9.9,11.1,0.0,60
13402,2024-11-26 07:00:00,원지(도),경부선,목표(결빙),37.4538,127.0488,35.0,2,10.836666666666668,10.5,11.2,0.0,60
13402,2024-11-26 08:00:00,원지(도),경부선,목표(결빙),37.4538,127.0488,35.0,2,10.466666666666667,10.0,10.8,0.0,60
13402,2024-11-26 09:00:00,원지(도),경부선,목표(결빙),37.4538,127.0488,35.0,2,9.836666666666668,9.4,10.1,0.0,60
13402,2024-11-26 10:00:00,원지(도),경부선,목표(결빙),37.4538,127.0488,35.0,2,9.253333333333334,9.0,9.7,0.0,60
13402,2024-11-26 11:00:00,원지(도),경부선,목표(결빙),37.4538,127.0488,35.0,2,9.526666666666667,8.8,10.5,0.0,60
13402,2024-11-26 12:00:00,원지(도),경부선,목표(결빙),37.4538,127.0488,35.0,2,9.360000000000001,8.3,10.2,0.0,60
13402,2024-11-26 13:00:00,원지(도),경부선,목표(결빙),37.4538,127.0488,35.0,2,8.841666666666667,6.2,9.8,0.0,60
13402,2024-11-26 14:00:00,원지(도),경부선,목표(결빙),37.4538,127.0488,35.0,2,7.3100000000000005,6.2,8.2,0.0,60
13402,2024-11-26 15:00:00,원지(도),경부선,목표(결빙),37.4538,127.0488,35.0,2,7.108333333333333,6.0,7.5,0.0,60
13402,2024-11-26 16:00:00,원지(도),경부선,목표(결빙),37.4538,127.0488,35.0,2,6.175,3.7,6.7,0.0,60
13402,2024-11-26 17:00:00,원지(도),경부선,목표(결빙),37.4538,127.0488,35.0,2,6.058333333333334,5.4,6.5,0.0,60
13402,2024-11-26 18:00:00,원지(도),경부선,목표(결빙),37.4538,127.0488,35.0,2,6.003333333333333,5.5,6.5,0.0,60
13402,2024-11-26 19:00:00,원지(도),경부선,목표(결빙),37.4538,127.0488,35.0,2,5.1483333333333325,4.9,5.5,0.0,60
13402,2024-11-26 20:00:00,원지(도),경부선,목표(결빙),37.4538,127.0488,35.0,2,4.9366666666666665,4.6,5.3,0.0,60
13402,2024-11-26 21:00:00,원지(도),경부선,목표(결빙),37.4538,127.0488,35.0,2,4.741666666666666,4.4,5.1,0.0,60
13402,2024-11-26 22:00:00,원지(도),경부선,목표(결빙),37.4538,127.0488,35.0,2,3.9983333333333335,3.6,4.5,0.0,60
13402,2024-11-26 23:00:00,원지(도),경부선,목표(결빙),37.4538,127.0488,35.0,2,4.096666666666667,2.7,4.7,0.0,60
13402,2024-11-27 00:00:00,원지(도),경부선,목표(결빙),37.4538,127.0488,35.0,2,3.3699999999999997,1.2,4.1,0.0,60
13402,2024-11-27 01:00:00,원지(도),경부선,목표(결빙),37.4538,127.0488,35.0,15,2.635,1.1,3.4,0.0,60
13402,2024-11-27 02:00:00,원지(도),경부선,목표(결빙),37.4538,127.0488,35.0,15,1.645,0.0,3.3,0.03333333333333333,60
13402,2024-11-27 03:00:00,원지(도),경부선,목표(결빙),37.4538,127.0488,35.0,15,0.6983333333333334,-0.1,1.4,0.08333333333333333,60
13402,2024-11-27 04:00:00,원지(도),경부선,목표(결빙),37.4538,127.0488,35.0,15,-0.52,-1.1,1.2,0.9,60
13402,2024-11-27 05:00:00,원지(도),경부선,목표(결빙),37.4538,127.0488,35.0,3,-0.8783333333333334,-1.6,-0.5,1.0,60
13402,2024-11-27 06:00:00,원지(도),경부선,목표(결빙),37.4538,127.0488,35.0,15,-1.02,-1.4,-0.3,1.0,60
13402,2024-11-27 07:00:00,원지(도),경부선,목표(결빙),37.4538,127.0488,35.0,3,-0.9383333333333332,-1.7,0.0,1.0,60
13402,2024-11-27 08:00:00,원지(도),경부선,목표(결빙),37.4538,127.0488,35.0,2,-0.11,-1.1,0.5,0.5833333333333334,60
13402,2024-11-27 09:00:00,원지(도),경부선,목표(결빙),37.4538,127.0488,35.0,2,0.5966666666666666,0.4,0.8,0.0,60
13402,2024-11-27 10:00:00,원지(도),경부선,목표(결빙),37.4538,127.0488,35.0,2,0.6933333333333334,-1.1,2.2,0.26666666666666666,60
13402,2024-11-27 11:00:00,원지(도),경부선,목표(결빙),37.4538,127.0488,35.0,3,-0.67,-2.2,1.3,0.6333333333333333,60
13402,2024-11-27 12:00:00,원지(도),경부선,목표(결빙),37.4538,127.0488,35.0,15,0.545,-1.1,1.9,0.3,60
13402,2024-11-27 13:00:00,원지(도),경부선,목표(결빙),37.4538,127.0488,35.0,15,0.7716666666666666,0.5,1.1,0.0,60
13402,2024-11-27 14:00:00,원지(도),경부선,목표(결빙),37.4538,127.0488,35.0,3,-0.41833333333333333,-1.7,1.2,0.6666666666666666,60
13402,2024-11-27 15:00:00,원지(도),경부선,목표(결빙),37.4538,127.0488,35.0,3,-1.9200000000000002,-2.5,-1.5,1.0,60
13402,2024-11-27 16:00:00,원지(도),경부선,목표(결빙),37.4538,127.0488,35.0,2,-0.03333333333333333,-1.6,1.4,0.5,60
13402,2024-11-27 17:00:00,원지(도),경부선,목표(결빙),37.4538,127.0488,35.0,2,0.13666666666666666,-0.4,1.0,0.5166666666666667,60
13402,2024-11-27 18:00:00,원지(도),경부선,목표(결빙),37.4538,127.0488,35.0,2,0.5833333333333334,0.3,0.8,0.0,60
13402,2024-11-27 19:00:00,원지(도),경부선,목표(결빙),37.4538,127.0488,35.0,2,0.14666666666666667,-0.2,0.7,0.4,60
13402,2024-11-27 20:00:00,원지(도),경부선,목표(결빙),37.4538,127.0488,35.0,15,-0.5683333333333334,-0.8,-0.1,1.0,60
13402,2024-11-27 21:00:00,원지(도),경부선,목표(결빙),37.4538,127.0488,35.0,15,-0.4166666666666667,-0.6,0.0,1.0,60
13402,2024-11-27 22:00:00,원지(도),경부선,목표(결빙),37.4538,127.0488,35.0,2,-0.39666666666666667,-0.8,-0.1,1.0,60
13402,2024-11-27 23:00:00,원지(도),경부선,목표(결빙),37.4538,127.0488,35.0,2,-0.5083333333333333,-1.0,0.1,0.95,60
13402,2024-11-28 00:00:00,원지(도),경부선,목표(결빙),37.4538,127.0488,35.0,15,-1.2816666666666667,-1.6,-0.6,1.0,60
13402,2024-11-28 01:00:00,원지(도),경부선,목표(결빙),37.4538,127.0488,35.0,3,-1.5666666666666667,-2.0,-1.2,1.0,60
13402,2024-11-28 02:00:00,원지(도),경부선,목표(결빙),37.4538,127.0488,35.0,3,-1.5633333333333332,-1.9,-1.3,1.0,60
13402,2024-11-28 03:00:00,원지(도),경부선,목표(결빙),37.4538,127.0488,35.0,15,-1.6033333333333333,-1.9,-1.1,1.0,60
13402,2024-11-28 04:00:00,원지(도),경부선,목표(결빙),37.4538,127.0488,35.0,15,-1.96,-2.4,-1.5,1.0,60
13402,2024-11-28 05:00:00,원지(도),경부선,목표(결빙),37.4538,127.0488,35.0,15,-1.605,-2.1,-0.9,1.0,60
13402,2024-11-28 06:00:00,원지(도),경부선,목표(결빙),37.4538,127.0488,35.0,15,-0.715,-1.5,-0.3,1.0,60
13402,2024-11-28 07:00:00,원지(도),경부선,목표(결빙),37.4538,127.0488,35.0,15,-0.775,-1.7,-0.1,1.0,60
13402,2024-11-28 08:00:00,원지(도),경부선,목표(결빙),37.4538,127.0488,35.0,15,-0.3433333333333334,-1.2,0.4,0.75,60
13402,2024-11-28 09:00:00,원지(도),경부선,목표(결빙),37.4538,127.0488,35.0,2,0.5366666666666667,0.3,0.8,0.0,60
13402,2024-11-28 10:00:00,원지(도),경부선,목표(결빙),37.4538,127.0488,35.0,2,1.87,0.8,3.2,0.0,60
13402,2024-11-28 11:00:00,원지(도),경부선,목표(결빙),37.4538,127.0488,35.0,2,3.1300000000000003,2.5,4.1,0.0,60
13402,2024-11-28 12:00:00,원지(도),경부선,목표(결빙),37.4538,127.0488,35.0,2,4.3133333333333335,3.7,5.4,0.0,60
13402,2024-11-28 13:00:00,원지(도),경부선,목표(결빙),37.4538,127.0488,35.0,2,5.5233333333333325,4.6,6.8,0.0,60
13402,2024-11-28 14:00:00,원지(도),경부선,목표(결빙),37.4538,127.0488,35.0,2,4.25,4.0,4.8,0.0,60
13402,2024-11-28 15:00:00,원지(도),경부선,목표(결빙),37.4538,127.0488,35.0,2,3.165,2.1,4.1,0.0,60
13402,2024-11-28 16:00:00,원지(도),경부선,목표(결빙),37.4538,127.0488,35.0,2,1.9516666666666667,1.6,2.3,0.0,60
13402,2024-11-28 17:00:00,원지(도),경부선,목표(결빙),37.4538,127.0488,35.0,2,1.8716666666666666,1.5,2.1,0.0,60
13402,2024-11-28 18:00:00,원지(도),경부선,목표(결빙),37.4538,127.0488,35.0,2,1.6566666666666667,1.1,2.0,0.0,60
13402,2024-11-28 19:00:00,원지(도),경부선,목표(결빙),37.4538,127.0488,35.0,2,1.5366666666666666,1.0,1.7,0.0,60
13402,2024-11-28 20:00:00,원지(도),경부선,목표(결빙),37.4538,127.0488,35.0,2,1.5599999999999998,1.0,1.9,0.0,60
13402,2024-11-28 21:00:00,원지(도),경부선,목표(결빙),37.4538,127.0488,35.0,2,1.2566666666666668,0.7,1.9,0.0,60
13402,2024-11-28 22:00:00,원지(도),경부선,목표(결빙),37.4538,127.0488,35.0,14,0.5033333333333333,0.0,0.9,0.03333333333333333,60
13402,2024-11-28 23:00:00,원지(도),경부선,목표(결빙),37.4538,127.0488,35.0,14,-0.20666666666666667,-0.9,0.3,0.6666666666666666,60
13402,2024-11-29 00:00:00,원지(도),경부선,목표(결빙),37.4538,127.0488,35.0,14,-0.9333333333333333,-1.2,-0.6,1.0,60
13402,2024-11-29 01:00:00,원지(도),경부선,목표(결빙),37.4538,127.0488,35.0,14,-1.1483333333333334,-1.6,-0.8,1.0,60
13402,2024-11-29 02:00:00,원지(도),경부선,목표(결빙),37.4538,127.0488,35.0,14,-1.6716666666666666,-2.3,-0.8,1.0,60
13402,2024-11-29 03:00:00,원지(도),경부선,목표(결빙),37.4538,127.0488,35.0,14,-1.6966666666666665,-2.3,-1.0,1.0,60
13402,2024-11-29 04:00:00,원지(도),경부선,목표(결빙),37.4538,127.0488,35.0,14,-2.433333333333333,-2.7,-2.1,1.0,60
13402,2024-11-29 05:00:00,원지(도),경부선,목표(결빙),37.4538,127.0488,35.0,14,-2.8233333333333333,-3.2,-2.4,1.0,60
13402,2024-11-29 06:00:00,원지(도),경부선,목표(결빙),37.4538,127.0488,35.0,14,-3.18,-3.5,-2.7,1.0,60
13402,2024-11-29 07:00:00,원지(도),경부선,목표(결빙),37.4538,127.0488,35.0,14,-3.2916666666666665,-3.7,-2.9,1.0,60
13402,2024-11-29 08:00:00,원지(도),경부선,목표(결빙),37.4538,127.0488,35.0,14,-3.231666666666667,-3.7,-2.8,1.0,60
13402,2024-11-29 09:00:00,원지(도),경부선,목표(결빙),37.4538,127.0488,35.0,14,-1.9716666666666667,-3.1,-0.5,1.0,60
13402,2024-11-29 10:00:00,원지(도),경부선,목표(결빙),37.4538,127.0488,35.0,14,1.1933333333333336,-0.3,2.9,0.21666666666666667,60
13402,2024-11-29 11:00:00,원지(도),경부선,목표(결빙),37.4538,127.0488,35.0,14,4.5216666666666665,3.0,6.2,0.0,60
13402,2024-11-29 12:00:00,원지(도),경부선,목표(결빙),37.4538,127.0488,35.0,1,7.141666666666667,6.2,8.1,0.0,60
13402,2024-11-29 13:00:00,원지(도),경부선,목표(결빙),37.4538,127.0488,35.0,1,8.28,7.2,9.6,0.0,60
13402,2024-11-29 14:00:00,원지(도),경부선,목표(결빙),37.4538,127.0488,35.0,1,7.166666666666667,6.3,7.8,0.0,60
13402,2024-11-29 15:00:00,원지(도),경부선,목표(결빙),37.4538,127.0488,35.0,1,5.725,5.1,6.3,0.0,60
13402,2024-11-29 16:00:00,원지(도),경부선,목표(결빙),37.4538,127.0488,35.0,14,4.89,4.5,5.4,0.0,60
13402,2024-11-29 17:00:00,원지(도),경부선,목표(결빙),37.4538,127.0488,35.0,14,3.82,3.5,4.6,0.0,60
13402,2024-11-29 18:00:00,원지(도),경부선,목표(결빙),37.4538,127.0488,35.0,14,3.4,2.9,4.0,0.0,60
13402,2024-11-29 19:00:00,원지(도),경부선,목표(결빙),37.4538,127.0488,35.0,14,3.5283333333333333,2.8,4.1,0.0,60
13402,2024-11-29 20:00:00,원지(도),경부선,목표(결빙),37.4538,127.0488,35.0,2,2.7583333333333333,2.0,3.4,0.0,60
13402,2024-11-29 21:00:00,원지(도),경부선,목표(결빙),37.4538,127.0488,35.0,2,1.945,1.3,2.6,0.0,60
13402,2024-11-29 22:00:00,원지(도),경부선,목표(결빙),37.4538,127.0488,35.0,2,1.43,1.0,1.8,0.0,60
13402,2024-11-29 23:00:00,원지(도),경부선,목표(결빙),37.4538,127.0488,35.0,2,2.3033333333333332,0.9,2.9,0.0,60
13402,2024-11-30 00:00:00,원지(도),경부선,목표(결빙),37.4538,127.0488,35.0,2,2.025,1.1,2.5,0.0,60
13402,2024-11-30 01:00:00,원지(도),경부선,목표(결빙),37.4538,127.0488,35.0,2,2.0316666666666667,1.7,2.3,0.0,60
13402,2024-11-30 02:00:00,원지(도),경부선,목표(결빙),37.4538,127.0488,35.0,14,1.415,0.7,1.9,0.0,60
13402,2024-11-30 03:00:00,원지(도),경부선,목표(결빙),37.4538,127.0488,35.0,14,1.04,0.4,1.3,0.0,60
13402,2024-11-30 04:00:00,원지(도),경부선,목표(결빙),37.4538,127.0488,35.0,14,0.345,-0.6,1.2,0.35,60
13402,2024-11-30 05:00:00,원지(도),경부선,목표(결빙),37.4538,127.0488,35.0,14,-0.27666666666666667,-0.6,0.2,0.85,60
13402,2024-11-30 06:00:00,원지(도),경부선,목표(결빙),37.4538,127.0488,35.0,14,-0.5666666666666667,-0.9,-0.3,1.0,60
13402,2024-11-30 07:00:00,원지(도),경부선,목표(결빙),37.4538,127.0488,35.0,14,-0.5966666666666666,-1.1,0.0,1.0,60
13402,2024-11-30 08:00:00,원지(도),경부선,목표(결빙),37.4538,127.0488,35.0,14,-0.8066666666666666,-1.2,-0.4,1.0,60
13402,2024-11-30 09:00:00,원지(도),경부선,목표(결빙),37.4538,127.0488,35.0,14,0.6016666666666667,-0.9,1.9,0.35,60
13402,2024-11-30 10:00:00,원지(도),경부선,목표(결빙),37.4538,127.0488,35.0,14,3.915,2.1,5.7,0.0,60
13402,2024-11-30 11:00:00,원지(도),경부선,목표(결빙),37.4538,127.0488,35.0,14,5.8966666666666665,5.0,7.5,0.0,60
13402,2024-11-30 12:00:00,원지(도),경부선,목표(결빙),37.4538,127.0488,35.0,14,5.826666666666667,5.3,6.2,0.0,60
13402,2024-11-30 13:00:00,원지(도),경부선,목표(결빙),37.4538,127.0488,35.0,14,5.991666666666666,5.3,6.8,0.0,60
13402,2024-11-30 14:00:00,원지(도),경부선,목표(결빙),37.4538,127.0488,35.0,14,7.088333333333334,6.6,7.5,0.0,60
13402,2024-11-30 15:00:00,원지(도),경부선,목표(결빙),37.4538,127.0488,35.0,14,7.3966666666666665,7.3,7.6,0.0,60
13402,2024-11-30 16:00:00,원지(도),경부선,목표(결빙),37.4538,127.0488,35.0,2,7.081666666666666,6.3,7.6,0.0,60
13402,2024-11-30 17:00:00,원지(도),경부선,목표(결빙),37.4538,127.0488,35.0,2,5.705,5.0,6.7,0.0,60
13402,2024-11-30 18:00:00,원지(도),경부선,목표(결빙),37.4538,127.0488,35.0,14,5.6866666666666665,5.2,6.4,0.0,60
13402,2024-11-30 19:00:00,원지(도),경부선,목표(결빙),37.4538,127.0488,35.0,2,5.5633333333333335,4.7,6.7,0.0,60
13402,2024-11-30 20:00:00,원지(도),경부선,목표(결빙),37.4538,127.0488,35.0,2,5.221666666666667,4.5,6.0,0.0,60
13402,2024-11-30 21:00:00,원지(도),경부선,목표(결빙),37.4538,127.0488,35.0,2,4.318333333333333,3.6,5.2,0.0,60
13402,2024-11-30 22:00:00,원지(도),경부선,목표(결빙),37.4538,127.0488,35.0,2,4.241666666666666,3.2,5.5,0.0,60
13402,2024-11-30 23:00:00,원지(도),경부선,목표(결빙),37.4538,127.0488,35.0,2,3.1483333333333334,2.3,3.7,0.0,60
13402,2024-12-01 00:00:00,원지(도),경부선,목표(결빙),37.4538,127.0488,35.0,2,2.5133333333333336,1.7,3.3,0.0,60
13402,2024-12-01 01:00:00,원지(도),경부선,목표(결빙),37.4538,127.0488,35.0,2,1.6266666666666665,1.0,2.1,0.0,60
13402,2024-12-01 02:00:00,원지(도),경부선,목표(결빙),37.4538,127.0488,35.0,2,1.0466666666666666,0.6,1.6,0.0,60
13402,2024-12-01 03:00:00,원지(도),경부선,목표(결빙),37.4538,127.0488,35.0,2,0.7533333333333334,0.3,1.1,0.0,60
13402,2024-12-01 04:00:00,원지(도),경부선,목표(결빙),37.4538,127.0488,35.0,2,0.4166666666666667,0.0,0.8,0.05,60
13402,2024-12-01 05:00:00,원지(도),경부선,목표(결빙),37.4538,127.0488,35.0,2,0.17833333333333332,-0.2,0.7,0.2833333333333333,60
13402,2024-12-01 06:00:00,원지(도),경부선,목표(결빙),37.4538,127.0488,35.0,2,0.16333333333333336,0.0,0.4,0.23333333333333334,60
13402,2024-12-01 07:00:00,원지(도),경부선,목표(결빙),37.4538,127.0488,35.0,2,0.8350000000000001,0.4,1.2,0.0,60
13402,2024-12-01 08:00:00,원지(도),경부선,목표(결빙),37.4538,127.0488,35.0,2,0.9149999999999999,0.6,1.5,0.0,60
13402,2024-12-01 09:00:00,원지(도),경부선,목표(결빙),37.4538,127.0488,35.0,2,2.2783333333333333,1.3,3.6,0.0,60
13402,2024-12-01 10:00:00,원지(도),경부선,목표(결빙),37.4538,127.0488,35.0,2,4.73,3.6,5.5,0.0,60
13402,2024-12-01 11:00:00,원지(도),경부선,목표(결빙),37.4538,127.0488,35.0,2,6.888333333333334,5.2,8.5,0.0,60
13402,2024-12-01 12:00:00,원지(도),경부선,목표(결빙),37.4538,127.0488,35.0,14,9.208333333333334,8.0,10.1,0.0,60
13402,2024-12-01 13:00:00,원지(도),경부선,목표(결빙),37.4538,127.0488,35.0,14,9.6,9.0,10.2,0.0,60
13402,2024-12-01 14:00:00,원지(도),경부선,목표(결빙),37.4538,127.0488,35.0,1,9.896666666666667,9.5,10.4,0.0,60
13402,2024-12-01 15:00:00,원지(도),경부선,목표(결빙),37.4538,127.0488,35.0,1,10.076666666666666,9.5,10.6,0.0,60
13402,2024-12-01 16:00:00,원지(도),경부선,목표(결빙),37.4538,127.0488,35.0,1,10.111666666666668,9.7,10.6,0.0,60
13402,2024-12-01 17:00:00,원지(도),경부선,목표(결빙),37.4538,127.0488,35.0,1,9.585,8.2,10.2,0.0,60
13402,2024-12-01 18:00:00,원지(도),경부선,목표(결빙),37.4538,127.0488,35.0,14,8.243333333333334,6.8,9.4,0.0,60
13402,2024-12-01 19:00:00,원지(도),경부선,목표(결빙),37.4538,127.0488,35.0,1,6.87,5.8,8.8,0.0,60
13402,2024-12-01 20:00:00,원지(도),경부선,목표(결빙),37.4538,127.0488,35.0,14,6.864999999999999,5.8,8.7,0.0,60
13402,2024-12-01 21:00:00,원지(도),경부선,목표(결빙),37.4538,127.0488,35.0,14,7.0216666666666665,6.5,8.9,0.0,60
13402,2024-12-01 22:00:00,원지(도),경부선,목표(결빙),37.4538,127.0488,35.0,2,6.1433333333333335,5.4,7.7,0.0,60
13402,2024-12-01 23:00:00,원지(도),경부선,목표(결빙),37.4538,127.0488,35.0,2,5.941666666666666,5.2,6.5,0.0,60
13402,2024-12-02 00:00:00,원지(도),경부선,목표(결빙),37.4538,127.0488,35.0,2,4.9399999999999995,4.0,6.3,0.0,60
13402,2024-12-02 01:00:00,원지(도),경부선,목표(결빙),37.4538,127.0488,35.0,2,3.9699999999999998,3.4,5.1,0.0,60
13402,2024-12-02 02:00:00,원지(도),경부선,목표(결빙),37.4538,127.0488,35.0,2,3.515,3.0,3.9,0.0,60
13402,2024-12-02 03:00:00,원지(도),경부선,목표(결빙),37.4538,127.0488,35.0,2,3.0866666666666664,2.7,3.7,0.0,60
13402,2024-12-02 04:00:00,원지(도),경부선,목표(결빙),37.4538,127.0488,35.0,2,2.85,2.3,3.4,0.0,60
13402,2024-12-02 05:00:00,원지(도),경부선,목표(결빙),37.4538,127.0488,35.0,2,2.86,2.3,3.4,0.0,60
13402,2024-12-02 06:00:00,원지(도),경부선,목표(결빙),37.4538,127.0488,35.0,2,3.1383333333333336,2.6,3.7,0.0,60
13402,2024-12-02 07:00:00,원지(도),경부선,목표(결빙),37.4538,127.0488,35.0,2,3.3483333333333336,2.8,4.0,0.0,60
13402,2024-12-02 08:00:00,원지(도),경부선,목표(결빙),37.4538,127.0488,35.0,2,4.115,3.4,5.1,0.0,60
13402,2024-12-02 09:00:00,원지(도),경부선,목표(결빙),37.4538,127.0488,35.0,2,5.52,4.4,7.6,0.0,60
13402,2024-12-02 10:00:00,원지(도),경부선,목표(결빙),37.4538,127.0488,35.0,2,8.526666666666667,7.0,10.1,0.0,60
13402,2024-12-02 11:00:00,원지(도),경부선,목표(결빙),37.4538,127.0488,35.0,2,10.468333333333334,8.2,12.4,0.0,60
13402,2024-12-02 12:00:00,원지(도),경부선,목표(결빙),37.4538,127.0488,35.0,2,12.553333333333335,11.4,14.3,0.0,60
13402,2024-12-02 13:00:00,원지(도),경부선,목표(결빙),37.4538,127.0488,35.0,2,12.991666666666667,12.2,13.8,0.0,60
13402,2024-12-02 14:00:00,원지(도),경부선,목표(결빙),37.4538,127.0488,35.0,2,12.996666666666666,11.2,13.6,0.0,60
13402,2024-12-02 15:00:00,원지(도),경부선,목표(결빙),37.4538,127.0488,35.0,14,13.055,12.7,13.4,0.0,60
13402,2024-12-02 16:00:00,원지(도),경부선,목표(결빙),37.4538,127.0488,35.0,1,12.51,12.1,12.9,0.0,60
13402,2024-12-02 17:00:00,원지(도),경부선,목표(결빙),37.4538,127.0488,35.0,1,11.548333333333334,10.7,12.4,0.0,60
13402,2024-12-02 18:00:00,원지(도),경부선,목표(결빙),37.4538,127.0488,35.0,1,10.306666666666667,9.8,10.9,0.0,60
13402,2024-12-02 19:00:00,원지(도),경부선,목표(결빙),37.4538,127.0488,35.0,1,9.6,8.8,10.0,0.0,60
13402,2024-12-02 20:00:00,원지(도),경부선,목표(결빙),37.4538,127.0488,35.0,1,8.065,7.5,8.7,0.0,60
13402,2024-12-02 21:00:00,원지(도),경부선,목표(결빙),37.4538,127.0488,35.0,1,7.08,6.2,7.7,0.0,60
13402,2024-12-02 22:00:00,원지(도),경부선,목표(결빙),37.4538,127.0488,35.0,1,5.73,5.0,6.3,0.0,60
13402,2024-12-02 23:00:00,원지(도),경부선,목표(결빙),37.4538,127.0488,35.0,1,4.401666666666667,3.7,5.0,0.0,60
13402,2024-12-03 00:00:00,원지(도),경부선,목표(결빙),37.4538,127.0488,35.0,1,3.316666666666667,2.4,3.9,0.0,60
13402,2024-12-03 01:00:00,원지(도),경부선,목표(결빙),37.4538,127.0488,35.0,1,2.256666666666667,1.6,2.9,0.0,60
13402,2024-12-03 02:00:00,원지(도),경부선,목표(결빙),37.4538,127.0488,35.0,1,1.8583333333333334,1.5,2.2,0.0,60
13402,2024-12-03 03:00:00,원지(도),경부선,목표(결빙),37.4538,127.0488,35.0,1,1.2716666666666667,1.1,1.7,0.0,60
13402,2024-12-03 04:00:00,원지(도),경부선,목표(결빙),37.4538,127.0488,35.0,1,0.5783333333333334,-0.1,1.1,0.08333333333333333,60
13402,2024-12-03 05:00:00,원지(도),경부선,목표(결빙),37.4538,127.0488,35.0,1,0.41833333333333333,0.2,0.5,0.0,60
13402,2024-12-03 06:00:00,원지(도),경부선,목표(결빙),37.4538,127.0488,35.0,1,0.18000000000000002,-0.1,0.5,0.31666666666666665,60
13402,2024-12-03 07:00:00,원지(도),경부선,목표(결빙),37.4538,127.0488,35.0,1,0.5,0.4,0.7,0.0,60
13402,2024-12-03 08:00:00,원지(도),경부선,목표(결빙),37.4538,127.0488,35.0,1,0.35333333333333333,0.2,0.5,0.0,60
13402,2024-12-03 09:00:00,원지(도),경부선,목표(결빙),37.4538,127.0488,35.0,1,1.4016666666666666,0.4,2.2,0.0,60
13402,2024-12-03 10:00:00,원지(도),경부선,목표(결빙),37.4538,127.0488,35.0,1,2.933333333333333,1.4,4.6,0.0,60
13402,2024-12-03 11:00:00,원지(도),경부선,목표(결빙),37.4538,127.0488,35.0,1,5.668333333333334,4.3,7.8,0.0,60
13402,2024-12-03 12:00:00,원지(도),경부선,목표(결빙),37.4538,127.0488,35.0,1,8.938333333333333,8.0,9.8,0.0,60
13402,2024-12-03 13:00:00,원지(도),경부선,목표(결빙),37.4538,127.0488,35.0,1,10.623333333333333,9.9,11.3,0.0,60
13402,2024-12-03 14:00:00,원지(도),경부선,목표(결빙),37.4538,127.0488,35.0,1,8.213333333333333,6.0,10.6,0.0,60
13402,2024-12-03 15:00:00,원지(도),경부선,목표(결빙),37.4538,127.0488,35.0,1,5.245,4.6,6.1,0.0,60
13402,2024-12-03 16:00:00,원지(도),경부선,목표(결빙),37.4538,127.0488,35.0,1,4.683333333333334,4.4,5.0,0.0,60
13402,2024-12-03 17:00:00,원지(도),경부선,목표(결빙),37.4538,127.0488,35.0,1,4.475,4.1,4.9,0.0,60
13402,2024-12-03 18:00:00,원지(도),경부선,목표(결빙),37.4538,127.0488,35.0,1,3.5383333333333336,3.0,4.4,0.0,60
13402,2024-12-03 19:00:00,원지(도),경부선,목표(결빙),37.4538,127.0488,35.0,1,3.33,2.8,3.9,0.0,60
13402,2024-12-03 20:00:00,원지(도),경부선,목표(결빙),37.4538,127.0488,35.0,1,2.8266666666666667,2.3,3.4,0.0,60
13402,2024-12-03 21:00:00,원지(도),경부선,목표(결빙),37.4538,127.0488,35.0,1,2.9133333333333336,2.4,3.2,0.0,60
13402,2024-12-03 22:00:00,원지(도),경부선,목표(결빙),37.4538,127.0488,35.0,1,2.6133333333333337,2.3,3.1,0.0,60
13402,2024-12-03 23:00:00,원지(도),경부선,목표(결빙),37.4538,127.0488,35.0,1,2.9316666666666666,2.6,3.4,0.0,60
13402,2024-12-04 00:00:00,원지(도),경부선,목표(결빙),37.4538,127.0488,35.0,1,3.055,2.8,3.3,0.0,60
13402,2024-12-04 01:00:00,원지(도),경부선,목표(결빙),37.4538,127.0488,35.0,14,3.1983333333333333,2.9,3.5,0.0,60
13402,2024-12-04 02:00:00,원지(도),경부선,목표(결빙),37.4538,127.0488,35.0,14,2.7216666666666667,2.2,3.4,0.0,60
13402,2024-12-04 03:00:00,원지(도),경부선,목표(결빙),37.4538,127.0488,35.0,14,2.165,1.6,2.5,0.0,60
13402,2024-12-04 04:00:00,원지(도),경부선,목표(결빙),37.4538,127.0488,35.0,14,1.28,0.7,1.7,0.0,60
13402,2024-12-04 05:00:00,원지(도),경부선,목표(결빙),37.4538,127.0488,35.0,14,0.5516666666666666,-0.1,1.0,0.016666666666666666,60
13402,2024-12-04 06:00:00,원지(도),경부선,목표(결빙),37.4538,127.0488,35.0,14,0.12166666666666666,-0.2,0.6,0.4666666666666667,60
13402,2024-12-04 07:00:00,원지(도),경부선,목표(결빙),37.4538,127.0488,35.0,1,-0.19666666666666668,-0.5,0.1,0.95,60
13402,2024-12-04 08:00:00,원지(도),경부선,목표(결빙),37.4538,127.0488,35.0,1,-0.5433333333333333,-0.9,-0.1,1.0,60
13402,2024-12-04 09:00:00,원지(도),경부선,목표(결빙),37.4538,127.0488,35.0,1,0.6950000000000001,-0.6,2.3,0.2833333333333333,60
13402,2024-12-04 10:00:00,원지(도),경부선,목표(결빙),37.4538,127.0488,35.0,1,4.223333333333334,2.2,5.9,0.0,60
13402,2024-12-04 11:00:00,원지(도),경부선,목표(결빙),37.4538,127.0488,35.0,1,7.633333333333334,6.1,9.2,0.0,60
13402,2024-12-04 12:00:00,원지(도),경부선,목표(결빙),37.4538,127.0488,35.0,1,10.323333333333332,9.3,11.0,0.0,60
13402,2024-12-04 13:00:00,원지(도),경부선,목표(결빙),37.4538,127.0488,35.0,1,11.838333333333333,11.0,12.8,0.0,60
13402,2024-12-04 14:00:00,원지(도),경부선,목표(결빙),37.4538,127.0488,35.0,1,9.125,7.1,11.2,0.0,60
13402,2024-12-04 15:00:00,원지(도),경부선,목표(결빙),37.4538,127.0488,35.0,1,6.578333333333333,6.1,7.2,0.0,60
13402,2024-12-04 16:00:00,원지(도),경부선,목표(결빙),37.4538,127.0488,35.0,1,5.9766666666666675,5.8,6.2,0.0,60
13402,2024-12-04 17:00:00,원지(도),경부선,목표(결빙),37.4538,127.0488,35.0,1,5.96,5.7,6.3,0.0,60
13402,2024-12-04 18:00:00,원지(도),경부선,목표(결빙),37.4538,127.0488,35.0,1,4.84,4.1,6.1,0.0,60
13402,2024-12-04 19:00:00,원지(도),경부선,목표(결빙),37.4538,127.0488,35.0,1,4.043333333333333,3.4,4.4,0.0,60
13402,2024-12-04 20:00:00,원지(도),경부선,목표(결빙),37.4538,127.0488,35.0,1,2.8666666666666667,2.4,3.5,0.0,60
13402,2024-12-04 21:00:00,원지(도),경부선,목표(결빙),37.4538,127.0488,35.0,1,2.0483333333333333,1.5,2.6,0.0,60
13402,2024-12-04 22:00:00,원지(도),경부선,목표(결빙),37.4538,127.0488,35.0,1,1.5833333333333333,1.2,2.0,0.0,60
13402,2024-12-04 23:00:00,원지(도),경부선,목표(결빙),37.4538,127.0488,35.0,1,1.475,1.0,2.0,0.0,60
13402,2024-12-05 00:00:00,원지(도),경부선,목표(결빙),37.4538,127.0488,35.0,1,1.825,1.3,2.3,0.0,60
13402,2024-12-05 01:00:00,원지(도),경부선,목표(결빙),37.4538,127.0488,35.0,1,1.5333333333333334,0.9,2.4,0.0,60
13402,2024-12-05 02:00:00,원지(도),경부선,목표(결빙),37.4538,127.0488,35.0,1,0.6383333333333334,0.1,1.1,0.0,60
13402,2024-12-05 03:00:00,원지(도),경부선,목표(결빙),37.4538,127.0488,35.0,1,0.4266666666666667,-0.1,1.1,0.06666666666666667,60
13402,2024-12-05 04:00:00,원지(도),경부선,목표(결빙),37.4538,127.0488,35.0,1,-0.14,-0.9,0.7,0.8333333333333334,60
13402,2024-12-05 05:00:00,원지(도),경부선,목표(결빙),37.4538,127.0488,35.0,1,-0.2866666666666667,-0.7,0.3,0.85,60
13402,2024-12-05 06:00:00,원지(도),경부선,목표(결빙),37.4538,127.0488,35.0,1,0.06666666666666667,-0.4,0.7,0.5666666666666667,60
13402,2024-12-05 07:00:00,원지(도),경부선,목표(결빙),37.4538,127.0488,35.0,1,-0.28500000000000003,-0.6,0.1,0.9833333333333333,60
13402,2024-12-05 08:00:00,원지(도),경부선,목표(결빙),37.4538,127.0488,35.0,1,-0.38333333333333336,-0.8,0.1,0.9833333333333333,60
13402,2024-12-05 09:00:00,원지(도),경부선,목표(결빙),37.4538,127.0488,35.0,1,0.9233333333333333,-0.4,2.3,0.16666666666666666,60
13402,2024-12-05 10:00:00,원지(도),경부선,목표(결빙),37.4538,127.0488,35.0,1,4.255,2.5,5.9,0.0,60
13402,2024-12-05 11:00:00,원지(도),경부선,목표(결빙),37.4538,127.0488,35.0,1,7.753333333333333,5.1,9.7,0.0,60
13402,2024-12-05 12:00:00,원지(도),경부선,목표(결빙),37.4538,127.0488,35.0,1,11.348333333333333,9.7,12.7,0.0,60
13402,2024-12-05 13:00:00,원지(도),경부선,목표(결빙),37.4538,127.0488,35.0,1,12.898333333333333,12.3,13.3,0.0,60
13402,2024-12-05 14:00:00,원지(도),경부선,목표(결빙),37.4538,127.0488,35.0,1,11.168333333333333,10.2,13.1,0.0,60
13402,2024-12-05 15:00:00,원지(도),경부선,목표(결빙),37.4538,127.0488,35.0,1,9.545,8.4,10.7,0.0,60
13402,2024-12-05 16:00:00,원지(도),경부선,목표(결빙),37.4538,127.0488,35.0,1,8.931666666666667,7.9,10.0,0.0,60
13402,2024-12-05 17:00:00,원지(도),경부선,목표(결빙),37.4538,127.0488,35.0,1,8.021666666666667,5.5,9.2,0.0,60
13402,2024-12-05 18:00:00,원지(도),경부선,목표(결빙),37.4538,127.0488,35.0,2,5.838333333333334,5.0,6.4,0.0,60
13402,2024-12-05 19:00:00,원지(도),경부선,목표(결빙),37.4538,127.0488,35.0,2,5.943333333333333,5.0,6.6,0.0,60
13402,2024-12-05 20:00:00,원지(도),경부선,목표(결빙),37.4538,127.0488,35.0,2,6.181666666666667,5.6,6.6,0.0,60
13402,2024-12-05 21:00:00,원지(도),경부선,목표(결빙),37.4538,127.0488,35.0,2,5.066666666666666,3.8,6.0,0.0,60
13402,2024-12-05 22:00:00,원지(도),경부선,목표(결빙),37.4538,127.0488,35.0,2,2.981666666666667,2.2,3.9,0.0,60
13402,2024-12-05 23:00:00,원지(도),경부선,목표(결빙),37.4538,127.0488,35.0,2,3.4916666666666667,2.7,5.1,0.0,60
13402,2024-12-06 00:00:00,원지(도),경부선,목표(결빙),37.4538,127.0488,35.0,2,4.355,3.9,4.6,0.0,60
13402,2024-12-06 01:00:00,원지(도),경부선,목표(결빙),37.4538,127.0488,35.0,2,3.9466666666666668,3.7,4.3,0.0,60
13402,2024-12-06 02:00:00,원지(도),경부선,목표(결빙),37.4538,127.0488,35.0,2,3.0983333333333336,2.6,3.7,0.0,60
13402,2024-12-06 03:00:00,원지(도),경부선,목표(결빙),37.4538,127.0488,35.0,2,2.2550000000000003,1.9,2.7,0.0,60
13402,2024-12-06 04:00:00,원지(도),경부선,목표(결빙),37.4538,127.0488,35.0,14,1.6266666666666665,1.3,2.0,0.0,60
13402,2024-12-06 05:00:00,원지(도),경부선,목표(결빙),37.4538,127.0488,35.0,14,1.2316666666666667,0.8,1.6,0.0,60
13402,2024-12-06 06:00:00,원지(도),경부선,목표(결빙),37.4538,127.0488,35.0,1,1.5833333333333333,1.2,2.0,0.0,60
13402,2024-12-06 07:00:00,원지(도),경부선,목표(결빙),37.4538,127.0488,35.0,1,1.8383333333333334,1.4,2.1,0.0,60
13402,2024-12-06 08:00:00,원지(도),경부선,목표(결빙),37.4538,127.0488,35.0,1,1.6966666666666665,1.4,2.2,0.0,60
13402,2024-12-06 09:00:00,원지(도),경부선,목표(결빙),37.4538,127.0488,35.0,1,2.435,1.4,3.5,0.0,60
13402,2024-12-06 10:00:00,원지(도),경부선,목표(결빙),37.4538,127.0488,35.0,1,4.89,3.5,6.3,0.0,60
13402,2024-12-06 11:00:00,원지(도),경부선,목표(결빙),37.4538,127.0488,35.0,1,7.656666666666666,6.1,9.0,0.0,60
13402,2024-12-06 12:00:00,원지(도),경부선,목표(결빙),37.4538,127.0488,35.0,1,10.08,8.8,11.0,0.0,60
13402,2024-12-06 13:00:00,원지(도),경부선,목표(결빙),37.4538,127.0488,35.0,1,11.41,10.9,11.8,0.0,60
13402,2024-12-06 14:00:00,원지(도),경부선,목표(결빙),37.4538,127.0488,35.0,1,8.568333333333333,6.6,10.8,0.0,60
13402,2024-12-06 15:00:00,원지(도),경부선,목표(결빙),37.4538,127.0488,35.0,1,6.0616666666666665,5.3,7.1,0.0,60
13402,2024-12-06 16:00:00,원지(도),경부선,목표(결빙),37.4538,127.0488,35.0,1,5.176666666666667,4.8,5.6,0.0,60
13402,2024-12-06 17:00:00,원지(도),경부선,목표(결빙),37.4538,127.0488,35.0,1,4.805000000000001,4.4,5.0,0.0,60
13402,2024-12-06 18:00:00,원지(도),경부선,목표(결빙),37.4538,127.0488,35.0,1,4.4350000000000005,4.0,4.9,0.0,60
13402,2024-12-06 19:00:00,원지(도),경부선,목표(결빙),37.4538,127.0488,35.0,1,3.578333333333333,3.2,4.3,0.0,60
13402,2024-12-06 20:00:00,원지(도),경부선,목표(결빙),37.4538,127.0488,35.0,1,2.878333333333333,2.2,3.8,0.0,60
13402,2024-12-06 21:00:00,원지(도),경부선,목표(결빙),37.4538,127.0488,35.0,1,1.8883333333333332,1.5,2.5,0.0,60
13402,2024-12-06 22:00:00,원지(도),경부선,목표(결빙),37.4538,127.0488,35.0,1,1.3883333333333332,1.1,1.9,0.0,60
13402,2024-12-06 23:00:00,원지(도),경부선,목표(결빙),37.4538,127.0488,35.0,1,1.7866666666666666,1.4,2.2,0.0,60
13402,2024-12-07 00:00:00,원지(도),경부선,목표(결빙),37.4538,127.0488,35.0,1,1.28,0.7,1.8,0.0,60
13402,2024-12-07 01:00:00,원지(도),경부선,목표(결빙),37.4538,127.0488,35.0,1,0.02333333333333333,-0.3,0.5,0.65,60
13402,2024-12-07 02:00:00,원지(도),경부선,목표(결빙),37.4538,127.0488,35.0,1,-0.4716666666666667,-0.9,0.0,1.0,60
13402,2024-12-07 03:00:00,원지(도),경부선,목표(결빙),37.4538,127.0488,35.0,1,-1.1516666666666666,-1.4,-0.8,1.0,60
13402,2024-12-07 04:00:00,원지(도),경부선,목표(결빙),37.4538,127.0488,35.0,1,-1.7566666666666668,-2.4,-1.3,1.0,60
13402,2024-12-07 05:00:00,원지(도),경부선,목표(결빙),37.4538,127.0488,35.0,1,-2.2133333333333334,-2.5,-1.8,1.0,60
13402,2024-12-07 06:00:00,원지(도),경부선,목표(결빙),37.4538,127.0488,35.0,1,-2.4466666666666668,-2.6,-2.3,1.0,60
13402,2024-12-07 07:00:00,원지(도),경부선,목표(결빙),37.4538,127.0488,35.0,1,-2.32,-2.6,-1.8,1.0,60
13402,2024-12-07 08:00:00,원지(도),경부선,목표(결빙),37.4538,127.0488,35.0,1,-2.2199999999999998,-2.6,-1.6,1.0,60
13402,2024-12-07 09:00:00,원지(도),경부선,목표(결빙),37.4538,127.0488,35.0,1,-0.6016666666666667,-1.8,0.6,0.6833333333333333,60
13402,2024-12-07 10:00:00,원지(도),경부선,목표(결빙),37.4538,127.0488,35.0,1,2.4283333333333332,0.6,3.9,0.0,60
13402,2024-12-07 11:00:00,원지(도),경부선,목표(결빙),37.4538,127.0488,35.0,1,5.305000000000001,4.0,6.5,0.0,60
13402,2024-12-07 12:00:00,원지(도),경부선,목표(결빙),37.4538,127.0488,35.0,1,7.786666666666666,6.7,8.8,0.0,60
13402,2024-12-07 13:00:00,원지(도),경부선,목표(결빙),37.4538,127.0488,35.0,1,9.128333333333334,8.7,9.6,0.0,60
13402,2024-12-07 14:00:00,원지(도),경부선,목표(결빙),37.4538,127.0488,35.0,1,7.011666666666667,5.3,9.1,0.0,60
13402,2024-12-07 15:00:00,원지(도),경부선,목표(결빙),37.4538,127.0488,35.0,1,4.961666666666667,4.2,5.7,0.0,60
13402,2024-12-07 16:00:00,원지(도),경부선,목표(결빙),37.4538,127.0488,35.0,1,4.466666666666667,4.1,4.9,0.0,60
13402,2024-12-07 17:00:00,원지(도),경부선,목표(결빙),37.4538,127.0488,35.0,1,4.355,4.0,4.7,0.0,60
13402,2024-12-07 18:00:00,원지(도),경부선,목표(결빙),37.4538,127.0488,35.0,1,3.5816666666666666,3.1,4.1,0.0,60
13402,2024-12-07 19:00:00,원지(도),경부선,목표(결빙),37.4538,127.0488,35.0,1,3.115,2.6,3.4,0.0,60
13402,2024-12-07 20:00:00,원지(도),경부선,목표(결빙),37.4538,127.0488,35.0,1,2.203333333333333,1.9,2.6,0.0,60
13402,2024-12-07 21:00:00,원지(도),경부선,목표(결빙),37.4538,127.0488,35.0,1,1.5916666666666666,1.1,2.0,0.0,60
13402,2024-12-07 22:00:00,원지(도),경부선,목표(결빙),37.4538,127.0488,35.0,1,1.03,0.7,1.4,0.0,60
13402,2024-12-07 23:00:00,원지(도),경부선,목표(결빙),37.4538,127.0488,35.0,1,0.5966666666666666,0.4,0.8,0.0,60
13402,2024-12-08 00:00:00,원지(도),경부선,목표(결빙),37.4538,127.0488,35.0,1,0.018333333333333333,-0.3,0.5,0.7,60
13402,2024-12-08 01:00:00,원지(도),경부선,목표(결빙),37.4538,127.0488,35.0,1,-0.48166666666666663,-0.9,-0.2,1.0,60
13402,2024-12-08 02:00:00,원지(도),경부선,목표(결빙),37.4538,127.0488,35.0,1,-1.0783333333333334,-1.3,-0.8,1.0,60
13402,2024-12-08 03:00:00,원지(도),경부선,목표(결빙),37.4538,127.0488,35.0,1,-1.585,-1.9,-1.4,1.0,60
13402,2024-12-08 04:00:00,원지(도),경부선,목표(결빙),37.4538,127.0488,35.0,1,-2.0483333333333333,-2.3,-1.9,1.0,60
13402,2024-12-08 05:00:00,원지(도),경부선,목표(결빙),37.4538,127.0488,35.0,1,-2.2816666666666667,-2.5,-2.1,1.0,60
13402,2024-12-08 06:00:00,원지(도),경부선,목표(결빙),37.4538,127.0488,35.0,1,-2.5933333333333333,-3.2,-2.3,1.0,60
13402,2024-12-08 07:00:00,원지(도),경부선,목표(결빙),37.4538,127.0488,35.0,1,-3.14,-3.4,-2.9,1.0,60
13402,2024-12-08 08:00:00,원지(도),경부선,목표(결빙),37.4538,127.0488,35.0,1,-2.95,-3.3,-2.5,1.0,60
13402,2024-12-08 09:00:00,원지(도),경부선,목표(결빙),37.4538,127.0488,35.0,1,-1.88,-3.2,-0.3,1.0,60
13402,2024-12-08 10:00:00,원지(도),경부선,목표(결빙),37.4538,127.0488,35.0,1,0.9616666666666667,-0.4,2.2,0.18333333333333332,60
13402,2024-12-08 11:00:00,원지(도),경부선,목표(결빙),37.4538,127.0488,35.0,1,3.885,2.2,5.4,0.0,60
13402,2024-12-08 12:00:00,원지(도),경부선,목표(결빙),37.4538,127.0488,35.0,1,6.575,5.2,7.8,0.0,60
13402,2024-12-08 13:00:00,원지(도),경부선,목표(결빙),37.4538,127.0488,35.0,1,8.616666666666667,7.8,9.1,0.0,60
13402,2024-12-08 14:00:00,원지(도),경부선,목표(결빙),37.4538,127.0488,35.0,1,6.251666666666667,4.3,8.8,0.0,60
13402,2024-12-08 15:00:00,원지(도),경부선,목표(결빙),37.4538,127.0488,35.0,1,3.915,3.5,4.5,0.0,60
13402,2024-12-08 16:00:00,원지(도),경부선,목표(결빙),37.4538,127.0488,35.0,1,3.5,3.3,3.8,0.0,60
13402,2024-12-08 17:00:00,원지(도),경부선,목표(결빙),37.4538,127.0488,35.0,1,3.4716666666666667,3.2,3.7,0.0,60
13402,2024-12-08 18:00:00,원지(도),경부선,목표(결빙),37.4538,127.0488,35.0,1,2.683333333333333,1.9,3.6,0.0,60
13402,2024-12-08 19:00:00,원지(도),경부선,목표(결빙),37.4538,127.0488,35.0,1,1.7633333333333332,1.2,2.2,0.0,60
13402,2024-12-08 20:00:00,원지(도),경부선,목표(결빙),37.4538,127.0488,35.0,1,0.6283333333333334,0.1,1.1,0.0,60
13402,2024-12-08 21:00:00,원지(도),경부선,목표(결빙),37.4538,127.0488,35.0,1,-0.06166666666666667,-0.5,0.4,0.7333333333333333,60
13402,2024-12-08 22:00:00,원지(도),경부선,목표(결빙),37.4538,127.0488,35.0,1,-0.5549999999999999,-1.1,0.1,0.95,60
13402,2024-12-08 23:00:00,원지(도),경부선,목표(결빙),37.4538,127.0488,35.0,1,-0.8866666666666667,-1.3,-0.3,1.0,60
13402,2024-12-09 00:00:00,원지(도),경부선,목표(결빙),37.4538,127.0488,35.0,1,-1.4916666666666667,-2.0,-0.7,1.0,60
13402,2024-12-09 01:00:00,원지(도),경부선,목표(결빙),37.4538,127.0488,35.0,1,-2.1,-2.9,-1.6,1.0,60
13402,2024-12-09 02:00:00,원지(도),경부선,목표(결빙),37.4538,127.0488,35.0,1,-2.746666666666667,-3.4,-2.1,1.0,60
13402,2024-12-09 03:00:00,원지(도),경부선,목표(결빙),37.4538,127.0488,35.0,1,-3.225,-3.8,-2.5,1.0,60
13402,2024-12-09 04:00:00,원지(도),경부선,목표(결빙),37.4538,127.0488,35.0,1,-3.5616666666666665,-4.1,-3.2,1.0,60
13402,2024-12-09 05:00:00,원지(도),경부선,목표(결빙),37.4538,127.0488,35.0,1,-3.8383333333333334,-4.5,-3.3,1.0,60
13402,2024-12-09 06:00:00,원지(도),경부선,목표(결빙),37.4538,127.0488,35.0,1,-3.7733333333333334,-4.0,-3.3,1.0,60
13402,2024-12-09 07:00:00,원지(도),경부선,목표(결빙),37.4538,127.0488,35.0,1,-3.665,-3.9,-3.4,1.0,60
13402,2024-12-09 08:00:00,원지(도),경부선,목표(결빙),37.4538,127.0488,35.0,1,-3.6383333333333336,-3.9,-3.4,1.0,60
13402,2024-12-09 09:00:00,원지(도),경부선,목표(결빙),37.4538,127.0488,35.0,1,-2.3733333333333335,-3.7,-0.8,1.0,60
13402,2024-12-09 10:00:00,원지(도),경부선,목표(결빙),37.4538,127.0488,35.0,1,0.985,-0.8,2.7,0.18333333333333332,60
13402,2024-12-09 11:00:00,원지(도),경부선,목표(결빙),37.4538,127.0488,35.0,1,4.495,2.7,6.2,0.0,60
13402,2024-12-09 12:00:00,원지(도),경부선,목표(결빙),37.4538,127.0488,35.0,1,7.573333333333333,6.2,8.9,0.0,60
13402,2024-12-09 13:00:00,원지(도),경부선,목표(결빙),37.4538,127.0488,35.0,1,9.336666666666668,8.7,9.8,0.0,60
13402,2024-12-09 14:00:00,원지(도),경부선,목표(결빙),37.4538,127.0488,35.0,1,7.6483333333333325,5.9,9.7,0.0,60
13402,2024-12-09 15:00:00,원지(도),경부선,목표(결빙),37.4538,127.0488,35.0,1,5.753333333333333,5.3,6.2,0.0,60
13402,2024-12-09 16:00:00,원지(도),경부선,목표(결빙),37.4538,127.0488,35.0,1,5.864999999999999,5.4,6.3,0.0,60
13402,2024-12-09 17:00:00,원지(도),경부선,목표(결빙),37.4538,127.0488,35.0,1,5.706666666666666,5.1,6.2,0.0,60
13402,2024-12-09 18:00:00,원지(도),경부선,목표(결빙),37.4538,127.0488,35.0,1,4.864999999999999,3.7,5.9,0.0,60
13402,2024-12-09 19:00:00,원지(도),경부선,목표(결빙),37.4538,127.0488,35.0,1,3.4366666666666665,2.6,4.0,0.0,60
13402,2024-12-09 20:00:00,원지(도),경부선,목표(결빙),37.4538,127.0488,35.0,1,2.11,1.5,2.8,0.0,60
13402,2024-12-09 21:00:00,원지(도),경부선,목표(결빙),37.4538,127.0488,35.0,1,1.2933333333333332,0.7,1.9,0.0,60
13402,2024-12-09 22:00:00,원지(도),경부선,목표(결빙),37.4538,127.0488,35.0,1,0.745,0.4,1.1,0.0,60
13402,2024-12-09 23:00:00,원지(도),경부선,목표(결빙),37.4538,127.0488,35.0,1,0.1716666666666667,-0.3,0.5,0.26666666666666666,60
13402,2024-12-10 00:00:00,원지(도),경부선,목표(결빙),37.4538,127.0488,35.0,1,-0.3716666666666667,-0.7,0.1,0.9833333333333333,60
13402,2024-12-10 01:00:00,원지(도),경부선,목표(결빙),37.4538,127.0488,35.0,1,-0.98,-1.6,-0.5,1.0,60
13402,2024-12-10 02:00:00,원지(도),경부선,목표(결빙),37.4538,127.0488,35.0,14,-1.5283333333333333,-2.1,-1.1,1.0,60
13402,2024-12-10 03:00:00,원지(도),경부선,목표(결빙),37.4538,127.0488,35.0,14,-2.0016666666666665,-2.6,-1.4,1.0,60
13402,2024-12-10 04:00:00,원지(도),경부선,목표(결빙),37.4538,127.0488,35.0,14,-2.3833333333333333,-2.7,-2.1,1.0,60
13402,2024-12-10 05:00:00,원지(도),경부선,목표(결빙),37.4538,127.0488,35.0,14,-2.575,-3.1,-2.2,1.0,60
13402,2024-12-10 06:00:00,원지(도),경부선,목표(결빙),37.4538,127.0488,35.0,14,-2.4733333333333336,-2.9,-2.1,1.0,60
13402,2024-12-10 07:00:00,원지(도),경부선,목표(결빙),37.4538,127.0488,35.0,14,-2.2383333333333337,-2.7,-1.5,1.0,60
13402,2024-12-10 08:00:00,원지(도),경부선,목표(결빙),37.4538,127.0488,35.0,14,-2.0983333333333336,-2.5,-1.4,1.0,60
13402,2024-12-10 09:00:00,원지(도),경부선,목표(결빙),37.4538,127.0488,35.0,14,-1.1116666666666668,-2.3,0.3,0.9166666666666666,60
13402,2024-12-10 10:00:00,원지(도),경부선,목표(결빙),37.4538,127.0488,35.0,1,2.2449999999999997,0.3,4.0,0.0,60
13402,2024-12-10 11:00:00,원지(도),경부선,목표(결빙),37.4538,127.0488,35.0,1,5.866666666666666,4.1,7.5,0.0,60
13402,2024-12-10 12:00:00,원지(도),경부선,목표(결빙),37.4538,127.0488,35.0,1,8.825,7.6,10.0,0.0,60
13402,2024-12-10 13:00:00,원지(도),경부선,목표(결빙),37.4538,127.0488,35.0,1,10.748333333333333,9.7,11.4,0.0,60
13402,2024-12-10 14:00:00,원지(도),경부선,목표(결빙),37.4538,127.0488,35.0,1,8.793333333333333,7.4,10.4,0.0,60
13402,2024-12-10 15:00:00,원지(도),경부선,목표(결빙),37.4538,127.0488,35.0,1,6.6899999999999995,6.1,7.4,0.0,60
13402,2024-12-10 16:00:00,원지(도),경부선,목표(결빙),37.4538,127.0488,35.0,1,6.35,6.1,6.7,0.0,60
13402,2024-12-10 17:00:00,원지(도),경부선,목표(결빙),37.4538,127.0488,35.0,1,5.65,4.7,6.3,0.0,60
13402,2024-12-10 18:00:00,원지(도),경부선,목표(결빙),37.4538,127.0488,35.0,1,4.085,3.4,4.7,0.0,60
13402,2024-12-10 19:00:00,원지(도),경부선,목표(결빙),37.4538,127.0488,35.0,1,3.4866666666666664,3.0,3.9,0.0,60
13402,2024-12-10 20:00:00,원지(도),경부선,목표(결빙),37.4538,127.0488,35.0,1,3.0166666666666666,2.5,3.5,0.0,60
13402,2024-12-10 21:00:00,원지(도),경부선,목표(결빙),37.4538,127.0488,35.0,1,3.04,2.5,3.5,0.0,60
13402,2024-12-10 22:00:00,원지(도),경부선,목표(결빙),37.4538,127.0488,35.0,1,2.93,2.5,3.6,0.0,60
13402,2024-12-10 23:00:00,원지(도),경부선,목표(결빙),37.4538,127.0488,35.0,1,2.98,2.4,3.6,0.0,60
13402,2024-12-11 00:00:00,원지(도),경부선,목표(결빙),37.4538,127.0488,35.0,1,2.6599999999999997,2.2,3.2,0.0,60
13402,2024-12-11 01:00:00,원지(도),경부선,목표(결빙),37.4538,127.0488,35.0,1,2.1966666666666668,1.5,2.7,0.0,60
13402,2024-12-11 02:00:00,원지(도),경부선,목표(결빙),37.4538,127.0488,35.0,1,1.7,1.3,2.1,0.0,60
13402,2024-12-11 03:00:00,원지(도),경부선,목표(결빙),37.4538,127.0488,35.0,1,1.5116666666666667,1.0,1.9,0.0,60
13402,2024-12-11 04:00:00,원지(도),경부선,목표(결빙),37.4538,127.0488,35.0,1,1.23,0.8,1.6,0.0,60
13402,2024-12-11 05:00:00,원지(도),경부선,목표(결빙),37.4538,127.0488,35.0,1,1.0133333333333334,0.7,1.5,0.0,60
13402,2024-12-11 06:00:00,원지(도),경부선,목표(결빙),37.4538,127.0488,35.0,1,1.0633333333333332,0.7,1.5,0.0,60
13402,2024-12-11 07:00:00,원지(도),경부선,목표(결빙),37.4538,127.0488,35.0,1,0.7366666666666667,0.4,1.1,0.0,60
13402,2024-12-11 08:00:00,원지(도),경부선,목표(결빙),37.4538,127.0488,35.0,1,0.6799999999999999,0.3,1.0,0.0,60
13402,2024-12-11 09:00:00,원지(도),경부선,목표(결빙),37.4538,127.0488,35.0,1,1.6666666666666667,0.8,2.5,0.0,60
13402,2024-12-11 10:00:00,원지(도),경부선,목표(결빙),37.4538,127.0488,35.0,1,3.9716666666666667,2.5,5.1,0.0,60
13402,2024-12-11 11:00:00,원지(도),경부선,목표(결빙),37.4538,127.0488,35.0,1,5.83,5.0,6.6,0.0,60
13402,2024-12-11 12:00:00,원지(도),경부선,목표(결빙),37.4538,127.0488,35.0,1,8.041666666666666,6.7,9.5,0.0,60
13402,2024-12-11 13:00:00,원지(도),경부선,목표(결빙),37.4538,127.0488,35.0,1,9.773333333333333,8.7,10.7,0.0,60
13402,2024-12-11 14:00:00,원지(도),경부선,목표(결빙),37.4538,127.0488,35.0,1,8.885,7.9,10.4,0.0,60
13402,2024-12-11 15:00:00,원지(도),경부선,목표(결빙),37.4538,127.0488,35.0,1,8.126666666666667,7.7,8.5,0.0,60
13402,2024-12-11 16:00:00,원지(도),경부선,목표(결빙),37.4538,127.0488,35.0,1,7.75,7.1,8.4,0.0,60
13402,2024-12-11 17:00:00,원지(도),경부선,목표(결빙),37.4538,127.0488,35.0,1,5.8116666666666665,5.2,7.0,0.0,60
13402,2024-12-11 18:00:00,원지(도),경부선,목표(결빙),37.4538,127.0488,35.0,1,4.930000000000001,4.3,5.3,0.0,60
13402,2024-12-11 19:00:00,원지(도),경부선,목표(결빙),37.4538,127.0488,35.0,1,4.0616666666666665,3.1,4.8,0.0,60
13402,2024-12-11 20:00:00,원지(도),경부선,목표(결빙),37.4538,127.0488,35.0,1,3.1166666666666667,2.6,3.7,0.0,60
13402,2024-12-11 21:00:00,원지(도),경부선,목표(결빙),37.4538,127.0488,35.0,1,2.3666666666666667,2.0,2.7,0.0,60
13402,2024-12-11 22:00:00,원지(도),경부선,목표(결빙),37.4538,127.0488,35.0,1,2.0116666666666667,1.4,2.7,0.0,60
13402,2024-12-11 23:00:00,원지(도),경부선,목표(결빙),37.4538,127.0488,35.0,1,1.4083333333333334,1.1,1.8,0.0,60
13402,2024-12-12 00:00:00,원지(도),경부선,목표(결빙),37.4538,127.0488,35.0,1,0.6916666666666667,0.2,1.1,0.0,60
13402,2024-12-12 01:00:00,원지(도),경부선,목표(결빙),37.4538,127.0488,35.0,1,-0.16333333333333336,-0.6,0.3,0.7,60
13402,2024-12-12 02:00:00,원지(도),경부선,목표(결빙),37.4538,127.0488,35.0,1,-1.0583333333333333,-1.6,-0.5,1.0,60
13402,2024-12-12 03:00:00,원지(도),경부선,목표(결빙),37.4538,127.0488,35.0,1,-1.6900000000000002,-2.2,-1.1,1.0,60
13402,2024-12-12 04:00:00,원지(도),경부선,목표(결빙),37.4538,127.0488,35.0,1,-2.086666666666667,-2.8,-1.5,1.0,60
13402,2024-12-12 05:00:00,원지(도),경부선,목표(결빙),37.4538,127.0488,35.0,1,-2.518333333333333,-2.9,-2.2,1.0,60
13402,2024-12-12 06:00:00,원지(도),경부선,목표(결빙),37.4538,127.0488,35.0,1,-2.716666666666667,-3.0,-2.4,1.0,60
13402,2024-12-12 07:00:00,원지(도),경부선,목표(결빙),37.4538,127.0488,35.0,1,-2.635,-3.1,-2.3,1.0,60
13402,2024-12-12 08:00:00,원지(도),경부선,목표(결빙),37.4538,127.0488,35.0,1,-2.74,-3.1,-2.4,1.0,60
13402,2024-12-12 09:00:00,원지(도),경부선,목표(결빙),37.4538,127.0488,35.0,1,-1.7716666666666667,-2.8,-0.3,1.0,60
13402,2024-12-12 10:00:00,원지(도),경부선,목표(결빙),37.4538,127.0488,35.0,1,1.6916666666666667,-0.4,3.5,0.1,60
13402,2024-12-12 11:00:00,원지(도),경부선,목표(결빙),37.4538,127.0488,35.0,1,5.3516666666666675,3.6,6.8,0.0,60
13402,2024-12-12 12:00:00,원지(도),경부선,목표(결빙),37.4538,127.0488,35.0,1,8.191666666666666,6.9,9.3,0.0,60
13402,2024-12-12 13:00:00,원지(도),경부선,목표(결빙),37.4538,127.0488,35.0,1,10.008333333333333,9.3,10.5,0.0,60
13402,2024-12-12 14:00:00,원지(도),경부선,목표(결빙),37.4538,127.0488,35.0,1,7.995,6.4,10.1,0.0,60
13402,2024-12-12 15:00:00,원지(도),경부선,목표(결빙),37.4538,127.0488,35.0,1,6.831666666666666,6.3,7.2,0.0,60
13402,2024-12-12 16:00:00,원지(도),경부선,목표(결빙),37.4538,127.0488,35.0,1,6.401666666666667,6.1,6.7,0.0,60
13402,2024-12-12 17:00:00,원지(도),경부선,목표(결빙),37.4538,127.0488,35.0,1,5.536666666666666,4.9,6.1,0.0,60
13402,2024-12-12 18:00:00,원지(도),경부선,목표(결빙),37.4538,127.0488,35.0,1,4.568333333333333,4.2,5.0,0.0,60
13402,2024-12-12 19:00:00,원지(도),경부선,목표(결빙),37.4538,127.0488,35.0,1,4.171666666666666,3.9,4.7,0.0,60
13402,2024-12-12 20:00:00,원지(도),경부선,목표(결빙),37.4538,127.0488,35.0,1,3.8966666666666665,3.6,4.1,0.0,60
13402,2024-12-12 21:00:00,원지(도),경부선,목표(결빙),37.4538,127.0488,35.0,1,2.783333333333333,2.5,3.4,0.0,60
13402,2024-12-12 22:00:00,원지(도),경부선,목표(결빙),37.4538,127.0488,35.0,1,2.4116666666666666,2.2,2.7,0.0,60
13402,2024-12-12 23:00:00,원지(도),경부선,목표(결빙),37.4538,127.0488,35.0,1,2.3466666666666667,2.0,2.7,0.0,60
13402,2024-12-13 00:00:00,원지(도),경부선,목표(결빙),37.4538,127.0488,35.0,1,2.36,2.1,2.6,0.0,60
13402,2024-12-13 01:00:00,원지(도),경부선,목표(결빙),37.4538,127.0488,35.0,1,1.95,1.5,2.2,0.0,60
13402,2024-12-13 02:00:00,원지(도),경부선,목표(결빙),37.4538,127.0488,35.0,1,1.285,0.9,1.6,0.0,60
13402,2024-12-13 03:00:00,원지(도),경부선,목표(결빙),37.4538,127.0488,35.0,1,0.675,0.3,0.9,0.0,60
13402,2024-12-13 04:00:00,원지(도),경부선,목표(결빙),37.4538,127.0488,35.0,1,0.18166666666666667,-0.2,0.5,0.36666666666666664,60
13402,2024-12-13 05:00:00,원지(도),경부선,목표(결빙),37.4538,127.0488,35.0,1,-0.035,-0.3,0.5,0.7166666666666667,60
13402,2024-12-13 06:00:00,원지(도),경부선,목표(결빙),37.4538,127.0488,35.0,1,-0.04,-0.3,0.3,0.75,60
13402,2024-12-13 07:00:00,원지(도),경부선,목표(결빙),37.4538,127.0488,35.0,1,0.25,0.1,0.4,0.0,60
13402,2024-12-13 08:00:00,원지(도),경부선,목표(결빙),37.4538,127.0488,35.0,1,0.185,0.0,0.6,0.06666666666666667,60
13402,2024-12-13 09:00:00,원지(도),경부선,목표(결빙),37.4538,127.0488,35.0,1,1.065,0.3,1.8,0.0,60
13402,2024-12-13 10:00:00,원지(도),경부선,목표(결빙),37.4538,127.0488,35.0,1,2.9866666666666664,1.8,4.2,0.0,60
13402,2024-12-13 11:00:00,원지(도),경부선,목표(결빙),37.4538,127.0488,35.0,1,5.806666666666667,4.3,6.7,0.0,60
13402,2024-12-13 12:00:00,원지(도),경부선,목표(결빙),37.4538,127.0488,35.0,1,7.04,6.2,7.7,0.0,60
13402,2024-12-13 13:00:00,원지(도),경부선,목표(결빙),37.4538,127.0488,35.0,1,8.123333333333333,7.6,8.5,0.0,60
13402,2024-12-13 14:00:00,원지(도),경부선,목표(결빙),37.4538,127.0488,35.0,1,7.675,7.3,8.0,0.0,60
13402,2024-12-13 15:00:00,원지(도),경부선,목표(결빙),37.4538,127.0488,35.0,1,7.131666666666666,6.5,7.6,0.0,60
13402,2024-12-13 16:00:00,원지(도),경부선,목표(결빙),37.4538,127.0488,35.0,1,6.113333333333333,5.4,6.6,0.0,60
13402,2024-12-13 17:00:00,원지(도),경부선,목표(결빙),37.4538,127.0488,35.0,1,4.791666666666667,4.4,5.3,0.0,60
13402,2024-12-13 18:00:00,원지(도),경부선,목표(결빙),37.4538,127.0488,35.0,1,4.06,3.7,4.5,0.0,60
13402,2024-12-13 19:00:00,원지(도),경부선,목표(결빙),37.4538,127.0488,35.0,1,3.58,3.0,3.9,0.0,60
13402,2024-12-13 20:00:00,원지(도),경부선,목표(결빙),37.4538,127.0488,35.0,1,2.7766666666666664,2.6,3.0,0.0,60
13402,2024-12-13 21:00:00,원지(도),경부선,목표(결빙),37.4538,127.0488,35.0,1,2.283333333333333,1.9,2.6,0.0,60
13402,2024-12-13 22:00:00,원지(도),경부선,목표(결빙),37.4538,127.0488,35.0,1,1.62,1.3,1.9,0.0,60
13402,2024-12-13 23:00:00,원지(도),경부선,목표(결빙),37.4538,127.0488,35.0,1,1.2766666666666666,1.0,1.4,0.0,60
13402,2024-12-14 00:00:00,원지(도),경부선,목표(결빙),37.4538,127.0488,35.0,1,0.6783333333333333,0.0,1.1,0.03333333333333333,60
13402,2024-12-14 01:00:00,원지(도),경부선,목표(결빙),37.4538,127.0488,35.0,1,-0.22,-0.7,0.4,0.7333333333333333,60
13402,2024-12-14 02:00:00,원지(도),경부선,목표(결빙),37.4538,127.0488,35.0,1,-0.7116666666666667,-0.9,-0.4,1.0,60
13402,2024-12-14 03:00:00,원지(도),경부선,목표(결빙),37.4538,127.0488,35.0,1,-1.2083333333333333,-1.6,-0.6,1.0,60
13402,2024-12-14 04:00:00,원지(도),경부선,목표(결빙),37.4538,127.0488,35.0,1,-1.77,-2.4,-1.3,1.0,60
13402,2024-12-14 05:00:00,원지(도),경부선,목표(결빙),37.4538,127.0488,35.0,1,-2.4566666666666666,-2.7,-2.2,1.0,60
13402,2024-12-14 06:00:00,원지(도),경부선,목표(결빙),37.4538,127.0488,35.0,1,-2.8733333333333335,-3.1,-2.7,1.0,60
13402,2024-12-14 07:00:00,원지(도),경부선,목표(결빙),37.4538,127.0488,35.0,1,-2.7083333333333335,-3.0,-2.2,1.0,60
13402,2024-12-14 08:00:00,원지(도),경부선,목표(결빙),37.4538,127.0488,35.0,1,-2.8483333333333336,-3.1,-2.4,1.0,60
13402,2024-12-14 09:00:00,원지(도),경부선,목표(결빙),37.4538,127.0488,35.0,1,-1.6283333333333334,-3.0,-0.1,1.0,60
13402,2024-12-14 10:00:00,원지(도),경부선,목표(결빙),37.4538,127.0488,35.0,1,1.3150000000000002,-0.1,2.9,0.08333333333333333,60
13402,2024-12-14 11:00:00,원지(도),경부선,목표(결빙),37.4538,127.0488,35.0,1,4.218333333333333,2.9,5.4,0.0,60
13402,2024-12-14 12:00:00,원지(도),경부선,목표(결빙),37.4538,127.0488,35.0,1,6.735,5.4,7.7,0.0,60
13402,2024-12-14 13:00:00,원지(도),경부선,목표(결빙),37.4538,127.0488,35.0,1,8.155,7.6,8.7,0.0,60
13402,2024-12-14 14:00:00,원지(도),경부선,목표(결빙),37.4538,127.0488,35.0,1,5.801666666666667,4.2,7.7,0.0,60
13402,2024-12-14 15:00:00,원지(도),경부선,목표(결빙),37.4538,127.0488,35.0,1,3.493333333333333,2.9,4.2,0.0,60
13402,2024-12-14 16:00:00,원지(도),경부선,목표(결빙),37.4538,127.0488,35.0,1,2.8666666666666667,2.5,3.1,0.0,60
13402,2024-12-14 17:00:00,원지(도),경부선,목표(결빙),37.4538,127.0488,35.0,1,2.6133333333333337,2.3,3.0,0.0,60
13402,2024-12-14 18:00:00,원지(도),경부선,목표(결빙),37.4538,127.0488,35.0,1,2.3733333333333335,1.7,2.9,0.0,60
13402,2024-12-14 19:00:00,원지(도),경부선,목표(결빙),37.4538,127.0488,35.0,1,1.43,0.8,1.9,0.0,60
13402,2024-12-14 20:00:00,원지(도),경부선,목표(결빙),37.4538,127.0488,35.0,1,0.4766666666666667,0.0,1.0,0.05,60
13402,2024-12-14 21:00:00,원지(도),경부선,목표(결빙),37.4538,127.0488,35.0,1,-0.10666666666666667,-0.5,0.5,0.7833333333333333,60
13402,2024-12-14 22:00:00,원지(도),경부선,목표(결빙),37.4538,127.0488,35.0,1,0.00833333333333333,-0.7,0.7,0.5333333333333333,60
13402,2024-12-14 23:00:00,원지(도),경부선,목표(결빙),37.4538,127.0488,35.0,1,-1.0466666666666666,-1.5,-0.7,1.0,60
13402,2024-12-15 00:00:00,원지(도),경부선,목표(결빙),37.4538,127.0488,35.0,1,-0.5266666666666667,-1.2,0.0,1.0,60
13402,2024-12-15 01:00:00,원지(도),경부선,목표(결빙),37.4538,127.0488,35.0,1,-0.20833333333333334,-0.9,0.2,0.9333333333333333,60
13402,2024-12-15 02:00:00,원지(도),경부선,목표(결빙),37.4538,127.0488,35.0,1,-0.5183333333333333,-0.9,-0.1,1.0,60
13402,2024-12-15 03:00:00,원지(도),경부선,목표(결빙),37.4538,127.0488,35.0,1,-0.11166666666666666,-0.6,0.3,0.75,60
13402,2024-12-15 04:00:00,원지(도),경부선,목표(결빙),37.4538,127.0488,35.0,1,-0.6633333333333334,-1.1,0.0,1.0,60
13402,2024-12-15 05:00:00,원지(도),경부선,목표(결빙),37.4538,127.0488,35.0,1,-0.9116666666666667,-1.4,-0.4,1.0,60
13402,2024-12-15 06:00:00,원지(도),경부선,목표(결빙),37.4538,127.0488,35.0,1,-0.22333333333333333,-0.7,0.4,0.85,60
13402,2024-12-15 07:00:00,원지(도),경부선,목표(결빙),37.4538,127.0488,35.0,1,0.2783333333333333,-0.4,0.5,0.08333333333333333,60
13402,2024-12-15 08:00:00,원지(도),경부선,목표(결빙),37.4538,127.0488,35.0,1,-0.375,-0.9,0.2,0.8833333333333333,60
13402,2024-12-15 09:00:00,원지(도),경부선,목표(결빙),37.4538,127.0488,35.0,1,0.31,-0.6,1.5,0.45,60
13402,2024-12-15 10:00:00,원지(도),경부선,목표(결빙),37.4538,127.0488,35.0,1,2.493333333333333,0.9,4.7,0.0,60
13402,2024-12-15 11:00:00,원지(도),경부선,목표(결빙),37.4538,127.0488,35.0,1,5.510000000000001,4.8,6.2,0.0,60
13402,2024-12-15 12:00:00,원지(도),경부선,목표(결빙),37.4538,127.0488,35.0,1,5.051666666666667,4.4,5.7,0.0,60
13402,2024-12-15 13:00:00,원지(도),경부선,목표(결빙),37.4538,127.0488,35.0,1,7.843333333333334,5.8,10.0,0.0,60
13402,2024-12-15 14:00:00,원지(도),경부선,목표(결빙),37.4538,127.0488,35.0,1,6.545,5.9,7.7,0.0,60
13402,2024-12-15 15:00:00,원지(도),경부선,목표(결빙),37.4538,127.0488,35.0,1,6.78,6.1,7.1,0.0,60
13402,2024-12-15 16:00:00,원지(도),경부선,목표(결빙),37.4538,127.0488,35.0,1,6.501666666666667,5.6,7.0,0.0,60
13402,2024-12-15 17:00:00,원지(도),경부선,목표(결빙),37.4538,127.0488,35.0,1,5.041666666666667,4.5,5.7,0.0,60
13402,2024-12-15 18:00:00,원지(도),경부선,목표(결빙),37.4538,127.0488,35.0,1,4.141666666666667,3.6,4.6,0.0,60
13402,2024-12-15 19:00:00,원지(도),경부선,목표(결빙),37.4538,127.0488,35.0,1,3.2133333333333334,2.9,3.7,0.0,60
13402,2024-12-15 20:00:00,원지(도),경부선,목표(결빙),37.4538,127.0488,35.0,1,2.4516666666666667,2.0,2.9,0.0,60
13402,2024-12-15 21:00:00,원지(도),경부선,목표(결빙),37.4538,127.0488,35.0,1,1.745,1.3,2.2,0.0,60
13402,2024-12-15 22:00:00,원지(도),경부선,목표(결빙),37.4538,127.0488,35.0,1,1.1733333333333333,0.9,1.4,0.0,60
13402,2024-12-15 23:00:00,원지(도),경부선,목표(결빙),37.4538,127.0488,35.0,1,0.6633333333333333,0.3,1.1,0.0,60
13402,2024-12-16 00:00:00,원지(도),경부선,목표(결빙),37.4538,127.0488,35.0,1,-0.38166666666666665,-1.0,0.4,0.7666666666666667,60
13402,2024-12-16 01:00:00,원지(도),경부선,목표(결빙),37.4538,127.0488,35.0,1,-1.4283333333333335,-2.0,-0.9,1.0,60
13402,2024-12-16 02:00:00,원지(도),경부선,목표(결빙),37.4538,127.0488,35.0,1,-2.1566666666666667,-2.7,-1.8,1.0,60
13402,2024-12-16 03:00:00,원지(도),경부선,목표(결빙),37.4538,127.0488,35.0,1,-2.6599999999999997,-3.2,-2.2,1.0,60
13402,2024-12-16 04:00:00,원지(도),경부선,목표(결빙),37.4538,127.0488,35.0,1,-3.1633333333333336,-3.4,-2.7,1.0,60
13402,2024-12-16 05:00:00,원지(도),경부선,목표(결빙),37.4538,127.0488,35.0,1,-3.515,-3.9,-3.1,1.0,60
13402,2024-12-16 06:00:00,원지(도),경부선,목표(결빙),37.4538,127.0488,35.0,1,-3.558333333333333,-3.8,-3.4,1.0,60
13402,2024-12-16 07:00:00,원지(도),경부선,목표(결빙),37.4538,127.0488,35.0,1,-3.4266666666666667,-3.8,-2.8,1.0,60
13402,2024-12-16 08:00:00,원지(도),경부선,목표(결빙),37.4538,127.0488,35.0,1,-3.43,-3.6,-3.2,1.0,60
13402,2024-12-16 09:00:00,원지(도),경부선,목표(결빙),37.4538,127.0488,35.0,1,-2.4116666666666666,-3.4,-0.7,1.0,60
13402,2024-12-16 10:00:00,원지(도),경부선,목표(결빙),37.4538,127.0488,35.0,1,0.98,-0.6,2.8,0.25,60
13402,2024-12-16 11:00:00,원지(도),경부선,목표(결빙),37.4538,127.0488,35.0,1,4.473333333333333,2.9,6.7,0.0,60
13402,2024-12-16 12:00:00,원지(도),경부선,목표(결빙),37.4538,127.0488,35.0,1,6.875,6.1,7.6,0.0,60
13402,2024-12-16 13:00:00,원지(도),경부선,목표(결빙),37.4538,127.0488,35.0,1,7.2,6.6,7.9,0.0,60
13402,2024-12-16 14:00:00,원지(도),경부선,목표(결빙),37.4538,127.0488,35.0,1,6.196666666666667,5.2,7.0,0.0,60
13402,2024-12-16 15:00:00,원지(도),경부선,목표(결빙),37.4538,127.0488,35.0,1,4.835,4.2,5.3,0.0,60
13402,2024-12-16 16:00:00,원지(도),경부선,목표(결빙),37.4538,127.0488,35.0,14,2.8833333333333333,2.4,4.2,0.0,60
13402,2024-12-16 17:00:00,원지(도),경부선,목표(결빙),37.4538,127.0488,35.0,2,2.686666666666667,2.5,3.1,0.0,60
13402,2024-12-16 18:00:00,원지(도),경부선,목표(결빙),37.4538,127.0488,35.0,2,3.0516666666666667,2.8,3.2,0.0,60
13402,2024-12-16 19:00:00,원지(도),경부선,목표(결빙),37.4538,127.0488,35.0,2,3.0933333333333333,2.9,3.4,0.0,60
13402,2024-12-16 20:00:00,원지(도),경부선,목표(결빙),37.4538,127.0488,35.0,2,2.4016666666666664,1.9,3.3,0.0,60
13402,2024-12-16 21:00:00,원지(도),경부선,목표(결빙),37.4538,127.0488,35.0,2,1.425,0.9,2.5,0.0,60
13402,2024-12-16 22:00:00,원지(도),경부선,목표(결빙),37.4538,127.0488,35.0,2,1.5483333333333333,0.6,2.3,0.0,60
13402,2024-12-16 23:00:00,원지(도),경부선,목표(결빙),37.4538,127.0488,35.0,14,0.6799999999999999,0.2,1.1,0.0,60
13402,2024-12-17 00:00:00,원지(도),경부선,목표(결빙),37.4538,127.0488,35.0,14,-0.26833333333333337,-0.9,0.2,0.85,60
13402,2024-12-17 01:00:00,원지(도),경부선,목표(결빙),37.4538,127.0488,35.0,1,-1.1933333333333331,-1.7,-0.6,1.0,60
13402,2024-12-17 02:00:00,원지(도),경부선,목표(결빙),37.4538,127.0488,35.0,14,-2.143333333333333,-2.6,-1.7,1.0,60
13402,2024-12-17 03:00:00,원지(도),경부선,목표(결빙),37.4538,127.0488,35.0,1,-2.6533333333333333,-3.1,-2.1,1.0,60
13402,2024-12-17 04:00:00,원지(도),경부선,목표(결빙),37.4538,127.0488,35.0,1,-3.1133333333333337,-3.6,-2.6,1.0,60
13402,2024-12-17 05:00:00,원지(도),경부선,목표(결빙),37.4538,127.0488,35.0,1,-3.5516666666666667,-3.9,-3.2,1.0,60
13402,2024-12-17 06:00:00,원지(도),경부선,목표(결빙),37.4538,127.0488,35.0,1,-3.5900000000000003,-3.9,-3.1,1.0,60
13402,2024-12-17 07:00:00,원지(도),경부선,목표(결빙),37.4538,127.0488,35.0,1,-3.5533333333333332,-3.9,-2.9,1.0,60
13402,2024-12-17 08:00:00,원지(도),경부선,목표(결빙),37.4538,127.0488,35.0,1,-3.0566666666666666,-3.7,-2.4,1.0,60
13402,2024-12-17 09:00:00,원지(도),경부선,목표(결빙),37.4538,127.0488,35.0,1,-1.695,-2.6,-0.7,1.0,60
13402,2024-12-17 10:00:00,원지(도),경부선,목표(결빙),37.4538,127.0488,35.0,1,1.2033333333333334,-0.6,2.7,0.23333333333333334,60
13402,2024-12-17 11:00:00,원지(도),경부선,목표(결빙),37.4538,127.0488,35.0,1,2.533333333333333,1.7,3.9,0.0,60
13402,2024-12-17 12:00:00,원지(도),경부선,목표(결빙),37.4538,127.0488,35.0,1,4.153333333333333,3.2,5.0,0.0,60
13402,2024-12-17 13:00:00,원지(도),경부선,목표(결빙),37.4538,127.0488,35.0,1,5.095,4.6,5.6,0.0,60
13402,2024-12-17 14:00:00,원지(도),경부선,목표(결빙),37.4538,127.0488,35.0,1,4.841666666666667,4.0,5.6,0.0,60
13402,2024-12-17 15:00:00,원지(도),경부선,목표(결빙),37.4538,127.0488,35.0,1,4.15,3.6,4.8,0.0,60
13402,2024-12-17 16:00:00,원지(도),경부선,목표(결빙),37.4538,127.0488,35.0,1,3.2066666666666666,2.9,3.7,0.0,60
13402,2024-12-17 17:00:00,원지(도),경부선,목표(결빙),37.4538,127.0488,35.0,1,3.0,2.8,3.2,0.0,60
13402,2024-12-17 18:00:00,원지(도),경부선,목표(결빙),37.4538,127.0488,35.0,1,2.65,2.4,2.9,0.0,60
13402,2024-12-17 19:00:00,원지(도),경부선,목표(결빙),37.4538,127.0488,35.0,1,2.0633333333333335,1.7,2.6,0.0,60
13402,2024-12-17 20:00:00,원지(도),경부선,목표(결빙),37.4538,127.0488,35.0,1,1.3433333333333333,1.0,1.7,0.0,60
13402,2024-12-17 21:00:00,원지(도),경부선,목표(결빙),37.4538,127.0488,35.0,1,0.8800000000000001,0.5,1.3,0.0,60
13402,2024-12-17 22:00:00,원지(도),경부선,목표(결빙),37.4538,127.0488,35.0,1,0.4033333333333333,-0.1,0.7,0.05,60
13402,2024-12-17 23:00:00,원지(도),경부선,목표(결빙),37.4538,127.0488,35.0,1,-0.3733333333333333,-0.9,0.0,1.0,60
13402,2024-12-18 00:00:00,원지(도),경부선,목표(결빙),37.4538,127.0488,35.0,1,-1.2633333333333332,-1.7,-0.7,1.0,60
13402,2024-12-18 01:00:00,원지(도),경부선,목표(결빙),37.4538,127.0488,35.0,1,-2.07,-2.5,-1.7,1.0,60
13402,2024-12-18 02:00:00,원지(도),경부선,목표(결빙),37.4538,127.0488,35.0,1,-2.8483333333333336,-3.2,-2.5,1.0,60
13402,2024-12-18 03:00:00,원지(도),경부선,목표(결빙),37.4538,127.0488,35.0,1,-3.3033333333333332,-3.7,-3.0,1.0,60
13402,2024-12-18 04:00:00,원지(도),경부선,목표(결빙),37.4538,127.0488,35.0,1,-3.6633333333333336,-3.9,-3.4,1.0,60
13402,2024-12-18 05:00:00,원지(도),경부선,목표(결빙),37.4538,127.0488,35.0,1,-4.178333333333333,-4.6,-3.7,1.0,60
13402,2024-12-18 06:00:00,원지(도),경부선,목표(결빙),37.4538,127.0488,35.0,1,-4.418333333333334,-4.6,-4.1,1.0,60
13402,2024-12-18 07:00:00,원지(도),경부선,목표(결빙),37.4538,127.0488,35.0,1,-4.609999999999999,-4.8,-4.5,1.0,60
13402,2024-12-18 08:00:00,원지(도),경부선,목표(결빙),37.4538,127.0488,35.0,1,-4.845,-5.0,-4.6,1.0,60
13402,2024-12-18 09:00:00,원지(도),경부선,목표(결빙),37.4538,127.0488,35.0,1,-3.816666666666667,-4.8,-2.5,1.0,60
13402,2024-12-18 10:00:00,원지(도),경부선,목표(결빙),37.4538,127.0488,35.0,1,-1.165,-2.5,0.2,0.8833333333333333,60
13402,2024-12-18 11:00:00,원지(도),경부선,목표(결빙),37.4538,127.0488,35.0,1,1.62,0.2,2.8,0.0,60
13402,2024-12-18 12:00:00,원지(도),경부선,목표(결빙),37.4538,127.0488,35.0,1,4.04,2.8,5.0,0.0,60
13402,2024-12-18 13:00:00,원지(도),경부선,목표(결빙),37.4538,127.0488,35.0,1,5.596666666666667,5.1,5.9,0.0,60
13402,2024-12-18 14:00:00,원지(도),경부선,목표(결빙),37.4538,127.0488,35.0,1,3.425,1.5,5.5,0.0,60
13402,2024-12-18 15:00:00,원지(도),경부선,목표(결빙),37.4538,127.0488,35.0,1,0.7683333333333333,0.1,1.8,0.0,60
13402,2024-12-18 16:00:00,원지(도),경부선,목표(결빙),37.4538,127.0488,35.0,1,0.20333333333333334,0.0,0.5,0.05,60
13402,2024-12-18 17:00:00,원지(도),경부선,목표(결빙),37.4538,127.0488,35.0,1,0.013333333333333334,-0.3,0.3,0.5333333333333333,60
13402,2024-12-18 18:00:00,원지(도),경부선,목표(결빙),37.4538,127.0488,35.0,1,-0.2816666666666666,-1.0,0.2,0.7666666666666667,60
13402,2024-12-18 19:00:00,원지(도),경부선,목표(결빙),37.4538,127.0488,35.0,1,-1.195,-1.6,-0.8,1.0,60
13402,2024-12-18 20:00:00,원지(도),경부선,목표(결빙),37.4538,127.0488,35.0,1,-1.5866666666666667,-1.9,-1.2,1.0,60
13402,2024-12-18 21:00:00,원지(도),경부선,목표(결빙),37.4538,127.0488,35.0,1,-2.371666666666667,-2.8,-1.7,1.0,60
13402,2024-12-18 22:00:00,원지(도),경부선,목표(결빙),37.4538,127.0488,35.0,1,-2.9983333333333335,-3.2,-2.8,1.0,60
13402,2024-12-18 23:00:00,원지(도),경부선,목표(결빙),37.4538,127.0488,35.0,1,-3.1983333333333333,-3.5,-2.8,1.0,60
13402,2024-12-19 00:00:00,원지(도),경부선,목표(결빙),37.4538,127.0488,35.0,1,-3.7416666666666667,-4.1,-3.3,1.0,60
13402,2024-12-19 01:00:00,원지(도),경부선,목표(결빙),37.4538,127.0488,35.0,1,-4.431666666666667,-4.8,-4.1,1.0,60
13402,2024-12-19 02:00:00,원지(도),경부선,목표(결빙),37.4538,127.0488,35.0,1,-5.126666666666667,-5.7,-4.8,1.0,60
13402,2024-12-19 03:00:00,원지(도),경부선,목표(결빙),37.4538,127.0488,35.0,1,-5.621666666666667,-6.1,-5.2,1.0,60
13402,2024-12-19 04:00:00,원지(도),경부선,목표(결빙),37.4538,127.0488,35.0,1,-5.785,-6.3,-5.4,1.0,60
13402,2024-12-19 05:00:00,원지(도),경부선,목표(결빙),37.4538,127.0488,35.0,1,-6.093333333333334,-6.4,-5.7,1.0,60
13402,2024-12-19 06:00:00,원지(도),경부선,목표(결빙),37.4538,127.0488,35.0,1,-6.165,-6.5,-5.8,1.0,60
13402,2024-12-19 07:00:00,원지(도),경부선,목표(결빙),37.4538,127.0488,35.0,1,-6.151666666666666,-6.3,-6.0,1.0,60
13402,2024-12-19 08:00:00,원지(도),경부선,목표(결빙),37.4538,127.0488,35.0,1,-6.026666666666667,-6.4,-5.6,1.0,60
13402,2024-12-19 09:00:00,원지(도),경부선,목표(결빙),37.4538,127.0488,35.0,1,-5.1483333333333325,-6.2,-3.9,1.0,60
13402,2024-12-19 10:00:00,원지(도),경부선,목표(결빙),37.4538,127.0488,35.0,1,-2.125,-3.7,-0.5,1.0,60
13402,2024-12-19 11:00:00,원지(도),경부선,목표(결빙),37.4538,127.0488,35.0,1,1.215,-0.4,2.8,0.15,60
13402,2024-12-19 12:00:00,원지(도),경부선,목표(결빙),37.4538,127.0488,35.0,1,4.255,2.9,5.6,0.0,60
13402,2024-12-19 13:00:00,원지(도),경부선,목표(결빙),37.4538,127.0488,35.0,1,6.428333333333333,5.7,7.0,0.0,60
13402,2024-12-19 14:00:00,원지(도),경부선,목표(결빙),37.4538,127.0488,35.0,1,4.958333333333333,3.6,6.6,0.0,60
13402,2024-12-19 15:00:00,원지(도),경부선,목표(결빙),37.4538,127.0488,35.0,1,3.0616666666666665,2.7,3.5,0.0,60
13402,2024-12-19 16:00:00,원지(도),경부선,목표(결빙),37.4538,127.0488,35.0,1,2.871666666666667,2.5,3.2,0.0,60
13402,2024-12-19 17:00:00,원지(도),경부선,목표(결빙),37.4538,127.0488,35.0,1,2.2516666666666665,1.8,2.6,0.0,60
13402,2024-12-19 18:00:00,원지(도),경부선,목표(결빙),37.4538,127.0488,35.0,1,1.395,1.0,1.7,0.0,60
13402,2024-12-19 19:00:00,원지(도),경부선,목표(결빙),37.4538,127.0488,35.0,1,0.29333333333333333,-0.3,1.0,0.3,60
13402,2024-12-19 20:00:00,원지(도),경부선,목표(결빙),37.4538,127.0488,35.0,1,-0.4633333333333333,-0.9,-0.1,1.0,60
13402,2024-12-19 21:00:00,원지(도),경부선,목표(결빙),37.4538,127.0488,35.0,1,-0.7533333333333334,-0.9,-0.5,1.0,60
13402,2024-12-19 22:00:00,원지(도),경부선,목표(결빙),37.4538,127.0488,35.0,1,-0.985,-1.3,-0.6,1.0,60
13402,2024-12-19 23:00:00,원지(도),경부선,목표(결빙),37.4538,127.0488,35.0,1,-1.2216666666666667,-1.4,-0.9,1.0,60
13402,2024-12-20 00:00:00,원지(도),경부선,목표(결빙),37.4538,127.0488,35.0,1,-1.535,-1.9,-1.3,1.0,60
13402,2024-12-20 01:00:00,원지(도),경부선,목표(결빙),37.4538,127.0488,35.0,1,-2.0083333333333333,-2.7,-1.8,1.0,60
13402,2024-12-20 02:00:00,원지(도),경부선,목표(결빙),37.4538,127.0488,35.0,1,-2.0983333333333336,-2.5,-1.7,1.0,60
13402,2024-12-20 03:00:00,원지(도),경부선,목표(결빙),37.4538,127.0488,35.0,1,-2.3983333333333334,-3.0,-1.7,1.0,60
13402,2024-12-20 04:00:00,원지(도),경부선,목표(결빙),37.4538,127.0488,35.0,1,-2.7133333333333334,-3.0,-2.4,1.0,60
13402,2024-12-20 05:00:00,원지(도),경부선,목표(결빙),37.4538,127.0488,35.0,1,-2.606666666666667,-3.1,-2.1,1.0,60
13402,2024-12-20 06:00:00,원지(도),경부선,목표(결빙),37.4538,127.0488,35.0,1,-1.7866666666666666,-2.4,-1.2,1.0,60
13402,2024-12-20 07:00:00,원지(도),경부선,목표(결빙),37.4538,127.0488,35.0,1,-0.885,-1.3,-0.5,1.0,60
13402,2024-12-20 08:00:00,원지(도),경부선,목표(결빙),37.4538,127.0488,35.0,1,-0.3766666666666667,-0.6,0.1,0.9666666666666667,60
13402,2024-12-20 09:00:00,원지(도),경부선,목표(결빙),37.4538,127.0488,35.0,1,0.23666666666666666,-0.3,1.2,0.38333333333333336,60
13402,2024-12-20 10:00:00,원지(도),경부선,목표(결빙),37.4538,127.0488,35.0,1,1.575,1.0,2.0,0.0,60
13402,2024-12-20 11:00:00,원지(도),경부선,목표(결빙),37.4538,127.0488,35.0,1,2.621666666666667,1.9,3.3,0.0,60
13402,2024-12-20 12:00:00,원지(도),경부선,목표(결빙),37.4538,127.0488,35.0,1,3.5,3.0,4.5,0.0,60
13402,2024-12-20 13:00:00,원지(도),경부선,목표(결빙),37.4538,127.0488,35.0,1,5.511666666666667,4.6,6.2,0.0,60
13402,2024-12-20 14:00:00,원지(도),경부선,목표(결빙),37.4538,127.0488,35.0,1,5.538333333333333,5.1,6.1,0.0,60
13402,2024-12-20 15:00:00,원지(도),경부선,목표(결빙),37.4538,127.0488,35.0,1,5.546666666666667,5.2,6.0,0.0,60
13402,2024-12-20 16:00:00,원지(도),경부선,목표(결빙),37.4538,127.0488,35.0,1,5.626666666666667,5.1,6.0,0.0,60
13402,2024-12-20 17:00:00,원지(도),경부선,목표(결빙),37.4538,127.0488,35.0,1,4.675,4.1,5.2,0.0,60
13402,2024-12-20 18:00:00,원지(도),경부선,목표(결빙),37.4538,127.0488,35.0,1,3.75,2.8,4.4,0.0,60
13402,2024-12-20 19:00:00,원지(도),경부선,목표(결빙),37.4538,127.0488,35.0,14,3.006666666666667,2.7,3.4,0.0,60
13402,2024-12-20 20:00:00,원지(도),경부선,목표(결빙),37.4538,127.0488,35.0,14,3.21,2.6,4.0,0.0,60
13402,2024-12-20 21:00:00,원지(도),경부선,목표(결빙),37.4538,127.0488,35.0,14,2.996666666666667,2.4,3.4,0.0,60
13402,2024-12-20 22:00:00,원지(도),경부선,목표(결빙),37.4538,127.0488,35.0,14,2.2116666666666664,0.8,3.3,0.0,60
13402,2024-12-20 23:00:00,원지(도),경부선,목표(결빙),37.4538,127.0488,35.0,2,2.5349999999999997,1.7,3.0,0.0,60
13402,2024-12-21 00:00:00,원지(도),경부선,목표(결빙),37.4538,127.0488,35.0,2,1.4383333333333332,-0.4,2.6,0.1,60
13402,2024-12-21 01:00:00,원지(도),경부선,목표(결빙),37.4538,127.0488,35.0,2,1.2583333333333333,1.0,1.6,0.0,60
13402,2024-12-21 02:00:00,원지(도),경부선,목표(결빙),37.4538,127.0488,35.0,2,0.8683333333333334,0.6,1.3,0.0,60
13402,2024-12-21 03:00:00,원지(도),경부선,목표(결빙),37.4538,127.0488,35.0,2,0.5549999999999999,0.2,1.3,0.0,60
13402,2024-12-21 04:00:00,원지(도),경부선,목표(결빙),37.4538,127.0488,35.0,2,1.45,1.1,2.3,0.0,60
13402,2024-12-21 05:00:00,원지(도),경부선,목표(결빙),37.4538,127.0488,35.0,2,2.0966666666666667,1.4,2.4,0.0,60
13402,2024-12-21 06:00:00,원지(도),경부선,목표(결빙),37.4538,127.0488,35.0,2,1.2766666666666668,-1.4,2.5,0.18333333333333332,60
13402,2024-12-21 07:00:00,원지(도),경부선,목표(결빙),37.4538,127.0488,35.0,2,1.6966666666666665,1.2,2.0,0.0,60
13402,2024-12-21 08:00:00,원지(도),경부선,목표(결빙),37.4538,127.0488,35.0,2,1.4133333333333333,1.0,1.7,0.0,60
13402,2024-12-21 09:00:00,원지(도),경부선,목표(결빙),37.4538,127.0488,35.0,2,1.6116666666666668,1.4,1.9,0.0,60
13402,2024-12-21 10:00:00,원지(도),경부선,목표(결빙),37.4538,127.0488,35.0,2,1.8383333333333334,1.4,2.4,0.0,60
13402,2024-12-21 11:00:00,원지(도),경부선,목표(결빙),37.4538,127.0488,35.0,2,2.1933333333333334,1.6,2.7,0.0,60
13402,2024-12-21 12:00:00,원지(도),경부선,목표(결빙),37.4538,127.0488,35.0,2,3.0133333333333336,2.1,3.7,0.0,60
13402,2024-12-21 13:00:00,원지(도),경부선,목표(결빙),37.4538,127.0488,35.0,14,2.9983333333333335,2.0,4.2,0.0,60
13402,2024-12-21 14:00:00,원지(도),경부선,목표(결빙),37.4538,127.0488,35.0,1,1.9766666666666666,1.6,2.3,0.0,60
13402,2024-12-21 15:00:00,원지(도),경부선,목표(결빙),37.4538,127.0488,35.0,1,2.2183333333333333,1.8,2.5,0.0,60
13402,2024-12-21 16:00:00,원지(도),경부선,목표(결빙),37.4538,127.0488,35.0,1,2.171666666666667,1.9,2.4,0.0,60
13402,2024-12-21 17:00:00,원지(도),경부선,목표(결빙),37.4538,127.0488,35.0,1,1.7766666666666666,1.2,2.2,0.0,60
13402,2024-12-21 18:00:00,원지(도),경부선,목표(결빙),37.4538,127.0488,35.0,1,0.7133333333333333,0.4,1.3,0.0,60
13402,2024-12-21 19:00:00,원지(도),경부선,목표(결빙),37.4538,127.0488,35.0,1,0.36166666666666664,0.1,0.7,0.0,60
13402,2024-12-21 20:00:00,원지(도),경부선,목표(결빙),37.4538,127.0488,35.0,1,-0.2783333333333333,-0.6,0.0,1.0,60
13402,2024-12-21 21:00:00,원지(도),경부선,목표(결빙),37.4538,127.0488,35.0,1,-0.9983333333333333,-1.3,-0.5,1.0,60
13402,2024-12-21 22:00:00,원지(도),경부선,목표(결빙),37.4538,127.0488,35.0,1,-1.625,-1.9,-1.3,1.0,60
13402,2024-12-21 23:00:00,원지(도),경부선,목표(결빙),37.4538,127.0488,35.0,1,-2.0716666666666668,-2.3,-1.7,1.0,60
13402,2024-12-22 00:00:00,원지(도),경부선,목표(결빙),37.4538,127.0488,35.0,1,-2.64,-3.0,-2.2,1.0,60
13402,2024-12-22 01:00:00,원지(도),경부선,목표(결빙),37.4538,127.0488,35.0,1,-3.253333333333333,-3.6,-2.9,1.0,60
13402,2024-12-22 02:00:00,원지(도),경부선,목표(결빙),37.4538,127.0488,35.0,1,-3.8400000000000003,-4.1,-3.6,1.0,60
13402,2024-12-22 03:00:00,원지(도),경부선,목표(결빙),37.4538,127.0488,35.0,1,-4.338333333333334,-4.6,-4.1,1.0,60
13402,2024-12-22 04:00:00,원지(도),경부선,목표(결빙),37.4538,127.0488,35.0,1,-4.743333333333334,-4.9,-4.5,1.0,60
13402,2024-12-22 05:00:00,원지(도),경부선,목표(결빙),37.4538,127.0488,35.0,1,-5.081666666666666,-5.3,-4.9,1.0,60
13402,2024-12-22 06:00:00,원지(도),경부선,목표(결빙),37.4538,127.0488,35.0,1,-5.3133333333333335,-5.5,-5.2,1.0,60
13402,2024-12-22 07:00:00,원지(도),경부선,목표(결빙),37.4538,127.0488,35.0,1,-5.541666666666667,-5.7,-5.4,1.0,60
13402,2024-12-22 08:00:00,원지(도),경부선,목표(결빙),37.4538,127.0488,35.0,1,-5.618333333333334,-5.9,-5.3,1.0,60
13402,2024-12-22 09:00:00,원지(도),경부선,목표(결빙),37.4538,127.0488,35.0,1,-4.881666666666666,-5.7,-3.8,1.0,60
13402,2024-12-22 10:00:00,원지(도),경부선,목표(결빙),37.4538,127.0488,35.0,1,-2.421666666666667,-3.8,-1.0,1.0,60
13402,2024-12-22 11:00:00,원지(도),경부선,목표(결빙),37.4538,127.0488,35.0,1,0.8366666666666667,-1.0,2.4,0.21666666666666667,60
13402,2024-12-22 12:00:00,원지(도),경부선,목표(결빙),37.4538,127.0488,35.0,1,3.7133333333333334,2.4,4.9,0.0,60
13402,2024-12-22 13:00:00,원지(도),경부선,목표(결빙),37.4538,127.0488,35.0,1,5.575,4.8,6.2,0.0,60
13402,2024-12-22 14:00:00,원지(도),경부선,목표(결빙),37.4538,127.0488,35.0,1,3.64,1.7,5.8,0.0,60
13402,2024-12-22 15:00:00,원지(도),경부선,목표(결빙),37.4538,127.0488,35.0,1,1.2116666666666667,0.6,2.1,0.0,60
13402,2024-12-22 16:00:00,원지(도),경부선,목표(결빙),37.4538,127.0488,35.0,1,0.5166666666666667,0.3,0.8,0.0,60
13402,2024-12-22 17:00:00,원지(도),경부선,목표(결빙),37.4538,127.0488,35.0,1,0.4983333333333333,0.2,0.8,0.0,60
13402,2024-12-22 18:00:00,원지(도),경부선,목표(결빙),37.4538,127.0488,35.0,1,-0.18166666666666667,-1.0,0.7,0.6,60
13402,2024-12-22 19:00:00,원지(도),경부선,목표(결빙),37.4538,127.0488,35.0,1,-1.2583333333333333,-1.8,-0.9,1.0,60
13402,2024-12-22 20:00:00,원지(도),경부선,목표(결빙),37.4538,127.0488,35.0,1,-2.0933333333333333,-2.7,-1.6,1.0,60
13402,2024-12-22 21:00:00,원지(도),경부선,목표(결빙),37.4538,127.0488,35.0,1,-2.6933333333333334,-3.1,-2.2,1.0,60
13402,2024-12-22 22:00:00,원지(도),경부선,목표(결빙),37.4538,127.0488,35.0,1,-3.058333333333333,-3.5,-2.6,1.0,60
13402,2024-12-22 23:00:00,원지(도),경부선,목표(결빙),37.4538,127.0488,35.0,1,-3.6233333333333335,-4.1,-3.2,1.0,60
13402,2024-12-23 00:00:00,원지(도),경부선,목표(결빙),37.4538,127.0488,35.0,1,-4.091666666666667,-4.6,-3.6,1.0,60
13402,2024-12-23 01:00:00,원지(도),경부선,목표(결빙),37.4538,127.0488,35.0,1,-4.6433333333333335,-5.1,-4.0,1.0,60
13402,2024-12-23 02:00:00,원지(도),경부선,목표(결빙),37.4538,127.0488,35.0,1,-5.1883333333333335,-5.5,-4.7,1.0,60
13402,2024-12-23 03:00:00,원지(도),경부선,목표(결빙),37.4538,127.0488,35.0,1,-5.543333333333334,-5.9,-5.1,1.0,60
13402,2024-12-23 04:00:00,원지(도),경부선,목표(결빙),37.4538,127.0488,35.0,1,-5.716666666666667,-6.0,-5.4,1.0,60
13402,2024-12-23 05:00:00,원지(도),경부선,목표(결빙),37.4538,127.0488,35.0,1,-5.15,-5.9,-4.5,1.0,60
13402,2024-12-23 06:00:00,원지(도),경부선,목표(결빙),37.4538,127.0488,35.0,1,-4.503333333333333,-4.8,-4.3,1.0,60
13402,2024-12-23 07:00:00,원지(도),경부선,목표(결빙),37.4538,127.0488,35.0,1,-4.739999999999999,-5.2,-4.3,1.0,60
13402,2024-12-23 08:00:00,원지(도),경부선,목표(결빙),37.4538,127.0488,35.0,1,-4.3533333333333335,-4.9,-3.8,1.0,60
13402,2024-12-23 09:00:00,원지(도),경부선,목표(결빙),37.4538,127.0488,35.0,1,-2.933333333333333,-3.9,-2.0,1.0,60
13402,2024-12-23 10:00:00,원지(도),경부선,목표(결빙),37.4538,127.0488,35.0,1,-0.85,-2.1,0.9,0.85,60
13402,2024-12-23 11:00:00,원지(도),경부선,목표(결빙),37.4538,127.0488,35.0,1,1.645,0.1,3.7,0.0,60
13402,2024-12-23 12:00:00,원지(도),경부선,목표(결빙),37.4538,127.0488,35.0,1,5.343333333333334,3.0,7.1,0.0,60
13402,2024-12-23 13:00:00,원지(도),경부선,목표(결빙),37.4538,127.0488,35.0,1,7.983333333333333,7.0,8.8,0.0,60
13402,2024-12-23 14:00:00,원지(도),경부선,목표(결빙),37.4538,127.0488,35.0,1,6.928333333333333,5.2,8.5,0.0,60
13402,2024-12-23 15:00:00,원지(도),경부선,목표(결빙),37.4538,127.0488,35.0,1,5.086666666666667,4.7,5.7,0.0,60
13402,2024-12-23 16:00:00,원지(도),경부선,목표(결빙),37.4538,127.0488,35.0,1,4.763333333333334,4.5,5.2,0.0,60
13402,2024-12-23 17:00:00,원지(도),경부선,목표(결빙),37.4538,127.0488,35.0,1,4.6866666666666665,4.4,5.2,0.0,60
13402,2024-12-23 18:00:00,원지(도),경부선,목표(결빙),37.4538,127.0488,35.0,1,4.395,3.8,4.8,0.0,60
13402,2024-12-23 19:00:00,원지(도),경부선,목표(결빙),37.4538,127.0488,35.0,1,2.9766666666666666,2.2,3.9,0.0,60
13402,2024-12-23 20:00:00,원지(도),경부선,목표(결빙),37.4538,127.0488,35.0,1,2.12,1.1,3.0,0.0,60
13402,2024-12-23 21:00:00,원지(도),경부선,목표(결빙),37.4538,127.0488,35.0,1,0.98,0.4,1.6,0.0,60
13402,2024-12-23 22:00:00,원지(도),경부선,목표(결빙),37.4538,127.0488,35.0,1,1.465,1.0,1.9,0.0,60
13402,2024-12-23 23:00:00,원지(도),경부선,목표(결빙),37.4538,127.0488,35.0,1,0.9783333333333334,0.5,1.5,0.0,60
13402,2024-12-24 00:00:00,원지(도),경부선,목표(결빙),37.4538,127.0488,35.0,1,0.13,-0.4,0.5,0.3333333333333333,60
13402,2024-12-24 01:00:00,원지(도),경부선,목표(결빙),37.4538,127.0488,35.0,1,-1.1383333333333332,-1.9,-0.4,1.0,60
13402,2024-12-24 02:00:00,원지(도),경부선,목표(결빙),37.4538,127.0488,35.0,1,-2.195,-2.5,-1.7,1.0,60
13402,2024-12-24 03:00:00,원지(도),경부선,목표(결빙),37.4538,127.0488,35.0,1,-2.8116666666666665,-3.2,-2.2,1.0,60
13402,2024-12-24 04:00:00,원지(도),경부선,목표(결빙),37.4538,127.0488,35.0,1,-3.3883333333333336,-3.7,-3.1,1.0,60
13402,2024-12-24 05:00:00,원지(도),경부선,목표(결빙),37.4538,127.0488,35.0,1,-3.8483333333333336,-4.4,-3.4,1.0,60
13402,2024-12-24 06:00:00,원지(도),경부선,목표(결빙),37.4538,127.0488,35.0,1,-4.04,-4.4,-3.7,1.0,60
13402,2024-12-24 07:00:00,원지(도),경부선,목표(결빙),37.4538,127.0488,35.0,1,-4.093333333333333,-4.5,-3.7,1.0,60
13402,2024-12-24 08:00:00,원지(도),경부선,목표(결빙),37.4538,127.0488,35.0,1,-4.406666666666666,-4.8,-3.9,1.0,60
13402,2024-12-24 09:00:00,원지(도),경부선,목표(결빙),37.4538,127.0488,35.0,1,-3.6483333333333334,-4.6,-2.3,1.0,60
13402,2024-12-24 10:00:00,원지(도),경부선,목표(결빙),37.4538,127.0488,35.0,1,-0.45,-2.3,1.7,0.6333333333333333,60
13402,2024-12-24 11:00:00,원지(도),경부선,목표(결빙),37.4538,127.0488,35.0,1,3.275,1.7,4.7,0.0,60
13402,2024-12-24 12:00:00,원지(도),경부선,목표(결빙),37.4538,127.0488,35.0,1,6.2683333333333335,4.8,7.5,0.0,60
13402,2024-12-24 13:00:00,원지(도),경부선,목표(결빙),37.4538,127.0488,35.0,1,8.136666666666667,7.3,8.5,0.0,60
13402,2024-12-24 14:00:00,원지(도),경부선,목표(결빙),37.4538,127.0488,35.0,1,6.255,4.2,8.1,0.0,60
13402,2024-12-24 15:00:00,원지(도),경부선,목표(결빙),37.4538,127.0488,35.0,1,3.765,3.2,4.4,0.0,60
13402,2024-12-24 16:00:00,원지(도),경부선,목표(결빙),37.4538,127.0488,35.0,1,3.3183333333333334,3.1,3.6,0.0,60
13402,2024-12-24 17:00:00,원지(도),경부선,목표(결빙),37.4538,127.0488,35.0,1,2.2816666666666667,1.8,3.1,0.0,60
13402,2024-12-24 18:00:00,원지(도),경부선,목표(결빙),37.4538,127.0488,35.0,1,1.57,0.7,2.3,0.0,60
13402,2024-12-24 19:00:00,원지(도),경부선,목표(결빙),37.4538,127.0488,35.0,1,0.6233333333333333,-0.1,1.2,0.06666666666666667,60
13402,2024-12-24 20:00:00,원지(도),경부선,목표(결빙),37.4538,127.0488,35.0,1,-0.22666666666666666,-0.5,0.0,1.0,60
13402,2024-12-24 21:00:00,원지(도),경부선,목표(결빙),37.4538,127.0488,35.0,1,-0.495,-0.9,-0.1,1.0,60
13402,2024-12-24 22:00:00,원지(도),경부선,목표(결빙),37.4538,127.0488,35.0,1,-0.58,-0.9,-0.3,1.0,60
13402,2024-12-24 23:00:00,원지(도),경부선,목표(결빙),37.4538,127.0488,35.0,1,-0.255,-0.7,0.3,0.9166666666666666,60
13402,2024-12-25 00:00:00,원지(도),경부선,목표(결빙),37.4538,127.0488,35.0,1,-0.35500000000000004,-0.7,0.0,1.0,60
13402,2024-12-25 01:00:00,원지(도),경부선,목표(결빙),37.4538,127.0488,35.0,1,-0.6816666666666666,-1.0,-0.3,1.0,60
13402,2024-12-25 02:00:00,원지(도),경부선,목표(결빙),37.4538,127.0488,35.0,1,-1.1433333333333333,-1.7,-0.6,1.0,60
13402,2024-12-25 03:00:00,원지(도),경부선,목표(결빙),37.4538,127.0488,35.0,1,-1.5666666666666667,-1.8,-1.3,1.0,60
13402,2024-12-25 04:00:00,원지(도),경부선,목표(결빙),37.4538,127.0488,35.0,1,-1.9566666666666668,-2.3,-1.6,1.0,60
13402,2024-12-25 05:00:00,원지(도),경부선,목표(결빙),37.4538,127.0488,35.0,1,-2.1616666666666666,-2.6,-1.5,1.0,60
13402,2024-12-25 06:00:00,원지(도),경부선,목표(결빙),37.4538,127.0488,35.0,1,-1.375,-2.0,-0.7,1.0,60
13402,2024-12-25 07:00:00,원지(도),경부선,목표(결빙),37.4538,127.0488,35.0,1,-0.9333333333333333,-1.4,-0.7,1.0,60
13402,2024-12-25 08:00:00,원지(도),경부선,목표(결빙),37.4538,127.0488,35.0,1,-0.8466666666666666,-1.2,-0.3,1.0,60
13402,2024-12-25 09:00:00,원지(도),경부선,목표(결빙),37.4538,127.0488,35.0,1,-0.4,-0.9,0.2,0.8666666666666667,60
13402,2024-12-25 10:00:00,원지(도),경부선,목표(결빙),37.4538,127.0488,35.0,1,1.0066666666666666,0.0,2.1,0.016666666666666666,60
13402,2024-12-25 11:00:00,원지(도),경부선,목표(결빙),37.4538,127.0488,35.0,1,2.9733333333333336,1.9,3.9,0.0,60
13402,2024-12-25 12:00:00,원지(도),경부선,목표(결빙),37.4538,127.0488,35.0,1,4.97,4.0,5.7,0.0,60
13402,2024-12-25 13:00:00,원지(도),경부선,목표(결빙),37.4538,127.0488,35.0,1,6.126666666666667,5.4,7.2,0.0,60
13402,2024-12-25 14:00:00,원지(도),경부선,목표(결빙),37.4538,127.0488,35.0,1,6.864999999999999,6.3,7.4,0.0,60
13402,2024-12-25 15:00:00,원지(도),경부선,목표(결빙),37.4538,127.0488,35.0,1,5.573333333333333,5.1,6.2,0.0,60
13402,2024-12-25 16:00:00,원지(도),경부선,목표(결빙),37.4538,127.0488,35.0,1,6.473333333333333,6.0,6.9,0.0,60
13402,2024-12-25 17:00:00,원지(도),경부선,목표(결빙),37.4538,127.0488,35.0,1,5.996666666666667,5.5,6.6,0.0,60
13402,2024-12-25 18:00:00,원지(도),경부선,목표(결빙),37.4538,127.0488,35.0,1,4.973333333333334,4.2,5.6,0.0,60
13402,2024-12-25 19:00:00,원지(도),경부선,목표(결빙),37.4538,127.0488,35.0,1,5.338333333333334,4.9,5.7,0.0,60
13402,2024-12-25 20:00:00,원지(도),경부선,목표(결빙),37.4538,127.0488,35.0,1,5.3100000000000005,5.1,5.6,0.0,60
13402,2024-12-25 21:00:00,원지(도),경부선,목표(결빙),37.4538,127.0488,35.0,1,5.1466666666666665,4.9,5.4,0.0,60
13402,2024-12-25 22:00:00,원지(도),경부선,목표(결빙),37.4538,127.0488,35.0,1,5.158333333333333,4.9,5.4,0.0,60
13402,2024-12-25 23:00:00,원지(도),경부선,목표(결빙),37.4538,127.0488,35.0,14,4.758333333333334,4.2,5.5,0.0,60
13402,2024-12-26 00:00:00,원지(도),경부선,목표(결빙),37.4538,127.0488,35.0,2,4.1066666666666665,3.3,4.6,0.0,60
13402,2024-12-26 01:00:00,원지(도),경부선,목표(결빙),37.4538,127.0488,35.0,2,3.7133333333333334,3.3,4.1,0.0,60
13402,2024-12-26 02:00:00,원지(도),경부선,목표(결빙),37.4538,127.0488,35.0,14,3.21,2.7,3.6,0.0,60
13402,2024-12-26 03:00:00,원지(도),경부선,목표(결빙),37.4538,127.0488,35.0,14,3.1666666666666665,2.9,3.6,0.0,60
13402,2024-12-26 04:00:00,원지(도),경부선,목표(결빙),37.4538,127.0488,35.0,14,3.3800000000000003,2.9,3.7,0.0,60
13402,2024-12-26 05:00:00,원지(도),경부선,목표(결빙),37.4538,127.0488,35.0,2,3.07,2.6,4.0,0.0,60
13402,2024-12-26 06:00:00,원지(도),경부선,목표(결빙),37.4538,127.0488,35.0,2,3.1733333333333333,2.6,3.5,0.0,60
13402,2024-12-26 07:00:00,원지(도),경부선,목표(결빙),37.4538,127.0488,35.0,2,2.896666666666667,2.6,3.2,0.0,60
13402,2024-12-26 08:00:00,원지(도),경부선,목표(결빙),37.4538,127.0488,35.0,2,2.1883333333333335,1.7,2.7,0.0,60
13402,2024-12-26 09:00:00,원지(도),경부선,목표(결빙),37.4538,127.0488,35.0,2,1.54,1.3,1.8,0.0,60
13402,2024-12-26 10:00:00,원지(도),경부선,목표(결빙),37.4538,127.0488,35.0,14,2.253333333333333,1.5,3.2,0.0,60
13402,2024-12-26 11:00:00,원지(도),경부선,목표(결빙),37.4538,127.0488,35.0,1,4.533333333333333,3.1,5.8,0.0,60
13402,2024-12-26 12:00:00,원지(도),경부선,목표(결빙),37.4538,127.0488,35.0,1,6.6483333333333325,5.8,7.6,0.0,60
13402,2024-12-26 13:00:00,원지(도),경부선,목표(결빙),37.4538,127.0488,35.0,1,7.95,7.5,8.3,0.0,60
13402,2024-12-26 14:00:00,원지(도),경부선,목표(결빙),37.4538,127.0488,35.0,1,6.238333333333333,5.0,7.9,0.0,60
13402,2024-12-26 15:00:00,원지(도),경부선,목표(결빙),37.4538,127.0488,35.0,1,3.555,2.7,4.8,0.0,60
13402,2024-12-26 16:00:00,원지(도),경부선,목표(결빙),37.4538,127.0488,35.0,1,2.8366666666666664,2.6,3.4,0.0,60
13402,2024-12-26 17:00:00,원지(도),경부선,목표(결빙),37.4538,127.0488,35.0,1,2.2199999999999998,1.8,2.5,0.0,60
13402,2024-12-26 18:00:00,원지(도),경부선,목표(결빙),37.4538,127.0488,35.0,1,1.8099999999999998,1.3,2.4,0.0,60
13402,2024-12-26 19:00:00,원지(도),경부선,목표(결빙),37.4538,127.0488,35.0,1,1.2983333333333333,0.8,1.6,0.0,60
13402,2024-12-26 20:00:00,원지(도),경부선,목표(결빙),37.4538,127.0488,35.0,1,0.11166666666666666,-0.3,0.7,0.43333333333333335,60
13402,2024-12-26 21:00:00,원지(도),경부선,목표(결빙),37.4538,127.0488,35.0,1,-0.8166666666666667,-1.3,-0.3,1.0,60
13402,2024-12-26 22:00:00,원지(도),경부선,목표(결빙),37.4538,127.0488,35.0,1,-1.4683333333333333,-1.9,-1.2,1.0,60
13402,2024-12-26 23:00:00,원지(도),경부선,목표(결빙),37.4538,127.0488,35.0,1,-1.935,-2.3,-1.5,1.0,60
13402,2024-12-27 00:00:00,원지(도),경부선,목표(결빙),37.4538,127.0488,35.0,1,-2.5050000000000003,-2.8,-2.1,1.0,60
13402,2024-12-27 01:00:00,원지(도),경부선,목표(결빙),37.4538,127.0488,35.0,1,-3.0133333333333336,-3.5,-2.7,1.0,60
13402,2024-12-27 02:00:00,원지(도),경부선,목표(결빙),37.4538,127.0488,35.0,1,-3.7183333333333333,-4.2,-3.2,1.0,60
13402,2024-12-27 03:00:00,원지(도),경부선,목표(결빙),37.4538,127.0488,35.0,1,-3.8466666666666662,-4.1,-3.7,1.0,60
13402,2024-12-27 04:00:00,원지(도),경부선,목표(결빙),37.4538,127.0488,35.0,1,-4.006666666666667,-4.1,-3.9,1.0,60
13402,2024-12-27 05:00:00,원지(도),경부선,목표(결빙),37.4538,127.0488,35.0,1,-4.1066666666666665,-4.2,-4.0,1.0,60
13402,2024-12-27 06:00:00,원지(도),경부선,목표(결빙),37.4538,127.0488,35.0,1,-3.938333333333333,-4.1,-3.8,1.0,60
13402,2024-12-27 07:00:00,원지(도),경부선,목표(결빙),37.4538,127.0488,35.0,1,-3.933333333333333,-4.4,-3.7,1.0,60
13402,2024-12-27 08:00:00,원지(도),경부선,목표(결빙),37.4538,127.0488,35.0,1,-4.54,-4.7,-4.3,1.0,60
13402,2024-12-27 09:00:00,원지(도),경부선,목표(결빙),37.4538,127.0488,35.0,1,-3.888333333333333,-4.7,-2.5,1.0,60
13402,2024-12-27 10:00:00,원지(도),경부선,목표(결빙),37.4538,127.0488,35.0,1,-0.8983333333333333,-2.5,0.5,0.85,60
13402,2024-12-27 11:00:00,원지(도),경부선,목표(결빙),37.4538,127.0488,35.0,1,1.8733333333333335,0.5,3.2,0.0,60
13402,2024-12-27 12:00:00,원지(도),경부선,목표(결빙),37.4538,127.0488,35.0,1,4.008333333333334,3.0,5.1,0.0,60
13402,2024-12-27 13:00:00,원지(도),경부선,목표(결빙),37.4538,127.0488,35.0,1,5.458333333333333,4.7,6.0,0.0,60
13402,2024-12-27 14:00:00,원지(도),경부선,목표(결빙),37.4538,127.0488,35.0,1,4.126666666666667,2.9,5.5,0.0,60
13402,2024-12-27 15:00:00,원지(도),경부선,목표(결빙),37.4538,127.0488,35.0,1,3.5683333333333334,3.0,4.0,0.0,60
13402,2024-12-27 16:00:00,원지(도),경부선,목표(결빙),37.4538,127.0488,35.0,1,3.27,2.8,3.8,0.0,60
13402,2024-12-27 17:00:00,원지(도),경부선,목표(결빙),37.4538,127.0488,35.0,1,3.091666666666667,2.4,3.4,0.0,60
13402,2024-12-27 18:00:00,원지(도),경부선,목표(결빙),37.4538,127.0488,35.0,1,1.8633333333333333,1.4,2.5,0.0,60
13402,2024-12-27 19:00:00,원지(도),경부선,목표(결빙),37.4538,127.0488,35.0,1,1.2366666666666668,0.9,1.7,0.0,60
13402,2024-12-27 20:00:00,원지(도),경부선,목표(결빙),37.4538,127.0488,35.0,1,0.43833333333333335,-0.3,0.9,0.13333333333333333,60
13402,2024-12-27 21:00:00,원지(도),경부선,목표(결빙),37.4538,127.0488,35.0,1,0.535,-0.1,0.8,0.06666666666666667,60
13402,2024-12-27 22:00:00,원지(도),경부선,목표(결빙),37.4538,127.0488,35.0,1,0.7716666666666666,0.6,1.0,0.0,60
13402,2024-12-27 23:00:00,원지(도),경부선,목표(결빙),37.4538,127.0488,35.0,1,0.5816666666666667,0.1,1.0,0.0,60
13402,2024-12-28 00:00:00,원지(도),경부선,목표(결빙),37.4538,127.0488,35.0,1,-0.6483333333333333,-1.5,0.2,0.7666666666666667,60
13402,2024-12-28 01:00:00,원지(도),경부선,목표(결빙),37.4538,127.0488,35.0,1,-1.9966666666666666,-2.5,-1.5,1.0,60
13402,2024-12-28 02:00:00,원지(도),경부선,목표(결빙),37.4538,127.0488,35.0,1,-2.816666666666667,-3.1,-2.4,1.0,60
13402,2024-12-28 03:00:00,원지(도),경부선,목표(결빙),37.4538,127.0488,35.0,1,-3.335,-3.6,-3.1,1.0,60
13402,2024-12-28 04:00:00,원지(도),경부선,목표(결빙),37.4538,127.0488,35.0,1,-3.73,-3.9,-3.5,1.0,60
13402,2024-12-28 05:00:00,원지(도),경부선,목표(결빙),37.4538,127.0488,35.0,1,-4.138333333333333,-4.3,-4.0,1.0,60
13402,2024-12-28 06:00:00,원지(도),경부선,목표(결빙),37.4538,127.0488,35.0,1,-4.323333333333333,-4.4,-4.2,1.0,60
13402,2024-12-28 07:00:00,원지(도),경부선,목표(결빙),37.4538,127.0488,35.0,1,-4.368333333333334,-4.5,-4.3,1.0,60
13402,2024-12-28 08:00:00,원지(도),경부선,목표(결빙),37.4538,127.0488,35.0,1,-4.37,-4.5,-4.2,1.0,60
13402,2024-12-28 09:00:00,원지(도),경부선,목표(결빙),37.4538,127.0488,35.0,1,-3.828333333333333,-4.4,-3.0,1.0,60
13402,2024-12-28 10:00:00,원지(도),경부선,목표(결빙),37.4538,127.0488,35.0,1,-1.725,-3.0,-0.3,1.0,60
13402,2024-12-28 11:00:00,원지(도),경부선,목표(결빙),37.4538,127.0488,35.0,1,1.085,-0.3,2.3,0.18333333333333332,60
13402,2024-12-28 12:00:00,원지(도),경부선,목표(결빙),37.4538,127.0488,35.0,1,3.6783333333333332,2.5,4.8,0.0,60
13402,2024-12-28 13:00:00,원지(도),경부선,목표(결빙),37.4538,127.0488,35.0,1,5.194999999999999,4.6,5.8,0.0,60
13402,2024-12-28 14:00:00,원지(도),경부선,목표(결빙),37.4538,127.0488,35.0,1,3.55,2.0,5.5,0.0,60
13402,2024-12-28 15:00:00,원지(도),경부선,목표(결빙),37.4538,127.0488,35.0,1,1.2116666666666667,0.8,2.0,0.0,60
13402,2024-12-28 16:00:00,원지(도),경부선,목표(결빙),37.4538,127.0488,35.0,1,0.825,0.4,1.2,0.0,60
13402,2024-12-28 17:00:00,원지(도),경부선,목표(결빙),37.4538,127.0488,35.0,1,1.0516666666666667,0.7,1.4,0.0,60
13402,2024-12-28 18:00:00,원지(도),경부선,목표(결빙),37.4538,127.0488,35.0,1,0.59,0.0,1.0,0.08333333333333333,60
13402,2024-12-28 19:00:00,원지(도),경부선,목표(결빙),37.4538,127.0488,35.0,1,-0.060000000000000005,-0.3,0.4,0.7333333333333333,60
13402,2024-12-28 20:00:00,원지(도),경부선,목표(결빙),37.4538,127.0488,35.0,1,-0.4483333333333333,-0.7,-0.2,1.0,60
13402,2024-12-28 21:00:00,원지(도),경부선,목표(결빙),37.4538,127.0488,35.0,1,-0.875,-1.7,-0.4,1.0,60
13402,2024-12-28 22:00:00,원지(도),경부선,목표(결빙),37.4538,127.0488,35.0,1,-2.0283333333333333,-2.4,-1.6,1.0,60
13402,2024-12-28 23:00:00,원지(도),경부선,목표(결빙),37.4538,127.0488,35.0,1,-2.6983333333333333,-2.9,-2.2,1.0,60
13402,2024-12-29 00:00:00,원지(도),경부선,목표(결빙),37.4538,127.0488,35.0,1,-2.265,-2.8,-1.9,1.0,60
13402,2024-12-29 01:00:00,원지(도),경부선,목표(결빙),37.4538,127.0488,35.0,1,-1.8783333333333334,-2.2,-1.6,1.0,60
13402,2024-12-29 02:00:00,원지(도),경부선,목표(결빙),37.4538,127.0488,35.0,1,-1.8,-1.9,-1.6,1.0,60
13402,2024-12-29 03:00:00,원지(도),경부선,목표(결빙),37.4538,127.0488,35.0,1,-1.6133333333333333,-1.8,-1.3,1.0,60
13402,2024-12-29 04:00:00,원지(도),경부선,목표(결빙),37.4538,127.0488,35.0,1,-1.6016666666666666,-1.8,-1.4,1.0,60
13402,2024-12-29 05:00:00,원지(도),경부선,목표(결빙),37.4538,127.0488,35.0,1,-1.8299999999999998,-2.2,-1.4,1.0,60
13402,2024-12-29 06:00:00,원지(도),경부선,목표(결빙),37.4538,127.0488,35.0,1,-2.4466666666666668,-2.8,-2.0,1.0,60
13402,2024-12-29 07:00:00,원지(도),경부선,목표(결빙),37.4538,127.0488,35.0,1,-3.1766666666666667,-3.8,-2.6,1.0,60
13402,2024-12-29 08:00:00,원지(도),경부선,목표(결빙),37.4538,127.0488,35.0,1,-3.8449999999999998,-4.1,-3.2,1.0,60
13402,2024-12-29 09:00:00,원지(도),경부선,목표(결빙),37.4538,127.0488,35.0,1,-3.328333333333333,-4.2,-2.1,1.0,60
13402,2024-12-29 10:00:00,원지(도),경부선,목표(결빙),37.4538,127.0488,35.0,1,-0.165,-2.1,1.6,0.5666666666666667,60
13402,2024-12-29 11:00:00,원지(도),경부선,목표(결빙),37.4538,127.0488,35.0,1,3.415,1.7,5.1,0.0,60
13402,2024-12-29 12:00:00,원지(도),경부선,목표(결빙),37.4538,127.0488,35.0,1,6.573333333333333,5.1,8.0,0.0,60
13402,2024-12-29 13:00:00,원지(도),경부선,목표(결빙),37.4538,127.0488,35.0,1,8.523333333333333,7.9,8.9,0.0,60
13402,2024-12-29 14:00:00,원지(도),경부선,목표(결빙),37.4538,127.0488,35.0,1,7.121666666666667,5.7,8.8,0.0,60
13402,2024-12-29 15:00:00,원지(도),경부선,목표(결빙),37.4538,127.0488,35.0,1,6.2683333333333335,5.7,6.7,0.0,60
13402,2024-12-29 16:00:00,원지(도),경부선,목표(결빙),37.4538,127.0488,35.0,1,6.47,6.2,6.8,0.0,60
13402,2024-12-29 17:00:00,원지(도),경부선,목표(결빙),37.4538,127.0488,35.0,1,5.881666666666666,5.5,6.1,0.0,60
13402,2024-12-29 18:00:00,원지(도),경부선,목표(결빙),37.4538,127.0488,35.0,1,4.655,3.9,5.6,0.0,60
13402,2024-12-29 19:00:00,원지(도),경부선,목표(결빙),37.4538,127.0488,35.0,1,3.645,2.3,4.4,0.0,60
13402,2024-12-29 20:00:00,원지(도),경부선,목표(결빙),37.4538,127.0488,35.0,1,2.2216666666666667,1.7,3.2,0.0,60
13402,2024-12-29 21:00:00,원지(도),경부선,목표(결빙),37.4538,127.0488,35.0,1,1.395,0.9,2.1,0.0,60
13402,2024-12-29 22:00:00,원지(도),경부선,목표(결빙),37.4538,127.0488,35.0,14,2.308333333333333,1.5,3.4,0.0,60
13402,2024-12-29 23:00:00,원지(도),경부선,목표(결빙),37.4538,127.0488,35.0,14,2.5166666666666666,2.0,3.0,0.0,60
13402,2024-12-30 00:00:00,원지(도),경부선,목표(결빙),37.4538,127.0488,35.0,14,2.146666666666667,1.8,2.6,0.0,60
13402,2024-12-30 01:00:00,원지(도),경부선,목표(결빙),37.4538,127.0488,35.0,14,2.11,1.6,2.8,0.0,60
13402,2024-12-30 02:00:00,원지(도),경부선,목표(결빙),37.4538,127.0488,35.0,14,1.845,1.2,2.5,0.0,60
13402,2024-12-30 03:00:00,원지(도),경부선,목표(결빙),37.4538,127.0488,35.0,14,2.575,2.0,3.1,0.0,60
13402,2024-12-30 04:00:00,원지(도),경부선,목표(결빙),37.4538,127.0488,35.0,14,2.716666666666667,2.2,3.0,0.0,60
13402,2024-12-30 05:00:00,원지(도),경부선,목표(결빙),37.4538,127.0488,35.0,14,3.1566666666666667,2.4,3.8,0.0,60
13402,2024-12-30 06:00:00,원지(도),경부선,목표(결빙),37.4538,127.0488,35.0,2,3.4616666666666664,2.8,4.4,0.0,60
13402,2024-12-30 07:00:00,원지(도),경부선,목표(결빙),37.4538,127.0488,35.0,2,3.953333333333333,3.4,4.7,0.0,60
13402,2024-12-30 08:00:00,원지(도),경부선,목표(결빙),37.4538,127.0488,35.0,2,2.981666666666667,2.5,3.8,0.0,60
13402,2024-12-30 09:00:00,원지(도),경부선,목표(결빙),37.4538,127.0488,35.0,2,3.9633333333333334,3.0,5.2,0.0,60
13402,2024-12-30 10:00:00,원지(도),경부선,목표(결빙),37.4538,127.0488,35.0,2,5.1883333333333335,4.0,5.9,0.0,60
13402,2024-12-30 11:00:00,원지(도),경부선,목표(결빙),37.4538,127.0488,35.0,14,7.205,6.0,9.0,0.0,60
13402,2024-12-30 12:00:00,원지(도),경부선,목표(결빙),37.4538,127.0488,35.0,14,10.531666666666666,8.7,11.5,0.0,60
13402,2024-12-30 13:00:00,원지(도),경부선,목표(결빙),37.4538,127.0488,35.0,14,10.78,10.3,11.5,0.0,60
13402,2024-12-30 14:00:00,원지(도),경부선,목표(결빙),37.4538,127.0488,35.0,1,10.901666666666667,10.6,11.2,0.0,60
13402,2024-12-30 15:00:00,원지(도),경부선,목표(결빙),37.4538,127.0488,35.0,1,11.020000000000001,10.7,11.5,0.0,60
13402,2024-12-30 16:00:00,원지(도),경부선,목표(결빙),37.4538,127.0488,35.0,1,10.466666666666667,10.2,10.8,0.0,60
13402,2024-12-30 17:00:00,원지(도),경부선,목표(결빙),37.4538,127.0488,35.0,14,9.870000000000001,9.4,10.3,0.0,60
13402,2024-12-30 18:00:00,원지(도),경부선,목표(결빙),37.4538,127.0488,35.0,14,9.025,8.6,9.5,0.0,60
13402,2024-12-30 19:00:00,원지(도),경부선,목표(결빙),37.4538,127.0488,35.0,14,8.764999999999999,7.9,9.3,0.0,60
13402,2024-12-30 20:00:00,원지(도),경부선,목표(결빙),37.4538,127.0488,35.0,14,7.596666666666667,6.8,8.3,0.0,60
13402,2024-12-30 21:00:00,원지(도),경부선,목표(결빙),37.4538,127.0488,35.0,14,6.541666666666667,4.8,7.5,0.0,60
13402,2024-12-30 22:00:00,원지(도),경부선,목표(결빙),37.4538,127.0488,35.0,14,5.1466666666666665,4.3,6.1,0.0,60
13402,2024-12-30 23:00:00,원지(도),경부선,목표(결빙),37.4538,127.0488,35.0,14,5.364999999999999,4.0,6.2,0.0,60
13402,2024-12-31 00:00:00,원지(도),경부선,목표(결빙),37.4538,127.0488,35.0,14,5.691666666666666,5.0,6.2,0.0,60
13402,2024-12-31 01:00:00,원지(도),경부선,목표(결빙),37.4538,127.0488,35.0,14,5.636666666666667,5.0,6.1,0.0,60
13402,2024-12-31 02:00:00,원지(도),경부선,목표(결빙),37.4538,127.0488,35.0,1,4.116666666666666,3.5,4.9,0.0,60
13402,2024-12-31 03:00:00,원지(도),경부선,목표(결빙),37.4538,127.0488,35.0,1,2.9983333333333335,2.6,3.5,0.0,60
13402,2024-12-31 04:00:00,원지(도),경부선,목표(결빙),37.4538,127.0488,35.0,1,2.131666666666667,1.7,2.5,0.0,60
13402,2024-12-31 05:00:00,원지(도),경부선,목표(결빙),37.4538,127.0488,35.0,1,1.3116666666666668,1.0,1.7,0.0,60
13402,2024-12-31 06:00:00,원지(도),경부선,목표(결빙),37.4538,127.0488,35.0,1,0.8266666666666667,0.6,1.0,0.0,60
13402,2024-12-31 07:00:00,원지(도),경부선,목표(결빙),37.4538,127.0488,35.0,1,0.5166666666666667,0.4,0.7,0.0,60
13402,2024-12-31 08:00:00,원지(도),경부선,목표(결빙),37.4538,127.0488,35.0,1,0.23166666666666666,0.0,0.5,0.03333333333333333,60
13402,2024-12-31 09:00:00,원지(도),경부선,목표(결빙),37.4538,127.0488,35.0,1,0.6033333333333334,0.2,1.4,0.0,60
13402,2024-12-31 10:00:00,원지(도),경부선,목표(결빙),37.4538,127.0488,35.0,1,2.6633333333333336,1.5,4.1,0.0,60
13402,2024-12-31 11:00:00,원지(도),경부선,목표(결빙),37.4538,127.0488,35.0,1,5.48,4.2,6.8,0.0,60
13402,2024-12-31 12:00:00,원지(도),경부선,목표(결빙),37.4538,127.0488,35.0,1,7.944999999999999,6.8,9.0,0.0,60
13402,2024-12-31 13:00:00,원지(도),경부선,목표(결빙),37.4538,127.0488,35.0,1,9.758333333333333,8.8,10.4,0.0,60
13402,2024-12-31 14:00:00,원지(도),경부선,목표(결빙),37.4538,127.0488,35.0,1,7.996666666666667,5.7,10.2,0.0,60
13402,2024-12-31 15:00:00,원지(도),경부선,목표(결빙),37.4538,127.0488,35.0,1,4.755,4.2,5.8,0.0,60
13402,2024-12-31 16:00:00,원지(도),경부선,목표(결빙),37.4538,127.0488,35.0,1,4.048333333333334,3.7,4.6,0.0,60
13402,2024-12-31 17:00:00,원지(도),경부선,목표(결빙),37.4538,127.0488,35.0,1,3.783333333333333,3.5,4.1,0.0,60
13402,2024-12-31 18:00:00,원지(도),경부선,목표(결빙),37.4538,127.0488,35.0,1,3.3883333333333336,3.0,3.9,0.0,60
13402,2024-12-31 19:00:00,원지(도),경부선,목표(결빙),37.4538,127.0488,35.0,1,2.3766666666666665,1.6,3.2,0.0,60
13402,2024-12-31 20:00:00,원지(도),경부선,목표(결빙),37.4538,127.0488,35.0,1,1.1466666666666667,0.3,1.8,0.0,60
13402,2024-12-31 21:00:00,원지(도),경부선,목표(결빙),37.4538,127.0488,35.0,1,-0.21833333333333332,-0.8,0.5,0.75,60
13402,2024-12-31 22:00:00,원지(도),경부선,목표(결빙),37.4538,127.0488,35.0,1,-0.9800000000000001,-1.4,-0.5,1.0,60
13402,2024-12-31 23:00:00,원지(도),경부선,목표(결빙),37.4538,127.0488,35.0,1,-1.59,-2.1,-1.1,1.0,60
13402,2025-01-01 00:00:00,원지(도),경부선,목표(결빙),37.4538,127.0488,35.0,1,-2.0516666666666667,-2.6,-1.6,1.0,60
13402,2025-01-01 01:00:00,원지(도),경부선,목표(결빙),37.4538,127.0488,35.0,1,-2.5616666666666665,-2.9,-2.1,1.0,60
13402,2025-01-01 02:00:00,원지(도),경부선,목표(결빙),37.4538,127.0488,35.0,1,-2.8066666666666666,-3.2,-2.2,1.0,60
13402,2025-01-01 03:00:00,원지(도),경부선,목표(결빙),37.4538,127.0488,35.0,1,-3.1383333333333336,-3.7,-2.6,1.0,60
13402,2025-01-01 04:00:00,원지(도),경부선,목표(결빙),37.4538,127.0488,35.0,1,-3.3266666666666667,-3.9,-2.9,1.0,60
13402,2025-01-01 05:00:00,원지(도),경부선,목표(결빙),37.4538,127.0488,35.0,1,-3.415,-3.7,-3.0,1.0,60
13402,2025-01-01 06:00:00,원지(도),경부선,목표(결빙),37.4538,127.0488,35.0,1,-2.825,-3.8,-2.3,1.0,60
13402,2025-01-01 07:00:00,원지(도),경부선,목표(결빙),37.4538,127.0488,35.0,14,-1.8733333333333335,-2.5,-1.3,1.0,60
13402,2025-01-01 08:00:00,원지(도),경부선,목표(결빙),37.4538,127.0488,35.0,14,-1.0,-1.6,-0.5,1.0,60
13402,2025-01-01 09:00:00,원지(도),경부선,목표(결빙),37.4538,127.0488,35.0,1,-0.13333333333333333,-0.7,0.5,0.6166666666666667,60
13402,2025-01-01 10:00:00,원지(도),경부선,목표(결빙),37.4538,127.0488,35.0,1,1.995,0.6,3.3,0.0,60
13402,2025-01-01 11:00:00,원지(도),경부선,목표(결빙),37.4538,127.0488,35.0,1,4.698333333333333,3.5,5.1,0.0,60
13402,2025-01-01 12:00:00,원지(도),경부선,목표(결빙),37.4538,127.0488,35.0,1,7.175,4.8,9.0,0.0,60
13402,2025-01-01 13:00:00,원지(도),경부선,목표(결빙),37.4538,127.0488,35.0,1,10.435,8.8,11.9,0.0,60
13402,2025-01-01 14:00:00,원지(도),경부선,목표(결빙),37.4538,127.0488,35.0,1,10.020000000000001,8.8,11.3,0.0,60
13402,2025-01-01 15:00:00,원지(도),경부선,목표(결빙),37.4538,127.0488,35.0,1,8.758333333333333,8.2,9.2,0.0,60
13402,2025-01-01 16:00:00,원지(도),경부선,목표(결빙),37.4538,127.0488,35.0,1,8.176666666666668,7.7,8.5,0.0,60
13402,2025-01-01 17:00:00,원지(도),경부선,목표(결빙),37.4538,127.0488,35.0,1,7.488333333333333,7.2,7.8,0.0,60
13402,2025-01-01 18:00:00,원지(도),경부선,목표(결빙),37.4538,127.0488,35.0,1,6.605,5.9,7.2,0.0,60
13402,2025-01-01 19:00:00,원지(도),경부선,목표(결빙),37.4538,127.0488,35.0,1,5.245,4.4,5.9,0.0,60
13402,2025-01-01 20:00:00,원지(도),경부선,목표(결빙),37.4538,127.0488,35.0,14,3.4099999999999997,2.8,4.3,0.0,60
13402,2025-01-01 21:00:00,원지(도),경부선,목표(결빙),37.4538,127.0488,35.0,14,2.566666666666667,1.8,3.5,0.0,60
13402,2025-01-01 22:00:00,원지(도),경부선,목표(결빙),37.4538,127.0488,35.0,14,1.8183333333333331,1.4,2.5,0.0,60
13402,2025-01-01 23:00:00,원지(도),경부선,목표(결빙),37.4538,127.0488,35.0,14,1.4233333333333333,1.0,1.9,0.0,60
13402,2025-01-02 00:00:00,원지(도),경부선,목표(결빙),37.4538,127.0488,35.0,14,0.39499999999999996,-0.2,1.0,0.16666666666666666,60
13402,2025-01-02 01:00:00,원지(도),경부선,목표(결빙),37.4538,127.0488,35.0,14,-0.48333333333333334,-1.0,0.0,1.0,60
13402,2025-01-02 02:00:00,원지(도),경부선,목표(결빙),37.4538,127.0488,35.0,14,-1.2166666666666666,-1.7,-0.8,1.0,60
13402,2025-01-02 03:00:00,원지(도),경부선,목표(결빙),37.4538,127.0488,35.0,14,-1.76,-2.2,-1.1,1.0,60
13402,2025-01-02 04:00:00,원지(도),경부선,목표(결빙),37.4538,127.0488,35.0,14,-2.2666666666666666,-2.7,-1.8,1.0,60
13402,2025-01-02 05:00:00,원지(도),경부선,목표(결빙),37.4538,127.0488,35.0,14,-2.6683333333333334,-3.1,-2.2,1.0,60
13402,2025-01-02 06:00:00,원지(도),경부선,목표(결빙),37.4538,127.0488,35.0,14,-2.82,-3.0,-2.3,1.0,60
13402,2025-01-02 07:00:00,원지(도),경부선,목표(결빙),37.4538,127.0488,35.0,14,-2.856666666666667,-3.1,-2.7,1.0,60
13402,2025-01-02 08:00:00,원지(도),경부선,목표(결빙),37.4538,127.0488,35.0,14,-2.9650000000000003,-3.2,-2.8,1.0,60
13402,2025-01-02 09:00:00,원지(도),경부선,목표(결빙),37.4538,127.0488,35.0,14,-2.05,-3.0,-0.5,1.0,60
13402,2025-01-02 10:00:00,원지(도),경부선,목표(결빙),37.4538,127.0488,35.0,1,1.2066666666666668,-0.4,2.5,0.13333333333333333,60
13402,2025-01-02 11:00:00,원지(도),경부선,목표(결빙),37.4538,127.0488,35.0,1,4.29,2.5,5.8,0.0,60
13402,2025-01-02 12:00:00,원지(도),경부선,목표(결빙),37.4538,127.0488,35.0,1,7.485,5.8,9.0,0.0,60
13402,2025-01-02 13:00:00,원지(도),경부선,목표(결빙),37.4538,127.0488,35.0,1,9.764999999999999,9.0,10.4,0.0,60
13402,2025-01-02 14:00:00,원지(도),경부선,목표(결빙),37.4538,127.0488,35.0,1,8.471666666666668,6.2,10.3,0.0,60
13402,2025-01-02 15:00:00,원지(도),경부선,목표(결빙),37.4538,127.0488,35.0,1,5.526666666666667,4.9,6.3,0.0,60
13402,2025-01-02 16:00:00,원지(도),경부선,목표(결빙),37.4538,127.0488,35.0,1,4.888333333333334,4.6,5.2,0.0,60
13402,2025-01-02 17:00:00,원지(도),경부선,목표(결빙),37.4538,127.0488,35.0,1,4.413333333333333,4.1,4.7,0.0,60
13402,2025-01-02 18:00:00,원지(도),경부선,목표(결빙),37.4538,127.0488,35.0,1,3.8,2.7,4.5,0.0,60
13402,2025-01-02 19:00:00,원지(도),경부선,목표(결빙),37.4538,127.0488,35.0,1,2.5283333333333333,1.8,3.2,0.0,60
13402,2025-01-02 20:00:00,원지(도),경부선,목표(결빙),37.4538,127.0488,35.0,1,2.0716666666666668,1.7,2.4,0.0,60
13402,2025-01-02 21:00:00,원지(도),경부선,목표(결빙),37.4538,127.0488,35.0,1,1.2166666666666666,0.4,1.8,0.0,60
13402,2025-01-02 22:00:00,원지(도),경부선,목표(결빙),37.4538,127.0488,35.0,1,-0.085,-0.6,0.5,0.6666666666666666,60
13402,2025-01-02 23:00:00,원지(도),경부선,목표(결빙),37.4538,127.0488,35.0,1,-0.12833333333333333,-0.8,0.5,0.5333333333333333,60
13402,2025-01-03 00:00:00,원지(도),경부선,목표(결빙),37.4538,127.0488,35.0,1,-0.25833333333333336,-0.8,0.2,0.9166666666666666,60
13402,2025-01-03 01:00:00,원지(도),경부선,목표(결빙),37.4538,127.0488,35.0,1,-1.1900000000000002,-1.6,-0.6,1.0,60
13402,2025-01-03 02:00:00,원지(도),경부선,목표(결빙),37.4538,127.0488,35.0,1,-2.08,-2.7,-1.6,1.0,60
13402,2025-01-03 03:00:00,원지(도),경부선,목표(결빙),37.4538,127.0488,35.0,1,-2.9983333333333335,-3.5,-2.5,1.0,60
13402,2025-01-03 04:00:00,원지(도),경부선,목표(결빙),37.4538,127.0488,35.0,1,-3.7616666666666663,-4.0,-3.4,1.0,60
13402,2025-01-03 05:00:00,원지(도),경부선,목표(결빙),37.4538,127.0488,35.0,1,-4.166666666666667,-4.5,-3.7,1.0,60
13402,2025-01-03 06:00:00,원지(도),경부선,목표(결빙),37.4538,127.0488,35.0,1,-4.41,-4.6,-4.1,1.0,60
13402,2025-01-03 07:00:00,원지(도),경부선,목표(결빙),37.4538,127.0488,35.0,1,-3.8466666666666667,-4.3,-3.4,1.0,60
13402,2025-01-03 08:00:00,원지(도),경부선,목표(결빙),37.4538,127.0488,35.0,1,-4.178333333333333,-4.4,-3.8,1.0,60
13402,2025-01-03 09:00:00,원지(도),경부선,목표(결빙),37.4538,127.0488,35.0,1,-3.1599999999999997,-4.3,-1.8,1.0,60
13402,2025-01-03 10:00:00,원지(도),경부선,목표(결빙),37.4538,127.0488,35.0,1,-0.22666666666666666,-1.9,1.4,0.6,60
13402,2025-01-03 11:00:00,원지(도),경부선,목표(결빙),37.4538,127.0488,35.0,1,3.0133333333333336,1.5,4.2,0.0,60
13402,2025-01-03 12:00:00,원지(도),경부선,목표(결빙),37.4538,127.0488,35.0,1,5.743333333333334,4.2,7.1,0.0,60
13402,2025-01-03 13:00:00,원지(도),경부선,목표(결빙),37.4538,127.0488,35.0,1,6.8533333333333335,5.6,7.8,0.0,60
13402,2025-01-03 14:00:00,원지(도),경부선,목표(결빙),37.4538,127.0488,35.0,1,6.456666666666666,5.2,8.0,0.0,60
13402,2025-01-03 15:00:00,원지(도),경부선,목표(결빙),37.4538,127.0488,35.0,1,4.548333333333333,4.1,5.1,0.0,60
13402,2025-01-03 16:00:00,원지(도),경부선,목표(결빙),37.4538,127.0488,35.0,1,4.583333333333333,3.6,5.4,0.0,60
13402,2025-01-03 17:00:00,원지(도),경부선,목표(결빙),37.4538,127.0488,35.0,1,3.355,2.9,4.1,0.0,60
13402,2025-01-03 18:00:00,원지(도),경부선,목표(결빙),37.4538,127.0488,35.0,1,2.8233333333333333,2.3,3.3,0.0,60
13402,2025-01-03 19:00:00,원지(도),경부선,목표(결빙),37.4538,127.0488,35.0,1,2.5949999999999998,2.1,3.0,0.0,60
13402,2025-01-03 20:00:00,원지(도),경부선,목표(결빙),37.4538,127.0488,35.0,1,1.4266666666666665,0.4,2.6,0.0,60
13402,2025-01-03 21:00:00,원지(도),경부선,목표(결빙),37.4538,127.0488,35.0,1,0.8183333333333334,0.4,1.4,0.0,60
13402,2025-01-03 22:00:00,원지(도),경부선,목표(결빙),37.4538,127.0488,35.0,14,1.2816666666666667,0.9,1.5,0.0,60
13402,2025-01-03 23:00:00,원지(도),경부선,목표(결빙),37.4538,127.0488,35.0,14,1.505,1.2,2.1,0.0,60
13402,2025-01-04 00:00:00,원지(도),경부선,목표(결빙),37.4538,127.0488,35.0,1,0.5483333333333333,-0.1,1.4,0.13333333333333333,60
13402,2025-01-04 01:00:00,원지(도),경부선,목표(결빙),37.4538,127.0488,35.0,1,-0.615,-1.2,-0.1,1.0,60
13402,2025-01-04 02:00:00,원지(도),경부선,목표(결빙),37.4538,127.0488,35.0,1,-1.4849999999999999,-1.8,-1.2,1.0,60
13402,2025-01-04 03:00:00,원지(도),경부선,목표(결빙),37.4538,127.0488,35.0,1,-2.256666666666667,-2.8,-1.8,1.0,60
13402,2025-01-04 04:00:00,원지(도),경부선,목표(결빙),37.4538,127.0488,35.0,1,-3.2816666666666667,-3.6,-2.7,1.0,60
13402,2025-01-04 05:00:00,원지(도),경부선,목표(결빙),37.4538,127.0488,35.0,1,-3.9233333333333333,-4.3,-3.6,1.0,60
13402,2025-01-04 06:00:00,원지(도),경부선,목표(결빙),37.4538,127.0488,35.0,1,-4.403333333333333,-4.8,-4.0,1.0,60
13402,2025-01-04 07:00:00,원지(도),경부선,목표(결빙),37.4538,127.0488,35.0,1,-4.801666666666667,-5.0,-4.5,1.0,60
13402,2025-01-04 08:00:00,원지(도),경부선,목표(결빙),37.4538,127.0488,35.0,1,-5.073333333333333,-5.3,-4.7,1.0,60
13402,2025-01-04 09:00:00,원지(도),경부선,목표(결빙),37.4538,127.0488,35.0,1,-4.33,-5.2,-3.0,1.0,60
13402,2025-01-04 10:00:00,원지(도),경부선,목표(결빙),37.4538,127.0488,35.0,1,-1.075,-3.0,0.8,0.75,60
13402,2025-01-04 11:00:00,원지(도),경부선,목표(결빙),37.4538,127.0488,35.0,1,2.7266666666666666,0.9,4.6,0.0,60
13402,2025-01-04 12:00:00,원지(도),경부선,목표(결빙),37.4538,127.0488,35.0,1,6.08,4.7,7.5,0.0,60
13402,2025-01-04 13:00:00,원지(도),경부선,목표(결빙),37.4538,127.0488,35.0,1,8.473333333333333,7.6,9.2,0.0,60
13402,2025-01-04 14:00:00,원지(도),경부선,목표(결빙),37.4538,127.0488,35.0,1,7.4766666666666675,5.5,9.2,0.0,60
13402,2025-01-04 15:00:00,원지(도),경부선,목표(결빙),37.4538,127.0488,35.0,1,4.55,4.0,5.5,0.0,60
13402,2025-01-04 16:00:00,원지(도),경부선,목표(결빙),37.4538,127.0488,35.0,1,4.428333333333333,4.0,4.9,0.0,60
13402,2025-01-04 17:00:00,원지(도),경부선,목표(결빙),37.4538,127.0488,35.0,1,4.791666666666667,4.5,5.1,0.0,60
13402,2025-01-04 18:00:00,원지(도),경부선,목표(결빙),37.4538,127.0488,35.0,1,4.026666666666666,3.1,4.8,0.0,60
13402,2025-01-04 19:00:00,원지(도),경부선,목표(결빙),37.4538,127.0488,35.0,1,2.3016666666666667,1.5,3.2,0.0,60
13402,2025-01-04 20:00:00,원지(도),경부선,목표(결빙),37.4538,127.0488,35.0,1,0.955,0.2,1.5,0.0,60
13402,2025-01-04 21:00:00,원지(도),경부선,목표(결빙),37.4538,127.0488,35.0,1,0.10833333333333334,-0.5,0.7,0.4,60
13402,2025-01-04 22:00:00,원지(도),경부선,목표(결빙),37.4538,127.0488,35.0,1,-0.3333333333333333,-0.8,0.3,0.8666666666666667,60
13402,2025-01-04 23:00:00,원지(도),경부선,목표(결빙),37.4538,127.0488,35.0,1,-0.8183333333333334,-1.6,-0.2,1.0,60
13402,2025-01-05 00:00:00,원지(도),경부선,목표(결빙),37.4538,127.0488,35.0,1,-1.2766666666666666,-1.9,-0.6,1.0,60
13402,2025-01-05 01:00:00,원지(도),경부선,목표(결빙),37.4538,127.0488,35.0,1,-1.54,-1.9,-1.2,1.0,60
13402,2025-01-05 02:00:00,원지(도),경부선,목표(결빙),37.4538,127.0488,35.0,1,-1.655,-1.9,-1.3,1.0,60
13402,2025-01-05 03:00:00,원지(도),경부선,목표(결빙),37.4538,127.0488,35.0,1,-0.7433333333333334,-1.7,0.9,0.8,60
13402,2025-01-05 04:00:00,원지(도),경부선,목표(결빙),37.4538,127.0488,35.0,1,0.5783333333333334,0.2,1.0,0.0,60
13402,2025-01-05 05:00:00,원지(도),경부선,목표(결빙),37.4538,127.0488,35.0,1,0.58,0.4,0.7,0.0,60
13402,2025-01-05 06:00:00,원지(도),경부선,목표(결빙),37.4538,127.0488,35.0,1,0.7733333333333333,0.0,1.2,0.03333333333333333,60
13402,2025-01-05 07:00:00,원지(도),경부선,목표(결빙),37.4538,127.0488,35.0,2,1.03,0.5,1.4,0.0,60
13402,2025-01-05 08:00:00,원지(도),경부선,목표(결빙),37.4538,127.0488,35.0,2,1.09,-0.2,1.6,0.08333333333333333,60
13402,2025-01-05 09:00:00,원지(도),경부선,목표(결빙),37.4538,127.0488,35.0,15,-0.8633333333333334,-1.4,-0.2,1.0,60
13402,2025-01-05 10:00:00,원지(도),경부선,목표(결빙),37.4538,127.0488,35.0,2,0.28833333333333333,-0.4,1.1,0.3,60
13402,2025-01-05 11:00:00,원지(도),경부선,목표(결빙),37.4538,127.0488,35.0,15,0.7783333333333334,-0.3,1.4,0.05,60
13402,2025-01-05 12:00:00,원지(도),경부선,목표(결빙),37.4538,127.0488,35.0,2,1.1316666666666668,-0.7,2.1,0.2,60
13402,2025-01-05 13:00:00,원지(도),경부선,목표(결빙),37.4538,127.0488,35.0,2,1.9083333333333334,1.5,2.1,0.0,60
13402,2025-01-05 14:00:00,원지(도),경부선,목표(결빙),37.4538,127.0488,35.0,2,1.8116666666666668,1.1,2.7,0.0,60
13402,2025-01-05 15:00:00,원지(도),경부선,목표(결빙),37.4538,127.0488,35.0,2,3.5366666666666666,2.5,4.0,0.0,60
13402,2025-01-05 16:00:00,원지(도),경부선,목표(결빙),37.4538,127.0488,35.0,2,3.73,3.5,4.0,0.0,60
13402,2025-01-05 17:00:00,원지(도),경부선,목표(결빙),37.4538,127.0488,35.0,2,3.5383333333333336,3.3,3.8,0.0,60
13402,2025-01-05 18:00:00,원지(도),경부선,목표(결빙),37.4538,127.0488,35.0,2,3.0816666666666666,2.7,3.4,0.0,60
13402,2025-01-05 19:00:00,원지(도),경부선,목표(결빙),37.4538,127.0488,35.0,2,2.9699999999999998,2.7,3.2,0.0,60
13402,2025-01-05 20:00:00,원지(도),경부선,목표(결빙),37.4538,127.0488,35.0,2,2.5733333333333333,2.5,2.8,0.0,60
13402,2025-01-05 21:00:00,원지(도),경부선,목표(결빙),37.4538,127.0488,35.0,2,2.868333333333333,2.4,3.1,0.0,60
13402,2025-01-05 22:00:00,원지(도),경부선,목표(결빙),37.4538,127.0488,35.0,2,2.92,2.5,3.3,0.0,60
13402,2025-01-05 23:00:00,원지(도),경부선,목표(결빙),37.4538,127.0488,35.0,2,2.6983333333333333,2.4,3.1,0.0,60
13402,2025-01-06 00:00:00,원지(도),경부선,목표(결빙),37.4538,127.0488,35.0,2,2.7800000000000002,2.4,3.2,0.0,60
13402,2025-01-06 01:00:00,원지(도),경부선,목표(결빙),37.4538,127.0488,35.0,2,2.79,2.4,3.1,0.0,60
13402,2025-01-06 02:00:00,원지(도),경부선,목표(결빙),37.4538,127.0488,35.0,2,2.5833333333333335,2.1,3.2,0.0,60
13402,2025-01-06 03:00:00,원지(도),경부선,목표(결빙),37.4538,127.0488,35.0,2,2.7083333333333335,2.1,3.2,0.0,60
13402,2025-01-06 04:00:00,원지(도),경부선,목표(결빙),37.4538,127.0488,35.0,2,2.3733333333333335,2.2,2.6,0.0,60
13402,2025-01-06 05:00:00,원지(도),경부선,목표(결빙),37.4538,127.0488,35.0,2,2.4883333333333337,2.1,2.7,0.0,60
13402,2025-01-06 06:00:00,원지(도),경부선,목표(결빙),37.4538,127.0488,35.0,2,2.705,2.4,3.0,0.0,60
13402,2025-01-06 07:00:00,원지(도),경부선,목표(결빙),37.4538,127.0488,35.0,2,2.6266666666666665,2.4,2.9,0.0,60
13402,2025-01-06 08:00:00,원지(도),경부선,목표(결빙),37.4538,127.0488,35.0,2,2.646666666666667,2.4,3.0,0.0,60
13402,2025-01-06 09:00:00,원지(도),경부선,목표(결빙),37.4538,127.0488,35.0,2,2.8833333333333333,2.5,3.4,0.0,60
13402,2025-01-06 10:00:00,원지(도),경부선,목표(결빙),37.4538,127.0488,35.0,2,3.5483333333333333,2.9,4.1,0.0,60
13402,2025-01-06 11:00:00,원지(도),경부선,목표(결빙),37.4538,127.0488,35.0,2,3.61,3.3,3.9,0.0,60
13402,2025-01-06 12:00:00,원지(도),경부선,목표(결빙),37.4538,127.0488,35.0,2,3.921666666666667,3.6,4.3,0.0,60
13402,2025-01-06 13:00:00,원지(도),경부선,목표(결빙),37.4538,127.0488,35.0,2,4.666666666666667,3.9,6.0,0.0,60
13402,2025-01-06 14:00:00,원지(도),경부선,목표(결빙),37.4538,127.0488,35.0,14,6.0600000000000005,5.4,6.6,0.0,60
13402,2025-01-06 15:00:00,원지(도),경부선,목표(결빙),37.4538,127.0488,35.0,14,6.116666666666666,5.7,6.7,0.0,60
13402,2025-01-06 16:00:00,원지(도),경부선,목표(결빙),37.4538,127.0488,35.0,14,5.003333333333333,4.3,6.0,0.0,60
13402,2025-01-06 17:00:00,원지(도),경부선,목표(결빙),37.4538,127.0488,35.0,1,4.055000000000001,3.7,4.6,0.0,60
13402,2025-01-06 18:00:00,원지(도),경부선,목표(결빙),37.4538,127.0488,35.0,1,3.3216666666666668,2.6,3.9,0.0,60
13402,2025-01-06 19:00:00,원지(도),경부선,목표(결빙),37.4538,127.0488,35.0,1,2.135,1.6,2.6,0.0,60
13402,2025-01-06 20:00:00,원지(도),경부선,목표(결빙),37.4538,127.0488,35.0,1,1.18,0.8,1.6,0.0,60
13402,2025-01-06 21:00:00,원지(도),경부선,목표(결빙),37.4538,127.0488,35.0,1,0.51,0.2,0.9,0.0,60
13402,2025-01-06 22:00:00,원지(도),경부선,목표(결빙),37.4538,127.0488,35.0,1,-0.085,-0.4,0.3,0.75,60
13402,2025-01-06 23:00:00,원지(도),경부선,목표(결빙),37.4538,127.0488,35.0,1,-0.7416666666666667,-1.0,-0.4,1.0,60
13402,2025-01-07 00:00:00,원지(도),경부선,목표(결빙),37.4538,127.0488,35.0,1,-1.2383333333333333,-1.5,-0.9,1.0,60
13402,2025-01-07 01:00:00,원지(도),경부선,목표(결빙),37.4538,127.0488,35.0,1,-1.4266666666666665,-1.7,-1.3,1.0,60
13402,2025-01-07 02:00:00,원지(도),경부선,목표(결빙),37.4538,127.0488,35.0,1,-2.15,-2.5,-1.7,1.0,60
13402,2025-01-07 03:00:00,원지(도),경부선,목표(결빙),37.4538,127.0488,35.0,1,-2.7849999999999997,-3.1,-2.5,1.0,60
13402,2025-01-07 04:00:00,원지(도),경부선,목표(결빙),37.4538,127.0488,35.0,1,-3.2183333333333333,-3.3,-3.1,1.0,60
13402,2025-01-07 05:00:00,원지(도),경부선,목표(결빙),37.4538,127.0488,35.0,1,-3.3699999999999997,-3.5,-3.3,1.0,60
13402,2025-01-07 06:00:00,원지(도),경부선,목표(결빙),37.4538,127.0488,35.0,1,-3.235,-3.4,-3.0,1.0,60
13402,2025-01-07 07:00:00,원지(도),경부선,목표(결빙),37.4538,127.0488,35.0,1,-3.025,-3.2,-2.7,1.0,60
13402,2025-01-07 08:00:00,원지(도),경부선,목표(결빙),37.4538,127.0488,35.0,1,-3.481666666666667,-3.9,-2.9,1.0,60
13402,2025-01-07 09:00:00,원지(도),경부선,목표(결빙),37.4538,127.0488,35.0,1,-3.018333333333333,-3.8,-1.8,1.0,60
13402,2025-01-07 10:00:00,원지(도),경부선,목표(결빙),37.4538,127.0488,35.0,1,-0.4316666666666667,-1.7,1.0,0.6833333333333333,60
13402,2025-01-07 11:00:00,원지(도),경부선,목표(결빙),37.4538,127.0488,35.0,1,2.5349999999999997,1.1,4.0,0.0,60
13402,2025-01-07 12:00:00,원지(도),경부선,목표(결빙),37.4538,127.0488,35.0,1,5.2683333333333335,3.9,6.4,0.0,60
13402,2025-01-07 13:00:00,원지(도),경부선,목표(결빙),37.4538,127.0488,35.0,1,6.42,5.1,7.3,0.0,60
13402,2025-01-07 14:00:00,원지(도),경부선,목표(결빙),37.4538,127.0488,35.0,1,5.111666666666666,4.0,6.7,0.0,60
13402,2025-01-07 15:00:00,원지(도),경부선,목표(결빙),37.4538,127.0488,35.0,1,3.7666666666666666,3.4,4.4,0.0,60
13402,2025-01-07 16:00:00,원지(도),경부선,목표(결빙),37.4538,127.0488,35.0,1,2.933333333333333,2.2,3.6,0.0,60
13402,2025-01-07 17:00:00,원지(도),경부선,목표(결빙),37.4538,127.0488,35.0,1,2.795,2.4,3.1,0.0,60
13402,2025-01-07 18:00:00,원지(도),경부선,목표(결빙),37.4538,127.0488,35.0,1,1.9083333333333334,1.3,3.0,0.0,60
13402,2025-01-07 19:00:00,원지(도),경부선,목표(결빙),37.4538,127.0488,35.0,1,1.3516666666666666,0.3,1.9,0.0,60
13402,2025-01-07 20:00:00,원지(도),경부선,목표(결빙),37.4538,127.0488,35.0,1,0.22000000000000003,-0.1,0.5,0.16666666666666666,60
13402,2025-01-07 21:00:00,원지(도),경부선,목표(결빙),37.4538,127.0488,35.0,1,0.24333333333333332,0.0,0.5,0.016666666666666666,60
13402,2025-01-07 22:00:00,원지(도),경부선,목표(결빙),37.4538,127.0488,35.0,1,-0.25166666666666665,-0.8,0.1,0.9333333333333333,60
13402,2025-01-07 23:00:00,원지(도),경부선,목표(결빙),37.4538,127.0488,35.0,1,-1.355,-2.1,-0.6,1.0,60
13402,2025-01-08 00:00:00,원지(도),경부선,목표(결빙),37.4538,127.0488,35.0,1,-2.4566666666666666,-3.0,-2.0,1.0,60
13402,2025-01-08 01:00:00,원지(도),경부선,목표(결빙),37.4538,127.0488,35.0,1,-3.4883333333333337,-4.0,-2.8,1.0,60
13402,2025-01-08 02:00:00,원지(도),경부선,목표(결빙),37.4538,127.0488,35.0,1,-4.278333333333333,-4.6,-3.6,1.0,60
13402,2025-01-08 03:00:00,원지(도),경부선,목표(결빙),37.4538,127.0488,35.0,1,-4.6016666666666675,-4.9,-4.1,1.0,60
13402,2025-01-08 04:00:00,원지(도),경부선,목표(결빙),37.4538,127.0488,35.0,1,-4.121666666666667,-4.4,-3.9,1.0,60
13402,2025-01-08 05:00:00,원지(도),경부선,목표(결빙),37.4538,127.0488,35.0,1,-4.331666666666666,-4.7,-3.7,1.0,60
13402,2025-01-08 06:00:00,원지(도),경부선,목표(결빙),37.4538,127.0488,35.0,1,-3.481666666666667,-4.0,-3.0,1.0,60
13402,2025-01-08 07:00:00,원지(도),경부선,목표(결빙),37.4538,127.0488,35.0,1,-3.9,-4.1,-3.6,1.0,60
13402,2025-01-08 08:00:00,원지(도),경부선,목표(결빙),37.4538,127.0488,35.0,1,-4.113333333333333,-4.5,-3.8,1.0,60
13402,2025-01-08 09:00:00,원지(도),경부선,목표(결빙),37.4538,127.0488,35.0,1,-3.2550000000000003,-4.0,-2.0,1.0,60
13402,2025-01-08 10:00:00,원지(도),경부선,목표(결빙),37.4538,127.0488,35.0,1,-0.35333333333333333,-2.0,0.9,0.6333333333333333,60
13402,2025-01-08 11:00:00,원지(도),경부선,목표(결빙),37.4538,127.0488,35.0,1,1.8366666666666667,1.0,2.8,0.0,60
13402,2025-01-08 12:00:00,원지(도),경부선,목표(결빙),37.4538,127.0488,35.0,1,3.1483333333333334,2.2,4.5,0.0,60
13402,2025-01-08 13:00:00,원지(도),경부선,목표(결빙),37.4538,127.0488,35.0,1,3.9,2.8,6.1,0.0,60
13402,2025-01-08 14:00:00,원지(도),경부선,목표(결빙),37.4538,127.0488,35.0,1,3.7299999999999995,3.1,5.0,0.0,60
13402,2025-01-08 15:00:00,원지(도),경부선,목표(결빙),37.4538,127.0488,35.0,1,3.4433333333333334,2.1,4.2,0.0,60
13402,2025-01-08 16:00:00,원지(도),경부선,목표(결빙),37.4538,127.0488,35.0,1,1.4083333333333334,0.9,2.0,0.0,60
13402,2025-01-08 17:00:00,원지(도),경부선,목표(결빙),37.4538,127.0488,35.0,1,1.0066666666666666,0.7,1.5,0.0,60
13402,2025-01-08 18:00:00,원지(도),경부선,목표(결빙),37.4538,127.0488,35.0,1,0.345,-0.2,0.8,0.23333333333333334,60
13402,2025-01-08 19:00:00,원지(도),경부선,목표(결빙),37.4538,127.0488,35.0,1,-0.46166666666666667,-1.0,0.0,1.0,60
13402,2025-01-08 20:00:00,원지(도),경부선,목표(결빙),37.4538,127.0488,35.0,1,-1.355,-1.7,-0.9,1.0,60
13402,2025-01-08 21:00:00,원지(도),경부선,목표(결빙),37.4538,127.0488,35.0,1,-2.1933333333333334,-2.8,-1.5,1.0,60
13402,2025-01-08 22:00:00,원지(도),경부선,목표(결빙),37.4538,127.0488,35.0,1,-3.17,-3.6,-2.8,1.0,60
13402,2025-01-08 23:00:00,원지(도),경부선,목표(결빙),37.4538,127.0488,35.0,1,-3.4833333333333334,-3.7,-3.1,1.0,60
13402,2025-01-09 00:00:00,원지(도),경부선,목표(결빙),37.4538,127.0488,35.0,1,-3.3833333333333333,-3.8,-3.2,1.0,60
13402,2025-01-09 01:00:00,원지(도),경부선,목표(결빙),37.4538,127.0488,35.0,1,-4.3100000000000005,-5.2,-3.6,1.0,60
13402,2025-01-09 02:00:00,원지(도),경부선,목표(결빙),37.4538,127.0488,35.0,1,-5.736666666666666,-6.1,-5.2,1.0,60
13402,2025-01-09 03:00:00,원지(도),경부선,목표(결빙),37.4538,127.0488,35.0,1,-6.3966666666666665,-6.7,-6.1,1.0,60
13402,2025-01-09 04:00:00,원지(도),경부선,목표(결빙),37.4538,127.0488,35.0,1,-6.908333333333333,-7.2,-6.7,1.0,60
13402,2025-01-09 05:00:00,원지(도),경부선,목표(결빙),37.4538,127.0488,35.0,1,-7.421666666666667,-7.6,-7.2,1.0,60
13402,2025-01-09 06:00:00,원지(도),경부선,목표(결빙),37.4538,127.0488,35.0,1,-7.526666666666667,-7.7,-7.4,1.0,60
13402,2025-01-09 07:00:00,원지(도),경부선,목표(결빙),37.4538,127.0488,35.0,1,-7.418333333333334,-7.7,-7.2,1.0,60
13402,2025-01-09 08:00:00,원지(도),경부선,목표(결빙),37.4538,127.0488,35.0,1,-7.488333333333333,-7.6,-7.3,1.0,60
13402,2025-01-09 09:00:00,원지(도),경부선,목표(결빙),37.4538,127.0488,35.0,1,-7.306666666666667,-7.7,-6.6,1.0,60
13402,2025-01-09 10:00:00,원지(도),경부선,목표(결빙),37.4538,127.0488,35.0,1,-5.371666666666667,-6.5,-4.1,1.0,60
13402,2025-01-09 11:00:00,원지(도),경부선,목표(결빙),37.4538,127.0488,35.0,1,-2.783333333333333,-4.2,-1.5,1.0,60
13402,2025-01-09 12:00:00,원지(도),경부선,목표(결빙),37.4538,127.0488,35.0,1,-0.47,-1.6,0.5,0.65,60
13402,2025-01-09 13:00:00,원지(도),경부선,목표(결빙),37.4538,127.0488,35.0,1,0.8366666666666667,-0.3,1.5,0.03333333333333333,60
13402,2025-01-09 14:00:00,원지(도),경부선,목표(결빙),37.4538,127.0488,35.0,1,0.07,-0.8,1.0,0.55,60
13402,2025-01-09 15:00:00,원지(도),경부선,목표(결빙),37.4538,127.0488,35.0,1,-2.4683333333333333,-4.1,-0.9,1.0,60
13402,2025-01-09 16:00:00,원지(도),경부선,목표(결빙),37.4538,127.0488,35.0,1,-5.083333333333333,-5.6,-4.0,1.0,60
13402,2025-01-09 17:00:00,원지(도),경부선,목표(결빙),37.4538,127.0488,35.0,1,-5.831666666666666,-6.1,-5.5,1.0,60
13402,2025-01-09 18:00:00,원지(도),경부선,목표(결빙),37.4538,127.0488,35.0,1,-6.431666666666667,-7.1,-5.7,1.0,60
13402,2025-01-09 19:00:00,원지(도),경부선,목표(결빙),37.4538,127.0488,35.0,1,-7.0649999999999995,-7.2,-6.9,1.0,60
13402,2025-01-09 20:00:00,원지(도),경부선,목표(결빙),37.4538,127.0488,35.0,1,-7.711666666666667,-8.1,-7.0,1.0,60
13402,2025-01-09 21:00:00,원지(도),경부선,목표(결빙),37.4538,127.0488,35.0,1,-8.091666666666667,-8.3,-7.9,1.0,60
13402,2025-01-09 22:00:00,원지(도),경부선,목표(결빙),37.4538,127.0488,35.0,1,-8.375,-8.5,-8.2,1.0,60
13402,2025-01-09 23:00:00,원지(도),경부선,목표(결빙),37.4538,127.0488,35.0,1,-8.553333333333335,-8.8,-8.4,1.0,60
13402,2025-01-10 00:00:00,원지(도),경부선,목표(결빙),37.4538,127.0488,35.0,1,-9.148333333333333,-9.5,-8.7,1.0,60
13402,2025-01-10 01:00:00,원지(도),경부선,목표(결빙),37.4538,127.0488,35.0,1,-9.633333333333333,-9.9,-9.5,1.0,60
13402,2025-01-10 02:00:00,원지(도),경부선,목표(결빙),37.4538,127.0488,35.0,1,-10.053333333333335,-10.3,-9.8,1.0,60
13402,2025-01-10 03:00:00,원지(도),경부선,목표(결빙),37.4538,127.0488,35.0,1,-10.4,-10.5,-10.0,1.0,60
13402,2025-01-10 04:00:00,원지(도),경부선,목표(결빙),37.4538,127.0488,35.0,1,-10.5,-10.6,-10.3,1.0,60
13402,2025-01-10 05:00:00,원지(도),경부선,목표(결빙),37.4538,127.0488,35.0,1,-10.378333333333334,-10.5,-10.2,1.0,60
13402,2025-01-10 06:00:00,원지(도),경부선,목표(결빙),37.4538,127.0488,35.0,1,-10.31,-10.5,-10.1,1.0,60
13402,2025-01-10 07:00:00,원지(도),경부선,목표(결빙),37.4538,127.0488,35.0,1,-10.221666666666668,-10.4,-10.0,1.0,60
13402,2025-01-10 08:00:00,원지(도),경부선,목표(결빙),37.4538,127.0488,35.0,1,-10.196666666666665,-10.3,-10.1,1.0,60
13402,2025-01-10 09:00:00,원지(도),경부선,목표(결빙),37.4538,127.0488,35.0,1,-9.681666666666667,-10.4,-8.5,1.0,60
13402,2025-01-10 10:00:00,원지(도),경부선,목표(결빙),37.4538,127.0488,35.0,1,-6.823333333333333,-8.5,-5.2,1.0,60
13402,2025-01-10 11:00:00,원지(도),경부선,목표(결빙),37.4538,127.0488,35.0,1,-3.4050000000000002,-5.1,-2.0,1.0,60
13402,2025-01-10 12:00:00,원지(도),경부선,목표(결빙),37.4538,127.0488,35.0,1,-0.5266666666666667,-2.1,0.8,0.7,60
13402,2025-01-10 13:00:00,원지(도),경부선,목표(결빙),37.4538,127.0488,35.0,1,1.6600000000000001,0.8,2.4,0.0,60
13402,2025-01-10 14:00:00,원지(도),경부선,목표(결빙),37.4538,127.0488,35.0,1,1.0216666666666667,-1.1,2.3,0.25,60
13402,2025-01-10 15:00:00,원지(도),경부선,목표(결빙),37.4538,127.0488,35.0,1,-2.19,-2.7,-1.1,1.0,60
13402,2025-01-10 16:00:00,원지(도),경부선,목표(결빙),37.4538,127.0488,35.0,1,-2.7266666666666666,-2.9,-2.3,1.0,60
13402,2025-01-10 17:00:00,원지(도),경부선,목표(결빙),37.4538,127.0488,35.0,1,-2.6016666666666666,-2.9,-2.3,1.0,60
13402,2025-01-10 18:00:00,원지(도),경부선,목표(결빙),37.4538,127.0488,35.0,1,-3.0533333333333332,-3.8,-2.4,1.0,60
13402,2025-01-10 19:00:00,원지(도),경부선,목표(결빙),37.4538,127.0488,35.0,1,-3.77,-3.9,-3.5,1.0,60
13402,2025-01-10 20:00:00,원지(도),경부선,목표(결빙),37.4538,127.0488,35.0,1,-4.6850000000000005,-5.4,-3.7,1.0,60
13402,2025-01-10 21:00:00,원지(도),경부선,목표(결빙),37.4538,127.0488,35.0,1,-5.506666666666666,-6.0,-5.0,1.0,60
13402,2025-01-10 22:00:00,원지(도),경부선,목표(결빙),37.4538,127.0488,35.0,1,-4.926666666666667,-5.6,-4.5,1.0,60
13402,2025-01-10 23:00:00,원지(도),경부선,목표(결빙),37.4538,127.0488,35.0,1,-4.318333333333333,-4.7,-3.9,1.0,60
13402,2025-01-11 00:00:00,원지(도),경부선,목표(결빙),37.4538,127.0488,35.0,1,-5.04,-5.6,-4.2,1.0,60
13402,2025-01-11 01:00:00,원지(도),경부선,목표(결빙),37.4538,127.0488,35.0,1,-6.083333333333333,-6.5,-5.4,1.0,60
13402,2025-01-11 02:00:00,원지(도),경부선,목표(결빙),37.4538,127.0488,35.0,1,-6.876666666666667,-7.4,-6.3,1.0,60
13402,2025-01-11 03:00:00,원지(도),경부선,목표(결빙),37.4538,127.0488,35.0,1,-7.581666666666666,-7.9,-7.2,1.0,60
13402,2025-01-11 04:00:00,원지(도),경부선,목표(결빙),37.4538,127.0488,35.0,1,-8.110000000000001,-8.5,-7.8,1.0,60
13402,2025-01-11 05:00:00,원지(도),경부선,목표(결빙),37.4538,127.0488,35.0,1,-8.588333333333333,-8.8,-8.3,1.0,60
13402,2025-01-11 06:00:00,원지(도),경부선,목표(결빙),37.4538,127.0488,35.0,1,-8.886666666666667,-9.1,-8.4,1.0,60
13402,2025-01-11 07:00:00,원지(도),경부선,목표(결빙),37.4538,127.0488,35.0,1,-8.966666666666667,-9.1,-8.6,1.0,60
13402,2025-01-11 08:00:00,원지(도),경부선,목표(결빙),37.4538,127.0488,35.0,1,-9.093333333333334,-9.3,-8.7,1.0,60
13402,2025-01-11 09:00:00,원지(도),경부선,목표(결빙),37.4538,127.0488,35.0,1,-8.386666666666667,-9.1,-7.0,1.0,60
13402,2025-01-11 10:00:00,원지(도),경부선,목표(결빙),37.4538,127.0488,35.0,1,-5.38,-7.0,-3.8,1.0,60
13402,2025-01-11 11:00:00,원지(도),경부선,목표(결빙),37.4538,127.0488,35.0,1,-2.1566666666666667,-3.7,-0.6,1.0,60
13402,2025-01-11 12:00:00,원지(도),경부선,목표(결빙),37.4538,127.0488,35.0,1,0.7133333333333333,-0.7,2.1,0.23333333333333334,60
13402,2025-01-11 13:00:00,원지(도),경부선,목표(결빙),37.4538,127.0488,35.0,1,3.18,2.2,3.8,0.0,60
13402,2025-01-11 14:00:00,원지(도),경부선,목표(결빙),37.4538,127.0488,35.0,1,2.6816666666666666,1.1,3.9,0.0,60
13402,2025-01-11 15:00:00,원지(도),경부선,목표(결빙),37.4538,127.0488,35.0,1,-0.10166666666666666,-0.7,1.1,0.7666666666666667,60
13402,2025-01-11 16:00:00,원지(도),경부선,목표(결빙),37.4538,127.0488,35.0,1,-0.5950000000000001,-0.9,-0.1,1.0,60
13402,2025-01-11 17:00:00,원지(도),경부선,목표(결빙),37.4538,127.0488,35.0,1,-0.9,-1.2,-0.6,1.0,60
13402,2025-01-11 18:00:00,원지(도),경부선,목표(결빙),37.4538,127.0488,35.0,1,-1.0133333333333332,-1.5,-0.6,1.0,60
13402,2025-01-11 19:00:00,원지(도),경부선,목표(결빙),37.4538,127.0488,35.0,1,-1.835,-2.4,-1.5,1.0,60
13402,2025-01-11 20:00:00,원지(도),경부선,목표(결빙),37.4538,127.0488,35.0,1,-3.14,-3.9,-2.4,1.0,60
13402,2025-01-11 21:00:00,원지(도),경부선,목표(결빙),37.4538,127.0488,35.0,1,-4.2283333333333335,-4.6,-3.9,1.0,60
13402,2025-01-11 22:00:00,원지(도),경부선,목표(결빙),37.4538,127.0488,35.0,1,-4.944999999999999,-5.3,-4.5,1.0,60
13402,2025-01-11 23:00:00,원지(도),경부선,목표(결빙),37.4538,127.0488,35.0,1,-5.569999999999999,-5.9,-5.3,1.0,60
13402,2025-01-12 00:00:00,원지(도),경부선,목표(결빙),37.4538,127.0488,35.0,1,-6.225,-6.7,-5.9,1.0,60
13402,2025-01-12 01:00:00,원지(도),경부선,목표(결빙),37.4538,127.0488,35.0,1,-6.694999999999999,-7.0,-6.3,1.0,60
13402,2025-01-12 02:00:00,원지(도),경부선,목표(결빙),37.4538,127.0488,35.0,1,-7.223333333333333,-7.5,-6.9,1.0,60
13402,2025-01-12 03:00:00,원지(도),경부선,목표(결빙),37.4538,127.0488,35.0,1,-7.58,-7.9,-7.2,1.0,60
13402,2025-01-12 04:00:00,원지(도),경부선,목표(결빙),37.4538,127.0488,35.0,1,-7.9399999999999995,-8.3,-7.6,1.0,60
13402,2025-01-12 05:00:00,원지(도),경부선,목표(결빙),37.4538,127.0488,35.0,1,-8.325,-8.7,-7.9,1.0,60
13402,2025-01-12 06:00:00,원지(도),경부선,목표(결빙),37.4538,127.0488,35.0,1,-8.59,-8.9,-8.2,1.0,60
13402,2025-01-12 07:00:00,원지(도),경부선,목표(결빙),37.4538,127.0488,35.0,1,-8.725,-8.9,-8.6,1.0,60
13402,2025-01-12 08:00:00,원지(도),경부선,목표(결빙),37.4538,127.0488,35.0,1,-8.818333333333333,-9.1,-8.4,1.0,60
13402,2025-01-12 09:00:00,원지(도),경부선,목표(결빙),37.4538,127.0488,35.0,1,-7.996666666666667,-8.9,-6.6,1.0,60
13402,2025-01-12 10:00:00,원지(도),경부선,목표(결빙),37.4538,127.0488,35.0,1,-4.88,-6.5,-3.3,1.0,60
13402,2025-01-12 11:00:00,원지(도),경부선,목표(결빙),37.4538,127.0488,35.0,1,-1.4083333333333334,-3.2,0.1,0.8833333333333333,60
13402,2025-01-12 12:00:00,원지(도),경부선,목표(결빙),37.4538,127.0488,35.0,1,1.62,0.0,3.2,0.016666666666666666,60
13402,2025-01-12 13:00:00,원지(도),경부선,목표(결빙),37.4538,127.0488,35.0,1,4.178333333333333,3.2,4.9,0.0,60
13402,2025-01-12 14:00:00,원지(도),경부선,목표(결빙),37.4538,127.0488,35.0,1,4.25,3.1,5.0,0.0,60
13402,2025-01-12 15:00:00,원지(도),경부선,목표(결빙),37.4538,127.0488,35.0,1,2.2849999999999997,1.8,3.1,0.0,60
13402,2025-01-12 16:00:00,원지(도),경부선,목표(결빙),37.4538,127.0488,35.0,1,1.855,1.5,2.4,0.0,60
13402,2025-01-12 17:00:00,원지(도),경부선,목표(결빙),37.4538,127.0488,35.0,1,1.5066666666666668,1.1,2.0,0.0,60
13402,2025-01-12 18:00:00,원지(도),경부선,목표(결빙),37.4538,127.0488,35.0,1,0.3266666666666667,-0.4,1.3,0.3,60
13402,2025-01-12 19:00:00,원지(도),경부선,목표(결빙),37.4538,127.0488,35.0,1,-0.935,-1.4,-0.3,1.0,60
13402,2025-01-12 20:00:00,원지(도),경부선,목표(결빙),37.4538,127.0488,35.0,1,-2.0266666666666664,-2.5,-1.4,1.0,60
13402,2025-01-12 21:00:00,원지(도),경부선,목표(결빙),37.4538,127.0488,35.0,1,-2.896666666666667,-3.5,-2.4,1.0,60
13402,2025-01-12 22:00:00,원지(도),경부선,목표(결빙),37.4538,127.0488,35.0,1,-3.5900000000000003,-4.1,-3.1,1.0,60
13402,2025-01-12 23:00:00,원지(도),경부선,목표(결빙),37.4538,127.0488,35.0,1,-4.194999999999999,-4.7,-3.6,1.0,60
13402,2025-01-13 00:00:00,원지(도),경부선,목표(결빙),37.4538,127.0488,35.0,1,-4.783333333333333,-5.5,-4.4,1.0,60
13402,2025-01-13 01:00:00,원지(도),경부선,목표(결빙),37.4538,127.0488,35.0,1,-5.333333333333333,-5.7,-4.7,1.0,60
13402,2025-01-13 02:00:00,원지(도),경부선,목표(결빙),37.4538,127.0488,35.0,1,-5.765,-6.1,-5.3,1.0,60
13402,2025-01-13 03:00:00,원지(도),경부선,목표(결빙),37.4538,127.0488,35.0,1,-6.151666666666667,-6.6,-5.7,1.0,60
13402,2025-01-13 04:00:00,원지(도),경부선,목표(결빙),37.4538,127.0488,35.0,1,-6.5,-6.8,-6.1,1.0,60
13402,2025-01-13 05:00:00,원지(도),경부선,목표(결빙),37.4538,127.0488,35.0,1,-6.675,-7.0,-6.4,1.0,60
13402,2025-01-13 06:00:00,원지(도),경부선,목표(결빙),37.4538,127.0488,35.0,1,-6.588333333333334,-6.8,-6.4,1.0,60
13402,2025-01-13 07:00:00,원지(도),경부선,목표(결빙),37.4538,127.0488,35.0,1,-6.203333333333333,-6.8,-5.5,1.0,60
13402,2025-01-13 08:00:00,원지(도),경부선,목표(결빙),37.4538,127.0488,35.0,1,-4.826666666666667,-5.7,-4.0,1.0,60
13402,2025-01-13 09:00:00,원지(도),경부선,목표(결빙),37.4538,127.0488,35.0,14,-3.496666666666667,-4.2,-2.6,1.0,60
13402,2025-01-13 10:00:00,원지(도),경부선,목표(결빙),37.4538,127.0488,35.0,1,-1.4683333333333333,-2.6,-0.1,1.0,60
13402,2025-01-13 11:00:00,원지(도),경부선,목표(결빙),37.4538,127.0488,35.0,1,1.23,-0.2,2.3,0.1,60
13402,2025-01-13 12:00:00,원지(도),경부선,목표(결빙),37.4538,127.0488,35.0,1,3.6766666666666667,2.1,5.7,0.0,60
13402,2025-01-13 13:00:00,원지(도),경부선,목표(결빙),37.4538,127.0488,35.0,1,6.486666666666666,5.5,7.4,0.0,60
13402,2025-01-13 14:00:00,원지(도),경부선,목표(결빙),37.4538,127.0488,35.0,1,6.605,6.1,7.1,0.0,60
13402,2025-01-13 15:00:00,원지(도),경부선,목표(결빙),37.4538,127.0488,35.0,1,6.343333333333334,5.8,6.7,0.0,60
13402,2025-01-13 16:00:00,원지(도),경부선,목표(결빙),37.4538,127.0488,35.0,1,5.3116666666666665,4.2,5.8,0.0,60
13402,2025-01-13 17:00:00,원지(도),경부선,목표(결빙),37.4538,127.0488,35.0,2,3.1166666666666667,2.6,4.0,0.0,60
13402,2025-01-13 18:00:00,원지(도),경부선,목표(결빙),37.4538,127.0488,35.0,2,3.1633333333333336,2.9,3.5,0.0,60
13402,2025-01-13 19:00:00,원지(도),경부선,목표(결빙),37.4538,127.0488,35.0,2,3.091666666666667,2.4,3.7,0.0,60
13402,2025-01-13 20:00:00,원지(도),경부선,목표(결빙),37.4538,127.0488,35.0,2,2.8516666666666666,2.3,3.3,0.0,60
13402,2025-01-13 21:00:00,원지(도),경부선,목표(결빙),37.4538,127.0488,35.0,2,2.5233333333333334,2.2,2.8,0.0,60
13402,2025-01-13 22:00:00,원지(도),경부선,목표(결빙),37.4538,127.0488,35.0,2,2.2266666666666666,1.9,2.7,0.0,60
13402,2025-01-13 23:00:00,원지(도),경부선,목표(결빙),37.4538,127.0488,35.0,2,2.058333333333333,1.7,2.5,0.0,60
13402,2025-01-14 00:00:00,원지(도),경부선,목표(결빙),37.4538,127.0488,35.0,2,1.5733333333333335,1.1,2.2,0.0,60
13402,2025-01-14 01:00:00,원지(도),경부선,목표(결빙),37.4538,127.0488,35.0,2,1.3316666666666668,1.1,1.6,0.0,60
13402,2025-01-14 02:00:00,원지(도),경부선,목표(결빙),37.4538,127.0488,35.0,2,1.2666666666666666,1.0,1.6,0.0,60
13402,2025-01-14 03:00:00,원지(도),경부선,목표(결빙),37.4538,127.0488,35.0,2,1.4933333333333332,1.3,1.8,0.0,60
13402,2025-01-14 04:00:00,원지(도),경부선,목표(결빙),37.4538,127.0488,35.0,2,1.5166666666666666,1.3,2.0,0.0,60
13402,2025-01-14 05:00:00,원지(도),경부선,목표(결빙),37.4538,127.0488,35.0,2,1.8083333333333333,1.5,2.3,0.0,60
13402,2025-01-14 06:00:00,원지(도),경부선,목표(결빙),37.4538,127.0488,35.0,2,1.8299999999999998,1.6,2.0,0.0,60
13402,2025-01-14 07:00:00,원지(도),경부선,목표(결빙),37.4538,127.0488,35.0,2,1.4416666666666667,1.0,1.9,0.0,60
13402,2025-01-14 08:00:00,원지(도),경부선,목표(결빙),37.4538,127.0488,35.0,2,0.9283333333333333,0.7,1.3,0.0,60
13402,2025-01-14 09:00:00,원지(도),경부선,목표(결빙),37.4538,127.0488,35.0,2,1.4383333333333332,0.8,1.8,0.0,60
13402,2025-01-14 10:00:00,원지(도),경부선,목표(결빙),37.4538,127.0488,35.0,2,2.6566666666666667,1.8,3.8,0.0,60
13402,2025-01-14 11:00:00,원지(도),경부선,목표(결빙),37.4538,127.0488,35.0,2,4.503333333333333,3.7,5.4,0.0,60
13402,2025-01-14 12:00:00,원지(도),경부선,목표(결빙),37.4538,127.0488,35.0,2,5.87,5.2,7.0,0.0,60
13402,2025-01-14 13:00:00,원지(도),경부선,목표(결빙),37.4538,127.0488,35.0,2,6.1483333333333325,5.3,7.3,0.0,60
13402,2025-01-14 14:00:00,원지(도),경부선,목표(결빙),37.4538,127.0488,35.0,2,5.858333333333333,5.2,6.6,0.0,60
13402,2025-01-14 15:00:00,원지(도),경부선,목표(결빙),37.4538,127.0488,35.0,14,5.708333333333333,5.4,6.0,0.0,60
13402,2025-01-14 16:00:00,원지(도),경부선,목표(결빙),37.4538,127.0488,35.0,1,6.008333333333334,5.7,6.2,0.0,60
13402,2025-01-14 17:00:00,원지(도),경부선,목표(결빙),37.4538,127.0488,35.0,14,5.808333333333334,5.5,6.0,0.0,60
13402,2025-01-14 18:00:00,원지(도),경부선,목표(결빙),37.4538,127.0488,35.0,14,5.206666666666666,5.0,5.6,0.0,60
13402,2025-01-14 19:00:00,원지(도),경부선,목표(결빙),37.4538,127.0488,35.0,14,5.171666666666667,4.7,5.4,0.0,60
13402,2025-01-14 20:00:00,원지(도),경부선,목표(결빙),37.4538,127.0488,35.0,14,4.348333333333333,4.0,4.9,0.0,60
13402,2025-01-14 21:00:00,원지(도),경부선,목표(결빙),37.4538,127.0488,35.0,1,3.55,3.1,4.2,0.0,60
13402,2025-01-14 22:00:00,원지(도),경부선,목표(결빙),37.4538,127.0488,35.0,1,2.566666666666667,1.9,3.1,0.0,60
13402,2025-01-14 23:00:00,원지(도),경부선,목표(결빙),37.4538,127.0488,35.0,1,1.1333333333333333,0.6,2.0,0.0,60
13402,2025-01-15 00:00:00,원지(도),경부선,목표(결빙),37.4538,127.0488,35.0,1,0.12166666666666666,-0.4,0.7,0.43333333333333335,60
13402,2025-01-15 01:00:00,원지(도),경부선,목표(결빙),37.4538,127.0488,35.0,1,-0.8383333333333333,-1.2,-0.3,1.0,60
13402,2025-01-15 02:00:00,원지(도),경부선,목표(결빙),37.4538,127.0488,35.0,1,-1.4683333333333333,-1.8,-1.2,1.0,60
13402,2025-01-15 03:00:00,원지(도),경부선,목표(결빙),37.4538,127.0488,35.0,1,-2.06,-2.4,-1.7,1.0,60
13402,2025-01-15 04:00:00,원지(도),경부선,목표(결빙),37.4538,127.0488,35.0,1,-2.64,-3.0,-2.3,1.0,60
13402,2025-01-15 05:00:00,원지(도),경부선,목표(결빙),37.4538,127.0488,35.0,1,-3.2233333333333336,-3.4,-3.0,1.0,60
13402,2025-01-15 06:00:00,원지(도),경부선,목표(결빙),37.4538,127.0488,35.0,1,-3.4116666666666666,-3.5,-3.3,1.0,60
13402,2025-01-15 07:00:00,원지(도),경부선,목표(결빙),37.4538,127.0488,35.0,1,-3.2666666666666666,-3.4,-3.1,1.0,60
13402,2025-01-15 08:00:00,원지(도),경부선,목표(결빙),37.4538,127.0488,35.0,1,-3.25,-3.4,-3.1,1.0,60
13402,2025-01-15 09:00:00,원지(도),경부선,목표(결빙),37.4538,127.0488,35.0,1,-2.9466666666666668,-3.3,-2.2,1.0,60
13402,2025-01-15 10:00:00,원지(도),경부선,목표(결빙),37.4538,127.0488,35.0,1,-0.81,-2.2,0.5,0.8333333333333334,60
13402,2025-01-15 11:00:00,원지(도),경부선,목표(결빙),37.4538,127.0488,35.0,1,1.9616666666666667,0.5,3.3,0.0,60
13402,2025-01-15 12:00:00,원지(도),경부선,목표(결빙),37.4538,127.0488,35.0,1,4.513333333333334,3.4,5.6,0.0,60
13402,2025-01-15 13:00:00,원지(도),경부선,목표(결빙),37.4538,127.0488,35.0,1,6.506666666666666,5.6,7.3,0.0,60
13402,2025-01-15 14:00:00,원지(도),경부선,목표(결빙),37.4538,127.0488,35.0,1,5.611666666666666,3.4,7.0,0.0,60
13402,2025-01-15 15:00:00,원지(도),경부선,목표(결빙),37.4538,127.0488,35.0,1,1.5133333333333332,0.3,3.5,0.0,60
13402,2025-01-15 16:00:00,원지(도),경부선,목표(결빙),37.4538,127.0488,35.0,1,0.01,-0.3,0.4,0.6,60
13402,2025-01-15 17:00:00,원지(도),경부선,목표(결빙),37.4538,127.0488,35.0,1,-0.2916666666666667,-0.6,0.0,1.0,60
13402,2025-01-15 18:00:00,원지(도),경부선,목표(결빙),37.4538,127.0488,35.0,1,-0.5783333333333334,-0.8,-0.3,1.0,60
13402,2025-01-15 19:00:00,원지(도),경부선,목표(결빙),37.4538,127.0488,35.0,1,-1.04,-1.4,-0.6,1.0,60
13402,2025-01-15 20:00:00,원지(도),경부선,목표(결빙),37.4538,127.0488,35.0,1,-1.6,-1.9,-1.2,1.0,60
13402,2025-01-15 21:00:00,원지(도),경부선,목표(결빙),37.4538,127.0488,35.0,1,-1.9566666666666668,-2.1,-1.8,1.0,60
13402,2025-01-15 22:00:00,원지(도),경부선,목표(결빙),37.4538,127.0488,35.0,1,-2.5266666666666664,-3.1,-2.2,1.0,60
13402,2025-01-15 23:00:00,원지(도),경부선,목표(결빙),37.4538,127.0488,35.0,1,-3.0366666666666666,-3.7,-2.8,1.0,60
13402,2025-01-16 00:00:00,원지(도),경부선,목표(결빙),37.4538,127.0488,35.0,1,-3.75,-4.0,-3.3,1.0,60
13402,2025-01-16 01:00:00,원지(도),경부선,목표(결빙),37.4538,127.0488,35.0,1,-3.6566666666666667,-3.9,-3.3,1.0,60
13402,2025-01-16 02:00:00,원지(도),경부선,목표(결빙),37.4538,127.0488,35.0,1,-3.365,-3.5,-3.2,1.0,60
13402,2025-01-16 03:00:00,원지(도),경부선,목표(결빙),37.4538,127.0488,35.0,1,-3.1816666666666666,-3.3,-3.0,1.0,60
13402,2025-01-16 04:00:00,원지(도),경부선,목표(결빙),37.4538,127.0488,35.0,1,-2.9216666666666664,-3.1,-2.8,1.0,60
13402,2025-01-16 05:00:00,원지(도),경부선,목표(결빙),37.4538,127.0488,35.0,1,-2.7116666666666664,-2.8,-2.6,1.0,60
13402,2025-01-16 06:00:00,원지(도),경부선,목표(결빙),37.4538,127.0488,35.0,1,-2.4066666666666667,-2.7,-2.1,1.0,60
13402,2025-01-16 07:00:00,원지(도),경부선,목표(결빙),37.4538,127.0488,35.0,1,-1.8516666666666666,-2.1,-1.6,1.0,60
13402,2025-01-16 08:00:00,원지(도),경부선,목표(결빙),37.4538,127.0488,35.0,1,-1.5483333333333333,-1.7,-1.2,1.0,60
13402,2025-01-16 09:00:00,원지(도),경부선,목표(결빙),37.4538,127.0488,35.0,1,-1.225,-1.4,-0.9,1.0,60
13402,2025-01-16 10:00:00,원지(도),경부선,목표(결빙),37.4538,127.0488,35.0,1,-0.58,-1.0,-0.2,1.0,60
13402,2025-01-16 11:00:00,원지(도),경부선,목표(결빙),37.4538,127.0488,35.0,1,0.18666666666666668,-0.3,0.5,0.25,60
13402,2025-01-16 12:00:00,원지(도),경부선,목표(결빙),37.4538,127.0488,35.0,1,1.3833333333333333,0.4,2.5,0.0,60
13402,2025-01-16 13:00:00,원지(도),경부선,목표(결빙),37.4538,127.0488,35.0,1,2.975,2.5,3.4,0.0,60
13402,2025-01-16 14:00:00,원지(도),경부선,목표(결빙),37.4538,127.0488,35.0,1,4.471666666666667,3.4,5.4,0.0,60
13402,2025-01-16 15:00:00,원지(도),경부선,목표(결빙),37.4538,127.0488,35.0,1,5.2733333333333325,4.6,5.8,0.0,60
13402,2025-01-16 16:00:00,원지(도),경부선,목표(결빙),37.4538,127.0488,35.0,1,4.7,4.3,5.0,0.0,60
13402,2025-01-16 17:00:00,원지(도),경부선,목표(결빙),37.4538,127.0488,35.0,14,4.215,3.8,4.6,0.0,60
13402,2025-01-16 18:00:00,원지(도),경부선,목표(결빙),37.4538,127.0488,35.0,14,3.988333333333333,3.8,4.2,0.0,60
13402,2025-01-16 19:00:00,원지(도),경부선,목표(결빙),37.4538,127.0488,35.0,14,4.056666666666667,3.5,4.5,0.0,60
13402,2025-01-16 20:00:00,원지(도),경부선,목표(결빙),37.4538,127.0488,35.0,14,3.5833333333333335,2.7,4.0,0.0,60
13402,2025-01-16 21:00:00,원지(도),경부선,목표(결빙),37.4538,127.0488,35.0,14,2.408333333333333,2.1,2.7,0.0,60
13402,2025-01-16 22:00:00,원지(도),경부선,목표(결빙),37.4538,127.0488,35.0,14,2.6516666666666664,1.8,3.6,0.0,60
13402,2025-01-16 23:00:00,원지(도),경부선,목표(결빙),37.4538,127.0488,35.0,14,1.5566666666666669,0.9,2.2,0.0,60
13402,2025-01-17 00:00:00,원지(도),경부선,목표(결빙),37.4538,127.0488,35.0,14,0.02666666666666667,-0.6,0.8,0.4666666666666667,60
13402,2025-01-17 01:00:00,원지(도),경부선,목표(결빙),37.4538,127.0488,35.0,14,-1.0733333333333335,-1.7,-0.6,1.0,60
13402,2025-01-17 02:00:00,원지(도),경부선,목표(결빙),37.4538,127.0488,35.0,14,-1.9333333333333333,-2.4,-1.4,1.0,60
13402,2025-01-17 03:00:00,원지(도),경부선,목표(결빙),37.4538,127.0488,35.0,14,-2.7583333333333333,-3.3,-2.2,1.0,60
13402,2025-01-17 04:00:00,원지(도),경부선,목표(결빙),37.4538,127.0488,35.0,14,-3.2783333333333333,-3.9,-2.9,1.0,60
13402,2025-01-17 05:00:00,원지(도),경부선,목표(결빙),37.4538,127.0488,35.0,14,-3.83,-4.3,-3.4,1.0,60
13402,2025-01-17 06:00:00,원지(도),경부선,목표(결빙),37.4538,127.0488,35.0,14,-3.9299999999999997,-4.2,-3.4,1.0,60
13402,2025-01-17 07:00:00,원지(도),경부선,목표(결빙),37.4538,127.0488,35.0,14,-3.925,-4.3,-3.5,1.0,60
13402,2025-01-17 08:00:00,원지(도),경부선,목표(결빙),37.4538,127.0488,35.0,14,-4.046666666666666,-4.5,-3.7,1.0,60
13402,2025-01-17 09:00:00,원지(도),경부선,목표(결빙),37.4538,127.0488,35.0,14,-3.2983333333333333,-4.1,-2.2,1.0,60
13402,2025-01-17 10:00:00,원지(도),경부선,목표(결빙),37.4538,127.0488,35.0,14,-0.74,-2.2,0.7,0.7833333333333333,60
13402,2025-01-17 11:00:00,원지(도),경부선,목표(결빙),37.4538,127.0488,35.0,1,2.3866666666666663,0.7,4.1,0.0,60
13402,2025-01-17 12:00:00,원지(도),경부선,목표(결빙),37.4538,127.0488,35.0,1,5.766666666666667,4.1,7.2,0.0,60
13402,2025-01-17 13:00:00,원지(도),경부선,목표(결빙),37.4538,127.0488,35.0,1,8.053333333333333,7.0,9.3,0.0,60
13402,2025-01-17 14:00:00,원지(도),경부선,목표(결빙),37.4538,127.0488,35.0,1,8.411666666666667,7.1,9.3,0.0,60
13402,2025-01-17 15:00:00,원지(도),경부선,목표(결빙),37.4538,127.0488,35.0,1,5.796666666666667,4.8,7.1,0.0,60
13402,2025-01-17 16:00:00,원지(도),경부선,목표(결빙),37.4538,127.0488,35.0,1,4.658333333333333,4.3,5.0,0.0,60
13402,2025-01-17 17:00:00,원지(도),경부선,목표(결빙),37.4538,127.0488,35.0,1,4.085,3.0,4.7,0.0,60
13402,2025-01-17 18:00:00,원지(도),경부선,목표(결빙),37.4538,127.0488,35.0,1,2.6683333333333334,2.3,3.1,0.0,60
13402,2025-01-17 19:00:00,원지(도),경부선,목표(결빙),37.4538,127.0488,35.0,1,1.9433333333333331,1.2,2.6,0.0,60
13402,2025-01-17 20:00:00,원지(도),경부선,목표(결빙),37.4538,127.0488,35.0,1,0.81,0.3,1.4,0.0,60
13402,2025-01-17 21:00:00,원지(도),경부선,목표(결빙),37.4538,127.0488,35.0,1,-0.04000000000000001,-0.6,0.7,0.6166666666666667,60
13402,2025-01-17 22:00:00,원지(도),경부선,목표(결빙),37.4538,127.0488,35.0,1,-0.7966666666666667,-1.3,-0.2,1.0,60
13402,2025-01-17 23:00:00,원지(도),경부선,목표(결빙),37.4538,127.0488,35.0,1,-1.4,-1.9,-0.9,1.0,60
13402,2025-01-18 00:00:00,원지(도),경부선,목표(결빙),37.4538,127.0488,35.0,1,-2.0533333333333332,-2.7,-1.5,1.0,60
13402,2025-01-18 01:00:00,원지(도),경부선,목표(결빙),37.4538,127.0488,35.0,1,-2.805,-3.5,-2.3,1.0,60
13402,2025-01-18 02:00:00,원지(도),경부선,목표(결빙),37.4538,127.0488,35.0,1,-3.4166666666666665,-3.8,-2.8,1.0,60
13402,2025-01-18 03:00:00,원지(도),경부선,목표(결빙),37.4538,127.0488,35.0,1,-3.9799999999999995,-4.4,-3.3,1.0,60
13402,2025-01-18 04:00:00,원지(도),경부선,목표(결빙),37.4538,127.0488,35.0,1,-4.3516666666666675,-4.7,-3.7,1.0,60
13402,2025-01-18 05:00:00,원지(도),경부선,목표(결빙),37.4538,127.0488,35.0,1,-4.61,-5.1,-4.0,1.0,60
13402,2025-01-18 06:00:00,원지(도),경부선,목표(결빙),37.4538,127.0488,35.0,1,-4.778333333333333,-5.1,-4.3,1.0,60
13402,2025-01-18 07:00:00,원지(도),경부선,목표(결빙),37.4538,127.0488,35.0,1,-4.760000000000001,-5.0,-4.4,1.0,60
13402,2025-01-18 08:00:00,원지(도),경부선,목표(결빙),37.4538,127.0488,35.0,1,-4.791666666666667,-5.1,-4.4,1.0,60
13402,2025-01-18 09:00:00,원지(도),경부선,목표(결빙),37.4538,127.0488,35.0,1,-3.9033333333333333,-4.9,-2.5,1.0,60
13402,2025-01-18 10:00:00,원지(도),경부선,목표(결빙),37.4538,127.0488,35.0,1,-0.44166666666666665,-2.5,1.3,0.6333333333333333,60
13402,2025-01-18 11:00:00,원지(도),경부선,목표(결빙),37.4538,127.0488,35.0,1,3.645,1.4,5.4,0.0,60
13402,2025-01-18 12:00:00,원지(도),경부선,목표(결빙),37.4538,127.0488,35.0,1,7.239999999999999,5.7,8.5,0.0,60
13402,2025-01-18 13:00:00,원지(도),경부선,목표(결빙),37.4538,127.0488,35.0,1,9.368333333333334,8.7,10.0,0.0,60
13402,2025-01-18 14:00:00,원지(도),경부선,목표(결빙),37.4538,127.0488,35.0,1,9.863333333333333,8.8,10.6,0.0,60
13402,2025-01-18 15:00:00,원지(도),경부선,목표(결빙),37.4538,127.0488,35.0,1,8.441666666666666,8.1,8.8,0.0,60
13402,2025-01-18 16:00:00,원지(도),경부선,목표(결빙),37.4538,127.0488,35.0,1,7.833333333333333,7.2,8.3,0.0,60
13402,2025-01-18 17:00:00,원지(도),경부선,목표(결빙),37.4538,127.0488,35.0,1,7.1016666666666675,6.4,7.4,0.0,60
13402,2025-01-18 18:00:00,원지(도),경부선,목표(결빙),37.4538,127.0488,35.0,1,5.243333333333334,4.9,6.3,0.0,60
13402,2025-01-18 19:00:00,원지(도),경부선,목표(결빙),37.4538,127.0488,35.0,1,4.043333333333333,2.9,5.1,0.0,60
13402,2025-01-18 20:00:00,원지(도),경부선,목표(결빙),37.4538,127.0488,35.0,1,1.99,0.8,2.9,0.0,60
13402,2025-01-18 21:00:00,원지(도),경부선,목표(결빙),37.4538,127.0488,35.0,1,0.7266666666666667,0.1,1.2,0.0,60
13402,2025-01-18 22:00:00,원지(도),경부선,목표(결빙),37.4538,127.0488,35.0,1,-0.26166666666666666,-0.8,0.2,0.95,60
13402,2025-01-18 23:00:00,원지(도),경부선,목표(결빙),37.4538,127.0488,35.0,1,-0.8933333333333333,-1.3,-0.3,1.0,60
13402,2025-01-19 00:00:00,원지(도),경부선,목표(결빙),37.4538,127.0488,35.0,1,-1.6099999999999999,-2.1,-1.2,1.0,60
13402,2025-01-19 01:00:00,원지(도),경부선,목표(결빙),37.4538,127.0488,35.0,1,-2.2849999999999997,-2.7,-1.9,1.0,60
13402,2025-01-19 02:00:00,원지(도),경부선,목표(결빙),37.4538,127.0488,35.0,1,-2.853333333333333,-3.2,-2.5,1.0,60
13402,2025-01-19 03:00:00,원지(도),경부선,목표(결빙),37.4538,127.0488,35.0,1,-2.705,-3.3,-2.2,1.0,60
13402,2025-01-19 04:00:00,원지(도),경부선,목표(결빙),37.4538,127.0488,35.0,1,-2.095,-3.1,-1.3,1.0,60
13402,2025-01-19 05:00:00,원지(도),경부선,목표(결빙),37.4538,127.0488,35.0,1,-1.5,-1.8,-1.2,1.0,60
13402,2025-01-19 06:00:00,원지(도),경부선,목표(결빙),37.4538,127.0488,35.0,1,-0.9233333333333333,-1.5,-0.5,1.0,60
13402,2025-01-19 07:00:00,원지(도),경부선,목표(결빙),37.4538,127.0488,35.0,1,-0.43666666666666665,-0.9,-0.2,1.0,60
13402,2025-01-19 08:00:00,원지(도),경부선,목표(결빙),37.4538,127.0488,35.0,1,-0.46,-1.2,0.6,0.8333333333333334,60
13402,2025-01-19 09:00:00,원지(도),경부선,목표(결빙),37.4538,127.0488,35.0,1,0.7166666666666667,0.2,1.5,0.0,60
13402,2025-01-19 10:00:00,원지(도),경부선,목표(결빙),37.4538,127.0488,35.0,1,2.256666666666667,1.5,2.9,0.0,60
13402,2025-01-19 11:00:00,원지(도),경부선,목표(결빙),37.4538,127.0488,35.0,1,4.208333333333333,2.7,5.8,0.0,60
13402,2025-01-19 12:00:00,원지(도),경부선,목표(결빙),37.4538,127.0488,35.0,1,7.041666666666667,5.4,8.5,0.0,60
13402,2025-01-19 13:00:00,원지(도),경부선,목표(결빙),37.4538,127.0488,35.0,1,7.944999999999999,6.5,9.5,0.0,60
13402,2025-01-19 14:00:00,원지(도),경부선,목표(결빙),37.4538,127.0488,35.0,1,8.415,7.9,9.3,0.0,60
13402,2025-01-19 15:00:00,원지(도),경부선,목표(결빙),37.4538,127.0488,35.0,1,8.876666666666667,8.3,9.7,0.0,60
13402,2025-01-19 16:00:00,원지(도),경부선,목표(결빙),37.4538,127.0488,35.0,1,9.271666666666667,8.4,9.9,0.0,60
13402,2025-01-19 17:00:00,원지(도),경부선,목표(결빙),37.4538,127.0488,35.0,1,8.135,7.8,8.6,0.0,60
13402,2025-01-19 18:00:00,원지(도),경부선,목표(결빙),37.4538,127.0488,35.0,1,6.451666666666667,5.1,8.0,0.0,60
13402,2025-01-19 19:00:00,원지(도),경부선,목표(결빙),37.4538,127.0488,35.0,1,4.368333333333334,3.4,5.4,0.0,60
13402,2025-01-19 20:00:00,원지(도),경부선,목표(결빙),37.4538,127.0488,35.0,1,3.3516666666666666,2.9,3.9,0.0,60
13402,2025-01-19 21:00:00,원지(도),경부선,목표(결빙),37.4538,127.0488,35.0,14,3.0133333333333336,2.6,3.8,0.0,60
13402,2025-01-19 22:00:00,원지(도),경부선,목표(결빙),37.4538,127.0488,35.0,14,2.8883333333333336,2.2,3.6,0.0,60
13402,2025-01-19 23:00:00,원지(도),경부선,목표(결빙),37.4538,127.0488,35.0,14,2.275,1.6,3.2,0.0,60
13402,2025-01-20 00:00:00,원지(도),경부선,목표(결빙),37.4538,127.0488,35.0,2,1.8833333333333333,1.0,2.6,0.0,60
13402,2025-01-20 01:00:00,원지(도),경부선,목표(결빙),37.4538,127.0488,35.0,2,1.4216666666666666,0.8,2.0,0.0,60
13402,2025-01-20 02:00:00,원지(도),경부선,목표(결빙),37.4538,127.0488,35.0,2,1.145,0.6,1.8,0.0,60
13402,2025-01-20 03:00:00,원지(도),경부선,목표(결빙),37.4538,127.0488,35.0,2,1.3416666666666666,0.4,1.8,0.0,60
13402,2025-01-20 04:00:00,원지(도),경부선,목표(결빙),37.4538,127.0488,35.0,2,0.3733333333333333,-0.2,0.9,0.11666666666666667,60
13402,2025-01-20 05:00:00,원지(도),경부선,목표(결빙),37.4538,127.0488,35.0,2,0.56,-0.1,1.1,0.05,60
13402,2025-01-20 06:00:00,원지(도),경부선,목표(결빙),37.4538,127.0488,35.0,2,1.2733333333333334,0.5,2.1,0.0,60
13402,2025-01-20 07:00:00,원지(도),경부선,목표(결빙),37.4538,127.0488,35.0,2,1.7383333333333333,1.3,2.4,0.0,60
13402,2025-01-20 08:00:00,원지(도),경부선,목표(결빙),37.4538,127.0488,35.0,2,2.308333333333333,1.7,2.7,0.0,60
13402,2025-01-20 09:00:00,원지(도),경부선,목표(결빙),37.4538,127.0488,35.0,2,2.835,1.8,3.6,0.0,60
13402,2025-01-20 10:00:00,원지(도),경부선,목표(결빙),37.4538,127.0488,35.0,2,4.02542372881356,3.2,5.5,0.0,59
13402,2025-01-20 11:00:00,원지(도),경부선,목표(결빙),37.4538,127.0488,35.0,2,5.895,5.3,6.5,0.0,60
13402,2025-01-20 12:00:00,원지(도),경부선,목표(결빙),37.4538,127.0488,35.0,14,6.798333333333333,6.3,7.2,0.0,60
13402,2025-01-20 13:00:00,원지(도),경부선,목표(결빙),37.4538,127.0488,35.0,14,7.848333333333333,7.1,8.6,0.0,60
13402,2025-01-20 14:00:00,원지(도),경부선,목표(결빙),37.4538,127.0488,35.0,1,9.956666666666667,8.4,10.4,0.0,60
13402,2025-01-20 15:00:00,원지(도),경부선,목표(결빙),37.4538,127.0488,35.0,1,9.236666666666668,8.5,10.1,0.0,60
13402,2025-01-20 16:00:00,원지(도),경부선,목표(결빙),37.4538,127.0488,35.0,1,8.555,8.2,8.9,0.0,60
13402,2025-01-20 17:00:00,원지(도),경부선,목표(결빙),37.4538,127.0488,35.0,1,7.85,7.1,8.6,0.0,60
13402,2025-01-20 18:00:00,원지(도),경부선,목표(결빙),37.4538,127.0488,35.0,1,5.555000000000001,4.5,7.2,0.0,60
13402,2025-01-20 19:00:00,원지(도),경부선,목표(결빙),37.4538,127.0488,35.0,1,3.9583333333333335,3.4,4.5,0.0,60
13402,2025-01-20 20:00:00,원지(도),경부선,목표(결빙),37.4538,127.0488,35.0,1,2.7616666666666663,2.3,3.9,0.0,60
13402,2025-01-20 21:00:00,원지(도),경부선,목표(결빙),37.4538,127.0488,35.0,1,1.7283333333333333,1.2,2.6,0.0,60
13402,2025-01-20 22:00:00,원지(도),경부선,목표(결빙),37.4538,127.0488,35.0,1,1.1533333333333333,0.7,1.6,0.0,60
13402,2025-01-20 23:00:00,원지(도),경부선,목표(결빙),37.4538,127.0488,35.0,14,0.5449999999999999,0.0,0.9,0.03333333333333333,60
13402,2025-01-21 00:00:00,원지(도),경부선,목표(결빙),37.4538,127.0488,35.0,14,0.08666666666666667,-0.5,0.5,0.4,60
13402,2025-01-21 01:00:00,원지(도),경부선,목표(결빙),37.4538,127.0488,35.0,14,-0.5950000000000001,-1.0,-0.1,1.0,60
13402,2025-01-21 02:00:00,원지(도),경부선,목표(결빙),37.4538,127.0488,35.0,14,-1.0550000000000002,-1.5,-0.6,1.0,60
13402,2025-01-21 03:00:00,원지(도),경부선,목표(결빙),37.4538,127.0488,35.0,14,-1.4783333333333333,-1.8,-1.1,1.0,60
13402,2025-01-21 04:00:00,원지(도),경부선,목표(결빙),37.4538,127.0488,35.0,14,-1.6783333333333335,-2.0,-1.0,1.0,60
13402,2025-01-21 05:00:00,원지(도),경부선,목표(결빙),37.4538,127.0488,35.0,14,-1.905,-2.1,-1.6,1.0,60
13402,2025-01-21 06:00:00,원지(도),경부선,목표(결빙),37.4538,127.0488,35.0,14,-1.8483333333333334,-2.1,-1.5,1.0,60
13402,2025-01-21 07:00:00,원지(도),경부선,목표(결빙),37.4538,127.0488,35.0,14,-1.6533333333333333,-2.1,-1.1,1.0,60
13402,2025-01-21 08:00:00,원지(도),경부선,목표(결빙),37.4538,127.0488,35.0,14,-1.5766666666666667,-1.8,-1.2,1.0,60
13402,2025-01-21 09:00:00,원지(도),경부선,목표(결빙),37.4538,127.0488,35.0,14,-0.88,-1.6,-0.1,1.0,60
13402,2025-01-21 10:00:00,원지(도),경부선,목표(결빙),37.4538,127.0488,35.0,2,0.9083333333333333,-0.1,1.7,0.03333333333333333,60
13402,2025-01-21 11:00:00,원지(도),경부선,목표(결빙),37.4538,127.0488,35.0,14,2.325,1.7,3.2,0.0,60
13402,2025-01-21 12:00:00,원지(도),경부선,목표(결빙),37.4538,127.0488,35.0,14,4.238333333333333,3.0,5.5,0.0,60
13402,2025-01-21 13:00:00,원지(도),경부선,목표(결빙),37.4538,127.0488,35.0,14,6.694999999999999,5.3,7.5,0.0,60
13402,2025-01-21 14:00:00,원지(도),경부선,목표(결빙),37.4538,127.0488,35.0,14,8.066666666666666,7.2,8.8,0.0,60
13402,2025-01-21 15:00:00,원지(도),경부선,목표(결빙),37.4538,127.0488,35.0,14,7.29,7.1,7.8,0.0,60
13402,2025-01-21 16:00:00,원지(도),경부선,목표(결빙),37.4538,127.0488,35.0,1,6.638333333333334,6.3,7.2,0.0,60
13402,2025-01-21 17:00:00,원지(도),경부선,목표(결빙),37.4538,127.0488,35.0,1,6.35,5.6,7.0,0.0,60
13402,2025-01-21 18:00:00,원지(도),경부선,목표(결빙),37.4538,127.0488,35.0,14,4.403333333333333,3.6,5.7,0.0,60
13402,2025-01-21 19:00:00,원지(도),경부선,목표(결빙),37.4538,127.0488,35.0,1,3.1966666666666668,2.6,3.9,0.0,60
13402,2025-01-21 20:00:00,원지(도),경부선,목표(결빙),37.4538,127.0488,35.0,14,2.2233333333333336,1.3,3.0,0.0,60
13402,2025-01-21 21:00:00,원지(도),경부선,목표(결빙),37.4538,127.0488,35.0,14,1.2966666666666666,0.7,1.7,0.0,60
13402,2025-01-21 22:00:00,원지(도),경부선,목표(결빙),37.4538,127.0488,35.0,14,0.7133333333333333,0.2,1.0,0.0,60
13402,2025-01-21 23:00:00,원지(도),경부선,목표(결빙),37.4538,127.0488,35.0,1,0.9583333333333334,0.4,1.4,0.0,60
13402,2025-01-22 00:00:00,원지(도),경부선,목표(결빙),37.4538,127.0488,35.0,14,1.0450000000000002,0.5,1.6,0.0,60
13402,2025-01-22 01:00:00,원지(도),경부선,목표(결빙),37.4538,127.0488,35.0,14,1.3533333333333333,1.0,1.7,0.0,60
13402,2025-01-22 02:00:00,원지(도),경부선,목표(결빙),37.4538,127.0488,35.0,14,1.3166666666666667,0.7,1.9,0.0,60
13402,2025-01-22 03:00:00,원지(도),경부선,목표(결빙),37.4538,127.0488,35.0,14,0.89,0.4,1.4,0.0,60
13402,2025-01-22 04:00:00,원지(도),경부선,목표(결빙),37.4538,127.0488,35.0,14,0.5716666666666667,0.1,1.1,0.0,60
13402,2025-01-22 05:00:00,원지(도),경부선,목표(결빙),37.4538,127.0488,35.0,14,0.8133333333333332,0.1,1.4,0.0,60
13402,2025-01-22 06:00:00,원지(도),경부선,목표(결빙),37.4538,127.0488,35.0,14,1.6716666666666666,0.9,2.6,0.0,60
13402,2025-01-22 07:00:00,원지(도),경부선,목표(결빙),37.4538,127.0488,35.0,14,2.7016666666666667,2.2,3.2,0.0,60
13402,2025-01-22 08:00:00,원지(도),경부선,목표(결빙),37.4538,127.0488,35.0,14,2.0966666666666667,1.4,2.8,0.0,60
13402,2025-01-22 09:00:00,원지(도),경부선,목표(결빙),37.4538,127.0488,35.0,2,3.131666666666667,2.5,4.1,0.0,60
13402,2025-01-22 10:00:00,원지(도),경부선,목표(결빙),37.4538,127.0488,35.0,2,5.260000000000001,4.1,6.4,0.0,60
13402,2025-01-22 11:00:00,원지(도),경부선,목표(결빙),37.4538,127.0488,35.0,14,7.1850000000000005,6.2,9.1,0.0,60
13402,2025-01-22 12:00:00,원지(도),경부선,목표(결빙),37.4538,127.0488,35.0,1,9.97,9.2,10.8,0.0,60
13402,2025-01-22 13:00:00,원지(도),경부선,목표(결빙),37.4538,127.0488,35.0,1,10.893333333333334,10.0,11.8,0.0,60
13402,2025-01-22 14:00:00,원지(도),경부선,목표(결빙),37.4538,127.0488,35.0,1,11.216666666666667,10.3,11.9,0.0,60
13402,2025-01-22 15:00:00,원지(도),경부선,목표(결빙),37.4538,127.0488,35.0,1,9.254999999999999,8.4,10.2,0.0,60
13402,2025-01-22 16:00:00,원지(도),경부선,목표(결빙),37.4538,127.0488,35.0,1,8.425,8.1,9.0,0.0,60
13402,2025-01-22 17:00:00,원지(도),경부선,목표(결빙),37.4538,127.0488,35.0,1,7.551666666666667,6.9,8.2,0.0,60
13402,2025-01-22 18:00:00,원지(도),경부선,목표(결빙),37.4538,127.0488,35.0,1,6.501666666666667,6.1,6.9,0.0,60
13402,2025-01-22 19:00:00,원지(도),경부선,목표(결빙),37.4538,127.0488,35.0,1,5.621666666666667,4.8,6.3,0.0,60
13402,2025-01-22 20:00:00,원지(도),경부선,목표(결빙),37.4538,127.0488,35.0,1,3.643333333333333,2.8,4.9,0.0,60
13402,2025-01-22 21:00:00,원지(도),경부선,목표(결빙),37.4538,127.0488,35.0,1,2.2583333333333333,1.5,2.8,0.0,60
13402,2025-01-22 22:00:00,원지(도),경부선,목표(결빙),37.4538,127.0488,35.0,1,1.2883333333333333,0.6,2.0,0.0,60
13402,2025-01-22 23:00:00,원지(도),경부선,목표(결빙),37.4538,127.0488,35.0,1,0.5583333333333333,0.2,1.1,0.0,60
13402,2025-01-23 00:00:00,원지(도),경부선,목표(결빙),37.4538,127.0488,35.0,1,-0.14333333333333334,-0.7,0.5,0.7833333333333333,60
13402,2025-01-23 01:00:00,원지(도),경부선,목표(결빙),37.4538,127.0488,35.0,1,-0.8583333333333333,-1.3,-0.4,1.0,60
13402,2025-01-23 02:00:00,원지(도),경부선,목표(결빙),37.4538,127.0488,35.0,1,-1.4200000000000002,-1.9,-0.8,1.0,60
13402,2025-01-23 03:00:00,원지(도),경부선,목표(결빙),37.4538,127.0488,35.0,1,-1.895,-2.3,-1.6,1.0,60
13402,2025-01-23 04:00:00,원지(도),경부선,목표(결빙),37.4538,127.0488,35.0,1,-2.253333333333333,-2.9,-1.7,1.0,60
13402,2025-01-23 05:00:00,원지(도),경부선,목표(결빙),37.4538,127.0488,35.0,1,-2.6133333333333337,-3.0,-2.2,1.0,60
13402,2025-01-23 06:00:00,원지(도),경부선,목표(결빙),37.4538,127.0488,35.0,14,-2.533333333333333,-2.9,-2.1,1.0,60
13402,2025-01-23 07:00:00,원지(도),경부선,목표(결빙),37.4538,127.0488,35.0,14,-2.4883333333333337,-2.8,-2.1,1.0,60
13402,2025-01-23 08:00:00,원지(도),경부선,목표(결빙),37.4538,127.0488,35.0,14,-2.565,-2.8,-2.4,1.0,60
13402,2025-01-23 09:00:00,원지(도),경부선,목표(결빙),37.4538,127.0488,35.0,14,-1.5983333333333334,-2.6,0.1,0.9833333333333333,60
13402,2025-01-23 10:00:00,원지(도),경부선,목표(결빙),37.4538,127.0488,35.0,14,1.875,0.2,3.7,0.0,60
13402,2025-01-23 11:00:00,원지(도),경부선,목표(결빙),37.4538,127.0488,35.0,1,5.5,3.6,7.5,0.0,60
13402,2025-01-23 12:00:00,원지(도),경부선,목표(결빙),37.4538,127.0488,35.0,1,8.965,7.3,10.5,0.0,60
13402,2025-01-23 13:00:00,원지(도),경부선,목표(결빙),37.4538,127.0488,35.0,1,11.856666666666666,10.4,12.8,0.0,60
13402,2025-01-23 14:00:00,원지(도),경부선,목표(결빙),37.4538,127.0488,35.0,1,12.398333333333333,10.8,13.2,0.0,60
13402,2025-01-23 15:00:00,원지(도),경부선,목표(결빙),37.4538,127.0488,35.0,1,8.503333333333334,7.0,10.7,0.0,60
13402,2025-01-23 16:00:00,원지(도),경부선,목표(결빙),37.4538,127.0488,35.0,1,6.77,6.4,7.2,0.0,60
13402,2025-01-23 17:00:00,원지(도),경부선,목표(결빙),37.4538,127.0488,35.0,1,6.236666666666666,5.4,6.7,0.0,60
13402,2025-01-23 18:00:00,원지(도),경부선,목표(결빙),37.4538,127.0488,35.0,1,4.745,3.9,5.7,0.0,60
13402,2025-01-23 19:00:00,원지(도),경부선,목표(결빙),37.4538,127.0488,35.0,1,3.566666666666667,2.9,4.1,0.0,60
13402,2025-01-23 20:00:00,원지(도),경부선,목표(결빙),37.4538,127.0488,35.0,1,2.4650000000000003,1.9,3.1,0.0,60
13402,2025-01-23 21:00:00,원지(도),경부선,목표(결빙),37.4538,127.0488,35.0,1,1.4816666666666667,0.8,2.2,0.0,60
13402,2025-01-23 22:00:00,원지(도),경부선,목표(결빙),37.4538,127.0488,35.0,1,0.7916666666666666,0.1,1.3,0.0,60
13402,2025-01-23 23:00:00,원지(도),경부선,목표(결빙),37.4538,127.0488,35.0,1,0.15666666666666668,-0.3,0.8,0.2,60
13402,2025-01-24 00:00:00,원지(도),경부선,목표(결빙),37.4538,127.0488,35.0,1,-0.5399999999999999,-1.2,-0.1,1.0,60
13402,2025-01-24 01:00:00,원지(도),경부선,목표(결빙),37.4538,127.0488,35.0,1,-1.1116666666666668,-1.7,-0.4,1.0,60
13402,2025-01-24 02:00:00,원지(도),경부선,목표(결빙),37.4538,127.0488,35.0,1,-1.9549999999999998,-2.4,-1.4,1.0,60
13402,2025-01-24 03:00:00,원지(도),경부선,목표(결빙),37.4538,127.0488,35.0,1,-2.4949999999999997,-2.8,-2.2,1.0,60
13402,2025-01-24 04:00:00,원지(도),경부선,목표(결빙),37.4538,127.0488,35.0,1,-2.88,-3.4,-2.1,1.0,60
13402,2025-01-24 05:00:00,원지(도),경부선,목표(결빙),37.4538,127.0488,35.0,1,-3.1683333333333334,-3.5,-2.9,1.0,60
13402,2025-01-24 06:00:00,원지(도),경부선,목표(결빙),37.4538,127.0488,35.0,1,-3.228333333333333,-3.6,-2.8,1.0,60
13402,2025-01-24 07:00:00,원지(도),경부선,목표(결빙),37.4538,127.0488,35.0,1,-3.0833333333333335,-3.5,-2.8,1.0,60
13402,2025-01-24 08:00:00,원지(도),경부선,목표(결빙),37.4538,127.0488,35.0,1,-3.086666666666667,-3.3,-2.6,1.0,60
13402,2025-01-24 09:00:00,원지(도),경부선,목표(결빙),37.4538,127.0488,35.0,1,-1.995,-3.1,-0.5,1.0,60
13402,2025-01-24 10:00:00,원지(도),경부선,목표(결빙),37.4538,127.0488,35.0,1,1.6883333333333332,-0.5,3.6,0.1,60
13402,2025-01-24 11:00:00,원지(도),경부선,목표(결빙),37.4538,127.0488,35.0,1,5.638333333333334,3.6,7.5,0.0,60
13402,2025-01-24 12:00:00,원지(도),경부선,목표(결빙),37.4538,127.0488,35.0,1,9.548333333333334,7.7,11.2,0.0,60
13402,2025-01-24 13:00:00,원지(도),경부선,목표(결빙),37.4538,127.0488,35.0,1,12.356666666666666,11.1,13.4,0.0,60
13402,2025-01-24 14:00:00,원지(도),경부선,목표(결빙),37.4538,127.0488,35.0,1,13.126666666666667,11.7,13.7,0.0,60
13402,2025-01-24 15:00:00,원지(도),경부선,목표(결빙),37.4538,127.0488,35.0,1,9.553333333333335,8.1,11.7,0.0,60
13402,2025-01-24 16:00:00,원지(도),경부선,목표(결빙),37.4538,127.0488,35.0,1,7.878333333333333,7.7,8.4,0.0,60
13402,2025-01-24 17:00:00,원지(도),경부선,목표(결빙),37.4538,127.0488,35.0,1,7.483333333333333,6.2,8.0,0.0,60
13402,2025-01-24 18:00:00,원지(도),경부선,목표(결빙),37.4538,127.0488,35.0,1,5.783333333333333,5.0,6.3,0.0,60
13402,2025-01-24 19:00:00,원지(도),경부선,목표(결빙),37.4538,127.0488,35.0,1,4.543333333333334,3.9,5.1,0.0,60
13402,2025-01-24 20:00:00,원지(도),경부선,목표(결빙),37.4538,127.0488,35.0,1,3.9966666666666666,2.9,4.6,0.0,60
13402,2025-01-24 21:00:00,원지(도),경부선,목표(결빙),37.4538,127.0488,35.0,1,2.6383333333333336,2.1,3.1,0.0,60
13402,2025-01-24 22:00:00,원지(도),경부선,목표(결빙),37.4538,127.0488,35.0,1,2.0016666666666665,1.6,2.6,0.0,60
13402,2025-01-24 23:00:00,원지(도),경부선,목표(결빙),37.4538,127.0488,35.0,1,1.4516666666666667,0.8,2.0,0.0,60
13402,2025-01-25 00:00:00,원지(도),경부선,목표(결빙),37.4538,127.0488,35.0,1,0.99,0.1,1.6,0.0,60
13402,2025-01-25 01:00:00,원지(도),경부선,목표(결빙),37.4538,127.0488,35.0,1,0.3466666666666667,-0.3,1.0,0.21666666666666667,60
13402,2025-01-25 02:00:00,원지(도),경부선,목표(결빙),37.4538,127.0488,35.0,1,0.21333333333333335,-0.3,0.7,0.25,60
13402,2025-01-25 03:00:00,원지(도),경부선,목표(결빙),37.4538,127.0488,35.0,1,-0.3,-1.1,0.3,0.9166666666666666,60
13402,2025-01-25 04:00:00,원지(도),경부선,목표(결빙),37.4538,127.0488,35.0,1,-0.815,-1.2,-0.2,1.0,60
13402,2025-01-25 05:00:00,원지(도),경부선,목표(결빙),37.4538,127.0488,35.0,1,-1.0266666666666666,-1.6,-0.6,1.0,60
13402,2025-01-25 06:00:00,원지(도),경부선,목표(결빙),37.4538,127.0488,35.0,14,-1.195,-1.6,-0.8,1.0,60
13402,2025-01-25 07:00:00,원지(도),경부선,목표(결빙),37.4538,127.0488,35.0,14,-0.95,-1.4,-0.4,1.0,60
13402,2025-01-25 08:00:00,원지(도),경부선,목표(결빙),37.4538,127.0488,35.0,14,-0.7899999999999999,-1.3,-0.4,1.0,60
13402,2025-01-25 09:00:00,원지(도),경부선,목표(결빙),37.4538,127.0488,35.0,14,0.44833333333333336,-0.9,2.6,0.48333333333333334,60
13402,2025-01-25 10:00:00,원지(도),경부선,목표(결빙),37.4538,127.0488,35.0,14,4.663333333333333,2.5,7.0,0.0,60
13402,2025-01-25 11:00:00,원지(도),경부선,목표(결빙),37.4538,127.0488,35.0,1,8.568333333333333,7.0,10.2,0.0,60
13402,2025-01-25 12:00:00,원지(도),경부선,목표(결빙),37.4538,127.0488,35.0,1,11.808333333333334,10.1,13.5,0.0,60
13402,2025-01-25 13:00:00,원지(도),경부선,목표(결빙),37.4538,127.0488,35.0,1,14.076666666666666,12.8,15.1,0.0,60
13402,2025-01-25 14:00:00,원지(도),경부선,목표(결빙),37.4538,127.0488,35.0,1,14.004999999999999,11.3,15.5,0.0,60
13402,2025-01-25 15:00:00,원지(도),경부선,목표(결빙),37.4538,127.0488,35.0,1,10.53,9.6,11.5,0.0,60
13402,2025-01-25 16:00:00,원지(도),경부선,목표(결빙),37.4538,127.0488,35.0,1,9.083333333333334,8.0,10.0,0.0,60
13402,2025-01-25 17:00:00,원지(도),경부선,목표(결빙),37.4538,127.0488,35.0,1,8.251666666666667,7.9,8.5,0.0,60
13402,2025-01-25 18:00:00,원지(도),경부선,목표(결빙),37.4538,127.0488,35.0,1,7.763333333333334,6.7,8.5,0.0,60
13402,2025-01-25 19:00:00,원지(도),경부선,목표(결빙),37.4538,127.0488,35.0,1,7.260000000000001,5.3,8.7,0.0,60
13402,2025-01-25 20:00:00,원지(도),경부선,목표(결빙),37.4538,127.0488,35.0,1,5.716666666666667,5.0,6.5,0.0,60
13402,2025-01-25 21:00:00,원지(도),경부선,목표(결빙),37.4538,127.0488,35.0,1,4.801666666666667,3.6,6.5,0.0,60
13402,2025-01-25 22:00:00,원지(도),경부선,목표(결빙),37.4538,127.0488,35.0,1,3.775,3.2,4.7,0.0,60
13402,2025-01-25 23:00:00,원지(도),경부선,목표(결빙),37.4538,127.0488,35.0,1,2.98,1.9,4.4,0.0,60
13402,2025-01-26 00:00:00,원지(도),경부선,목표(결빙),37.4538,127.0488,35.0,1,1.925,1.3,2.7,0.0,60
13402,2025-01-26 01:00:00,원지(도),경부선,목표(결빙),37.4538,127.0488,35.0,1,1.2833333333333334,0.7,1.9,0.0,60
13402,2025-01-26 02:00:00,원지(도),경부선,목표(결빙),37.4538,127.0488,35.0,1,1.1616666666666666,0.6,1.9,0.0,60
13402,2025-01-26 03:00:00,원지(도),경부선,목표(결빙),37.4538,127.0488,35.0,1,1.4516666666666667,0.6,2.0,0.0,60
13402,2025-01-26 04:00:00,원지(도),경부선,목표(결빙),37.4538,127.0488,35.0,1,1.3566666666666667,0.6,1.9,0.0,60
13402,2025-01-26 05:00:00,원지(도),경부선,목표(결빙),37.4538,127.0488,35.0,1,1.1033333333333333,0.5,1.6,0.0,60
13402,2025-01-26 06:00:00,원지(도),경부선,목표(결빙),37.4538,127.0488,35.0,1,0.06833333333333334,-0.5,0.6,0.4166666666666667,60
13402,2025-01-26 07:00:00,원지(도),경부선,목표(결빙),37.4538,127.0488,35.0,1,0.09000000000000001,-0.6,0.7,0.38333333333333336,60
13402,2025-01-26 08:00:00,원지(도),경부선,목표(결빙),37.4538,127.0488,35.0,1,0.52,-0.2,1.6,0.16666666666666666,60
13402,2025-01-26 09:00:00,원지(도),경부선,목표(결빙),37.4538,127.0488,35.0,1,1.7933333333333332,0.3,3.1,0.0,60
13402,2025-01-26 10:00:00,원지(도),경부선,목표(결빙),37.4538,127.0488,35.0,1,4.235,2.9,5.6,0.0,60
13402,2025-01-26 11:00:00,원지(도),경부선,목표(결빙),37.4538,127.0488,35.0,1,7.29,5.6,9.3,0.0,60
13402,2025-01-26 12:00:00,원지(도),경부선,목표(결빙),37.4538,127.0488,35.0,1,10.389999999999999,9.3,11.7,0.0,60
13402,2025-01-26 13:00:00,원지(도),경부선,목표(결빙),37.4538,127.0488,35.0,1,9.645000000000001,9.1,10.3,0.0,60
13402,2025-01-26 14:00:00,원지(도),경부선,목표(결빙),37.4538,127.0488,35.0,1,9.84,9.4,10.5,0.0,60
13402,2025-01-26 15:00:00,원지(도),경부선,목표(결빙),37.4538,127.0488,35.0,1,9.743333333333334,9.3,10.2,0.0,60
13402,2025-01-26 16:00:00,원지(도),경부선,목표(결빙),37.4538,127.0488,35.0,1,9.253333333333334,8.9,9.6,0.0,60
13402,2025-01-26 17:00:00,원지(도),경부선,목표(결빙),37.4538,127.0488,35.0,1,8.725,8.3,9.1,0.0,60
13402,2025-01-26 18:00:00,원지(도),경부선,목표(결빙),37.4538,127.0488,35.0,1,7.943333333333333,7.3,8.5,0.0,60
13402,2025-01-26 19:00:00,원지(도),경부선,목표(결빙),37.4538,127.0488,35.0,1,6.088333333333334,5.6,7.3,0.0,60
13402,2025-01-26 20:00:00,원지(도),경부선,목표(결빙),37.4538,127.0488,35.0,1,5.198333333333333,4.5,6.1,0.0,60
13402,2025-01-26 21:00:00,원지(도),경부선,목표(결빙),37.4538,127.0488,35.0,1,4.666666666666667,4.1,5.2,0.0,60
13402,2025-01-26 22:00:00,원지(도),경부선,목표(결빙),37.4538,127.0488,35.0,1,4.766666666666667,4.2,5.3,0.0,60
13402,2025-01-26 23:00:00,원지(도),경부선,목표(결빙),37.4538,127.0488,35.0,1,5.1866666666666665,4.5,6.0,0.0,60
13402,2025-01-27 00:00:00,원지(도),경부선,목표(결빙),37.4538,127.0488,35.0,1,5.55,5.0,5.9,0.0,60
13402,2025-01-27 01:00:00,원지(도),경부선,목표(결빙),37.4538,127.0488,35.0,14,4.661666666666666,3.6,5.2,0.0,60
13402,2025-01-27 02:00:00,원지(도),경부선,목표(결빙),37.4538,127.0488,35.0,2,3.29,3.0,3.7,0.0,60
13402,2025-01-27 03:00:00,원지(도),경부선,목표(결빙),37.4538,127.0488,35.0,2,3.1,3.0,3.3,0.0,60
13402,2025-01-27 04:00:00,원지(도),경부선,목표(결빙),37.4538,127.0488,35.0,2,2.8016666666666667,2.6,3.1,0.0,60
13402,2025-01-27 05:00:00,원지(도),경부선,목표(결빙),37.4538,127.0488,35.0,2,2.9616666666666664,2.7,3.2,0.0,60
13402,2025-01-27 06:00:00,원지(도),경부선,목표(결빙),37.4538,127.0488,35.0,2,3.353333333333333,3.2,3.5,0.0,60
13402,2025-01-27 07:00:00,원지(도),경부선,목표(결빙),37.4538,127.0488,35.0,2,3.006666666666667,2.7,3.4,0.0,60
13402,2025-01-27 08:00:00,원지(도),경부선,목표(결빙),37.4538,127.0488,35.0,2,2.0883333333333334,1.5,2.8,0.0,60
13402,2025-01-27 09:00:00,원지(도),경부선,목표(결빙),37.4538,127.0488,35.0,15,1.1900000000000002,0.8,1.7,0.0,60
13402,2025-01-27 10:00:00,원지(도),경부선,목표(결빙),37.4538,127.0488,35.0,15,1.3716666666666666,0.5,1.8,0.0,60
13402,2025-01-27 11:00:00,원지(도),경부선,목표(결빙),37.4538,127.0488,35.0,2,0.7733333333333333,-0.3,1.9,0.21666666666666667,60
13402,2025-01-27 12:00:00,원지(도),경부선,목표(결빙),37.4538,127.0488,35.0,2,2.1633333333333336,1.8,3.0,0.0,60
13402,2025-01-27 13:00:00,원지(도),경부선,목표(결빙),37.4538,127.0488,35.0,2,2.8433333333333333,0.5,4.5,0.0,60
13402,2025-01-27 14:00:00,원지(도),경부선,목표(결빙),37.4538,127.0488,35.0,2,3.805,2.4,5.1,0.0,60
13402,2025-01-27 15:00:00,원지(도),경부선,목표(결빙),37.4538,127.0488,35.0,2,3.31,2.9,4.0,0.0,60
13402,2025-01-27 16:00:00,원지(도),경부선,목표(결빙),37.4538,127.0488,35.0,3,1.6400000000000001,-0.5,3.3,0.1,60
13402,2025-01-27 17:00:00,원지(도),경부선,목표(결빙),37.4538,127.0488,35.0,2,0.6283333333333334,-1.3,2.2,0.2,60
13402,2025-01-27 18:00:00,원지(도),경부선,목표(결빙),37.4538,127.0488,35.0,2,0.001666666666666668,-0.6,0.5,0.45,60
13402,2025-01-27 19:00:00,원지(도),경부선,목표(결빙),37.4538,127.0488,35.0,2,-0.6649999999999999,-0.9,-0.5,1.0,60
13402,2025-01-27 20:00:00,원지(도),경부선,목표(결빙),37.4538,127.0488,35.0,2,-0.6916666666666667,-0.9,-0.4,1.0,60
13402,2025-01-27 21:00:00,원지(도),경부선,목표(결빙),37.4538,127.0488,35.0,2,-0.535,-1.1,-0.4,1.0,60
13402,2025-01-27 22:00:00,원지(도),경부선,목표(결빙),37.4538,127.0488,35.0,2,-0.7883333333333333,-1.1,-0.5,1.0,60
13402,2025-01-27 23:00:00,원지(도),경부선,목표(결빙),37.4538,127.0488,35.0,2,-1.2,-1.8,-0.8,1.0,60
13402,2025-01-28 00:00:00,원지(도),경부선,목표(결빙),37.4538,127.0488,35.0,2,-1.6816666666666669,-2.5,-1.3,1.0,60
13402,2025-01-28 01:00:00,원지(도),경부선,목표(결빙),37.4538,127.0488,35.0,2,-1.8233333333333335,-2.0,-1.6,1.0,60
13402,2025-01-28 02:00:00,원지(도),경부선,목표(결빙),37.4538,127.0488,35.0,2,-1.8433333333333333,-2.1,-1.7,1.0,60
13402,2025-01-28 03:00:00,원지(도),경부선,목표(결빙),37.4538,127.0488,35.0,2,-2.1816666666666666,-3.0,-1.9,1.0,60
13402,2025-01-28 04:00:00,원지(도),경부선,목표(결빙),37.4538,127.0488,35.0,2,-3.045,-3.7,-2.3,1.0,60
13402,2025-01-28 05:00:00,원지(도),경부선,목표(결빙),37.4538,127.0488,35.0,15,-3.0766666666666667,-3.9,-2.8,1.0,60
13402,2025-01-28 06:00:00,원지(도),경부선,목표(결빙),37.4538,127.0488,35.0,15,-3.228333333333333,-3.5,-2.8,1.0,60
13402,2025-01-28 07:00:00,원지(도),경부선,목표(결빙),37.4538,127.0488,35.0,15,-3.3133333333333335,-4.0,-3.0,1.0,60
13402,2025-01-28 08:00:00,원지(도),경부선,목표(결빙),37.4538,127.0488,35.0,15,-3.1700000000000004,-3.3,-3.0,1.0,60
13402,2025-01-28 09:00:00,원지(도),경부선,목표(결빙),37.4538,127.0488,35.0,15,-3.1783333333333332,-3.4,-2.9,1.0,60
13402,2025-01-28 10:00:00,원지(도),경부선,목표(결빙),37.4538,127.0488,35.0,15,-2.518333333333333,-3.0,-2.2,1.0,60
13402,2025-01-28 11:00:00,원지(도),경부선,목표(결빙),37.4538,127.0488,35.0,2,-1.3166666666666667,-2.3,-0.4,1.0,60
13402,2025-01-28 12:00:00,원지(도),경부선,목표(결빙),37.4538,127.0488,35.0,2,-1.2233333333333334,-1.6,-0.9,1.0,60
13402,2025-01-28 13:00:00,원지(도),경부선,목표(결빙),37.4538,127.0488,35.0,2,-1.0366666666666666,-1.3,-0.8,1.0,60
13402,2025-01-28 14:00:00,원지(도),경부선,목표(결빙),37.4538,127.0488,35.0,2,-0.375,-0.8,0.1,0.9833333333333333,60
13402,2025-01-28 15:00:00,원지(도),경부선,목표(결빙),37.4538,127.0488,35.0,2,-0.4533333333333333,-0.6,-0.1,1.0,60
13402,2025-01-28 16:00:00,원지(도),경부선,목표(결빙),37.4538,127.0488,35.0,2,-0.7833333333333333,-1.1,-0.3,1.0,60
13402,2025-01-28 17:00:00,원지(도),경부선,목표(결빙),37.4538,127.0488,35.0,2,-0.9383333333333332,-1.5,-0.6,1.0,60
13402,2025-01-28 18:00:00,원지(도),경부선,목표(결빙),37.4538,127.0488,35.0,2,-1.9216666666666666,-2.6,-1.3,1.0,60
13402,2025-01-28 19:00:00,원지(도),경부선,목표(결빙),37.4538,127.0488,35.0,2,-3.018333333333333,-3.4,-2.5,1.0,60
13402,2025-01-28 20:00:00,원지(도),경부선,목표(결빙),37.4538,127.0488,35.0,2,-3.6166666666666667,-3.9,-3.4,1.0,60
13402,2025-01-28 21:00:00,원지(도),경부선,목표(결빙),37.4538,127.0488,35.0,2,-3.8583333333333334,-4.1,-3.5,1.0,60
13402,2025-01-28 22:00:00,원지(도),경부선,목표(결빙),37.4538,127.0488,35.0,14,-3.4650000000000003,-3.6,-3.3,1.0,60
13402,2025-01-28 23:00:00,원지(도),경부선,목표(결빙),37.4538,127.0488,35.0,14,-3.385,-3.5,-3.3,1.0,60
13402,2025-01-29 00:00:00,원지(도),경부선,목표(결빙),37.4538,127.0488,35.0,2,-3.375,-3.5,-3.3,1.0,60
13402,2025-01-29 01:00:00,원지(도),경부선,목표(결빙),37.4538,127.0488,35.0,2,-3.566666666666667,-3.7,-3.3,1.0,60
13402,2025-01-29 02:00:00,원지(도),경부선,목표(결빙),37.4538,127.0488,35.0,2,-3.6950000000000003,-3.8,-3.6,1.0,60
13402,2025-01-29 03:00:00,원지(도),경부선,목표(결빙),37.4538,127.0488,35.0,2,-3.7266666666666666,-3.9,-3.6,1.0,60
13402,2025-01-29 04:00:00,원지(도),경부선,목표(결빙),37.4538,127.0488,35.0,2,-3.941666666666667,-4.5,-3.7,1.0,60
13402,2025-01-29 05:00:00,원지(도),경부선,목표(결빙),37.4538,127.0488,35.0,2,-4.8,-5.1,-4.4,1.0,60
13402,2025-01-29 06:00:00,원지(도),경부선,목표(결빙),37.4538,127.0488,35.0,2,-4.845,-5.1,-4.5,1.0,60
13402,2025-01-29 07:00:00,원지(도),경부선,목표(결빙),37.4538,127.0488,35.0,2,-4.386666666666667,-4.6,-4.1,1.0,60
13402,2025-01-29 08:00:00,원지(도),경부선,목표(결빙),37.4538,127.0488,35.0,2,-4.09,-4.3,-3.9,1.0,60
13402,2025-01-29 09:00:00,원지(도),경부선,목표(결빙),37.4538,127.0488,35.0,2,-3.435,-3.8,-3.0,1.0,60
13402,2025-01-29 10:00:00,원지(도),경부선,목표(결빙),37.4538,127.0488,35.0,2,-2.46,-2.9,-0.7,1.0,60
13402,2025-01-29 11:00:00,원지(도),경부선,목표(결빙),37.4538,127.0488,35.0,14,0.9866666666666667,-0.5,2.2,0.15,60
13402,2025-01-29 12:00:00,원지(도),경부선,목표(결빙),37.4538,127.0488,35.0,14,2.92,1.6,4.7,0.0,60
13402,2025-01-29 13:00:00,원지(도),경부선,목표(결빙),37.4538,127.0488,35.0,1,5.355,3.7,6.2,0.0,60
13402,2025-01-29 14:00:00,원지(도),경부선,목표(결빙),37.4538,127.0488,35.0,1,4.536666666666666,2.7,5.8,0.0,60
13402,2025-01-29 15:00:00,원지(도),경부선,목표(결빙),37.4538,127.0488,35.0,1,3.4916666666666667,2.2,5.6,0.0,60
13402,2025-01-29 16:00:00,원지(도),경부선,목표(결빙),37.4538,127.0488,35.0,1,1.3866666666666667,0.5,2.4,0.0,60
13402,2025-01-29 17:00:00,원지(도),경부선,목표(결빙),37.4538,127.0488,35.0,1,0.20666666666666667,-0.2,0.7,0.26666666666666666,60
13402,2025-01-29 18:00:00,원지(도),경부선,목표(결빙),37.4538,127.0488,35.0,1,-0.89,-1.3,0.1,0.9833333333333333,60
13402,2025-01-29 19:00:00,원지(도),경부선,목표(결빙),37.4538,127.0488,35.0,14,-1.8350000000000002,-2.2,-1.4,1.0,60
13402,2025-01-29 20:00:00,원지(도),경부선,목표(결빙),37.4538,127.0488,35.0,1,-2.5416666666666665,-2.9,-2.2,1.0,60
13402,2025-01-29 21:00:00,원지(도),경부선,목표(결빙),37.4538,127.0488,35.0,14,-3.1733333333333333,-3.7,-2.7,1.0,60
13402,2025-01-29 22:00:00,원지(도),경부선,목표(결빙),37.4538,127.0488,35.0,14,-3.768333333333333,-4.2,-3.4,1.0,60
13402,2025-01-29 23:00:00,원지(도),경부선,목표(결빙),37.4538,127.0488,35.0,14,-3.6733333333333333,-3.8,-3.5,1.0,60
13402,2025-01-30 00:00:00,원지(도),경부선,목표(결빙),37.4538,127.0488,35.0,1,-3.5883333333333334,-3.9,-3.4,1.0,60
13402,2025-01-30 01:00:00,원지(도),경부선,목표(결빙),37.4538,127.0488,35.0,1,-4.255,-4.6,-3.9,1.0,60
13402,2025-01-30 02:00:00,원지(도),경부선,목표(결빙),37.4538,127.0488,35.0,1,-4.751666666666667,-5.2,-4.5,1.0,60
13402,2025-01-30 03:00:00,원지(도),경부선,목표(결빙),37.4538,127.0488,35.0,1,-5.02,-5.4,-4.7,1.0,60
13402,2025-01-30 04:00:00,원지(도),경부선,목표(결빙),37.4538,127.0488,35.0,14,-5.636666666666667,-5.9,-5.3,1.0,60
13402,2025-01-30 05:00:00,원지(도),경부선,목표(결빙),37.4538,127.0488,35.0,14,-5.613333333333333,-6.0,-5.2,1.0,60
13402,2025-01-30 06:00:00,원지(도),경부선,목표(결빙),37.4538,127.0488,35.0,1,-5.168333333333334,-5.4,-4.9,1.0,60
13402,2025-01-30 07:00:00,원지(도),경부선,목표(결빙),37.4538,127.0488,35.0,1,-5.386666666666667,-5.7,-5.2,1.0,60
13402,2025-01-30 08:00:00,원지(도),경부선,목표(결빙),37.4538,127.0488,35.0,1,-6.006666666666666,-6.4,-5.7,1.0,60
13402,2025-01-30 09:00:00,원지(도),경부선,목표(결빙),37.4538,127.0488,35.0,1,-5.446666666666667,-6.4,-4.3,1.0,60
13402,2025-01-30 10:00:00,원지(도),경부선,목표(결빙),37.4538,127.0488,35.0,1,-2.7616666666666663,-4.4,-1.5,1.0,60
13402,2025-01-30 11:00:00,원지(도),경부선,목표(결빙),37.4538,127.0488,35.0,1,-1.0516666666666667,-1.7,-0.2,1.0,60
13402,2025-01-30 12:00:00,원지(도),경부선,목표(결빙),37.4538,127.0488,35.0,1,1.3866666666666667,-0.3,3.5,0.11666666666666667,60
13402,2025-01-30 13:00:00,원지(도),경부선,목표(결빙),37.4538,127.0488,35.0,1,4.496666666666667,3.5,5.2,0.0,60
13402,2025-01-30 14:00:00,원지(도),경부선,목표(결빙),37.4538,127.0488,35.0,1,3.993333333333333,3.7,4.3,0.0,60
13402,2025-01-30 15:00:00,원지(도),경부선,목표(결빙),37.4538,127.0488,35.0,1,3.46,3.0,4.1,0.0,60
13402,2025-01-30 16:00:00,원지(도),경부선,목표(결빙),37.4538,127.0488,35.0,1,2.6783333333333332,2.4,3.1,0.0,60
13402,2025-01-30 17:00:00,원지(도),경부선,목표(결빙),37.4538,127.0488,35.0,1,2.0833333333333335,1.6,2.5,0.0,60
13402,2025-01-30 18:00:00,원지(도),경부선,목표(결빙),37.4538,127.0488,35.0,1,1.155,0.6,1.6,0.0,60
13402,2025-01-30 19:00:00,원지(도),경부선,목표(결빙),37.4538,127.0488,35.0,1,0.3466666666666667,-0.1,0.7,0.13333333333333333,60
13402,2025-01-30 20:00:00,원지(도),경부선,목표(결빙),37.4538,127.0488,35.0,1,0.02333333333333333,-0.2,0.3,0.6666666666666666,60
13402,2025-01-30 21:00:00,원지(도),경부선,목표(결빙),37.4538,127.0488,35.0,1,-0.5733333333333334,-1.1,0.0,1.0,60
13402,2025-01-30 22:00:00,원지(도),경부선,목표(결빙),37.4538,127.0488,35.0,14,-0.74,-1.0,-0.5,1.0,60
13402,2025-01-30 23:00:00,원지(도),경부선,목표(결빙),37.4538,127.0488,35.0,14,-0.7766666666666667,-0.9,-0.7,1.0,60
13402,2025-01-31 00:00:00,원지(도),경부선,목표(결빙),37.4538,127.0488,35.0,14,-0.9600000000000001,-1.1,-0.7,1.0,60
13402,2025-01-31 01:00:00,원지(도),경부선,목표(결빙),37.4538,127.0488,35.0,14,-1.24,-1.4,-1.1,1.0,60
13402,2025-01-31 02:00:00,원지(도),경부선,목표(결빙),37.4538,127.0488,35.0,14,-1.4266666666666665,-1.5,-1.3,1.0,60
13402,2025-01-31 03:00:00,원지(도),경부선,목표(결빙),37.4538,127.0488,35.0,14,-1.2049999999999998,-1.4,-1.1,1.0,60
13402,2025-01-31 04:00:00,원지(도),경부선,목표(결빙),37.4538,127.0488,35.0,14,-1.2633333333333332,-1.5,-1.1,1.0,60
13402,2025-01-31 05:00:00,원지(도),경부선,목표(결빙),37.4538,127.0488,35.0,2,-1.2716666666666667,-1.4,-1.1,1.0,60
13402,2025-01-31 06:00:00,원지(도),경부선,목표(결빙),37.4538,127.0488,35.0,14,-0.9766666666666667,-1.2,-0.8,1.0,60
13402,2025-01-31 07:00:00,원지(도),경부선,목표(결빙),37.4538,127.0488,35.0,14,-0.8533333333333334,-1.0,-0.7,1.0,60
13402,2025-01-31 08:00:00,원지(도),경부선,목표(결빙),37.4538,127.0488,35.0,14,-0.8,-0.9,-0.7,1.0,60
13402,2025-01-31 09:00:00,원지(도),경부선,목표(결빙),37.4538,127.0488,35.0,14,-0.7183333333333334,-0.9,-0.5,1.0,60
13402,2025-01-31 10:00:00,원지(도),경부선,목표(결빙),37.4538,127.0488,35.0,2,-0.29333333333333333,-0.6,-0.1,1.0,60
13402,2025-01-31 11:00:00,원지(도),경부선,목표(결빙),37.4538,127.0488,35.0,2,0.36166666666666664,-0.2,0.9,0.2,60
13402,2025-01-31 12:00:00,원지(도),경부선,목표(결빙),37.4538,127.0488,35.0,14,0.9616666666666667,0.8,1.2,0.0,60
13402,2025-01-31 13:00:00,원지(도),경부선,목표(결빙),37.4538,127.0488,35.0,2,1.06,0.9,1.3,0.0,60
13402,2025-01-31 14:00:00,원지(도),경부선,목표(결빙),37.4538,127.0488,35.0,15,0.16999999999999998,-0.3,1.0,0.5166666666666667,60
13402,2025-01-31 15:00:00,원지(도),경부선,목표(결빙),37.4538,127.0488,35.0,15,0.315,0.0,0.6,0.08333333333333333,60
13402,2025-01-31 16:00:00,원지(도),경부선,목표(결빙),37.4538,127.0488,35.0,2,0.6483333333333333,0.3,1.0,0.0,60
13402,2025-01-31 17:00:00,원지(도),경부선,목표(결빙),37.4538,127.0488,35.0,2,1.0366666666666666,0.9,1.2,0.0,60
13402,2025-01-31 18:00:00,원지(도),경부선,목표(결빙),37.4538,127.0488,35.0,2,0.8433333333333334,0.3,1.2,0.0,60
13402,2025-01-31 19:00:00,원지(도),경부선,목표(결빙),37.4538,127.0488,35.0,15,0.5850000000000001,0.3,0.9,0.0,60
13402,2025-01-31 20:00:00,원지(도),경부선,목표(결빙),37.4538,127.0488,35.0,15,0.48500000000000004,0.2,0.9,0.0,60
13402,2025-01-31 21:00:00,원지(도),경부선,목표(결빙),37.4538,127.0488,35.0,15,0.41833333333333333,0.2,0.6,0.0,60
13402,2025-01-31 22:00:00,원지(도),경부선,목표(결빙),37.4538,127.0488,35.0,2,0.7883333333333333,0.5,1.0,0.0,60
13402,2025-01-31 23:00:00,원지(도),경부선,목표(결빙),37.4538,127.0488,35.0,2,0.8966666666666667,0.7,1.1,0.0,60
13402,2025-02-01 00:00:00,원지(도),경부선,목표(결빙),37.4538,127.0488,35.0,2,0.7383333333333333,0.5,1.0,0.0,60
13402,2025-02-01 01:00:00,원지(도),경부선,목표(결빙),37.4538,127.0488,35.0,2,0.27166666666666667,-0.1,0.7,0.1,60
13402,2025-02-01 02:00:00,원지(도),경부선,목표(결빙),37.4538,127.0488,35.0,2,-0.19833333333333333,-0.3,0.0,1.0,60
13402,2025-02-01 03:00:00,원지(도),경부선,목표(결빙),37.4538,127.0488,35.0,2,-0.8133333333333332,-1.3,-0.3,1.0,60
13402,2025-02-01 04:00:00,원지(도),경부선,목표(결빙),37.4538,127.0488,35.0,2,-1.5183333333333333,-1.9,-1.2,1.0,60
13402,2025-02-01 05:00:00,원지(도),경부선,목표(결빙),37.4538,127.0488,35.0,2,-1.875,-2.1,-1.5,1.0,60
13402,2025-02-01 06:00:00,원지(도),경부선,목표(결빙),37.4538,127.0488,35.0,2,-1.825,-2.2,-1.4,1.0,60
13402,2025-02-01 07:00:00,원지(도),경부선,목표(결빙),37.4538,127.0488,35.0,2,-1.5333333333333334,-1.9,-1.1,1.0,60
13402,2025-02-01 08:00:00,원지(도),경부선,목표(결빙),37.4538,127.0488,35.0,2,-1.355,-1.5,-1.1,1.0,60
13402,2025-02-01 09:00:00,원지(도),경부선,목표(결빙),37.4538,127.0488,35.0,2,-0.6816666666666666,-1.1,-0.1,1.0,60
13402,2025-02-01 10:00:00,원지(도),경부선,목표(결빙),37.4538,127.0488,35.0,2,0.7483333333333333,-0.1,1.5,0.15,60
13402,2025-02-01 11:00:00,원지(도),경부선,목표(결빙),37.4538,127.0488,35.0,2,2.33,1.4,3.4,0.0,60
13402,2025-02-01 12:00:00,원지(도),경부선,목표(결빙),37.4538,127.0488,35.0,2,3.81,3.1,4.1,0.0,60
13402,2025-02-01 13:00:00,원지(도),경부선,목표(결빙),37.4538,127.0488,35.0,2,4.683333333333334,3.9,5.8,0.0,60
13402,2025-02-01 14:00:00,원지(도),경부선,목표(결빙),37.4538,127.0488,35.0,2,6.223333333333333,5.0,7.1,0.0,60
13402,2025-02-01 15:00:00,원지(도),경부선,목표(결빙),37.4538,127.0488,35.0,14,5.510000000000001,4.2,6.7,0.0,60
13402,2025-02-01 16:00:00,원지(도),경부선,목표(결빙),37.4538,127.0488,35.0,14,4.475,3.9,4.9,0.0,60
13402,2025-02-01 17:00:00,원지(도),경부선,목표(결빙),37.4538,127.0488,35.0,14,4.263333333333334,3.6,4.9,0.0,60
13402,2025-02-01 18:00:00,원지(도),경부선,목표(결빙),37.4538,127.0488,35.0,14,3.453333333333333,3.1,3.7,0.0,60
13402,2025-02-01 19:00:00,원지(도),경부선,목표(결빙),37.4538,127.0488,35.0,2,2.4316666666666666,1.7,3.3,0.0,60
13402,2025-02-01 20:00:00,원지(도),경부선,목표(결빙),37.4538,127.0488,35.0,2,1.4533333333333334,0.9,1.9,0.0,60
13402,2025-02-01 21:00:00,원지(도),경부선,목표(결빙),37.4538,127.0488,35.0,2,0.7483333333333333,-0.1,1.3,0.03333333333333333,60
13402,2025-02-01 22:00:00,원지(도),경부선,목표(결빙),37.4538,127.0488,35.0,2,0.125,-0.3,0.9,0.43333333333333335,60
13402,2025-02-01 23:00:00,원지(도),경부선,목표(결빙),37.4538,127.0488,35.0,2,-0.4233333333333333,-1.0,0.1,0.9333333333333333,60
13402,2025-02-02 00:00:00,원지(도),경부선,목표(결빙),37.4538,127.0488,35.0,2,-0.9316666666666666,-1.4,-0.3,1.0,60
13402,2025-02-02 01:00:00,원지(도),경부선,목표(결빙),37.4538,127.0488,35.0,2,-1.54,-2.3,-1.0,1.0,60
13402,2025-02-02 02:00:00,원지(도),경부선,목표(결빙),37.4538,127.0488,35.0,2,-2.17,-2.7,-1.7,1.0,60
13402,2025-02-02 03:00:00,원지(도),경부선,목표(결빙),37.4538,127.0488,35.0,2,-2.5433333333333334,-3.0,-2.0,1.0,60
13402,2025-02-02 04:00:00,원지(도),경부선,목표(결빙),37.4538,127.0488,35.0,2,-2.7866666666666666,-3.2,-2.2,1.0,60
13402,2025-02-02 05:00:00,원지(도),경부선,목표(결빙),37.4538,127.0488,35.0,2,-3.046666666666667,-3.4,-2.7,1.0,60
13402,2025-02-02 06:00:00,원지(도),경부선,목표(결빙),37.4538,127.0488,35.0,2,-3.3233333333333333,-3.8,-2.6,1.0,60
13402,2025-02-02 07:00:00,원지(도),경부선,목표(결빙),37.4538,127.0488,35.0,2,-3.393333333333333,-3.9,-2.8,1.0,60
13402,2025-02-02 08:00:00,원지(도),경부선,목표(결빙),37.4538,127.0488,35.0,2,-3.4683333333333333,-3.8,-3.2,1.0,60
13402,2025-02-02 09:00:00,원지(도),경부선,목표(결빙),37.4538,127.0488,35.0,2,-2.393333333333333,-3.4,-0.8,1.0,60
13402,2025-02-02 10:00:00,원지(도),경부선,목표(결빙),37.4538,127.0488,35.0,2,1.2966666666666666,-0.7,3.0,0.2,60
13402,2025-02-02 11:00:00,원지(도),경부선,목표(결빙),37.4538,127.0488,35.0,2,4.921666666666667,3.1,7.1,0.0,60
13402,2025-02-02 12:00:00,원지(도),경부선,목표(결빙),37.4538,127.0488,35.0,14,8.138333333333334,6.9,10.0,0.0,60
13402,2025-02-02 13:00:00,원지(도),경부선,목표(결빙),37.4538,127.0488,35.0,14,10.183333333333334,8.8,11.2,0.0,60
13402,2025-02-02 14:00:00,원지(도),경부선,목표(결빙),37.4538,127.0488,35.0,1,11.32,10.8,12.0,0.0,60
13402,2025-02-02 15:00:00,원지(도),경부선,목표(결빙),37.4538,127.0488,35.0,1,9.833333333333334,8.5,10.9,0.0,60
13402,2025-02-02 16:00:00,원지(도),경부선,목표(결빙),37.4538,127.0488,35.0,1,8.311666666666666,7.9,8.6,0.0,60
13402,2025-02-02 17:00:00,원지(도),경부선,목표(결빙),37.4538,127.0488,35.0,14,7.965000000000001,7.5,8.6,0.0,60
13402,2025-02-02 18:00:00,원지(도),경부선,목표(결빙),37.4538,127.0488,35.0,14,6.793333333333334,5.8,7.5,0.0,60
13402,2025-02-02 19:00:00,원지(도),경부선,목표(결빙),37.4538,127.0488,35.0,14,5.016666666666667,4.2,5.8,0.0,60
13402,2025-02-02 20:00:00,원지(도),경부선,목표(결빙),37.4538,127.0488,35.0,14,3.835,3.4,4.3,0.0,60
13402,2025-02-02 21:00:00,원지(도),경부선,목표(결빙),37.4538,127.0488,35.0,14,3.4283333333333332,3.1,3.6,0.0,60
13402,2025-02-02 22:00:00,원지(도),경부선,목표(결빙),37.4538,127.0488,35.0,14,2.7150000000000003,2.5,3.0,0.0,60
13402,2025-02-02 23:00:00,원지(도),경부선,목표(결빙),37.4538,127.0488,35.0,14,2.9583333333333335,2.7,3.1,0.0,60
13402,2025-02-03 00:00:00,원지(도),경부선,목표(결빙),37.4538,127.0488,35.0,14,2.441666666666667,1.9,2.8,0.0,60
13402,2025-02-03 01:00:00,원지(도),경부선,목표(결빙),37.4538,127.0488,35.0,14,1.5033333333333334,1.2,1.9,0.0,60
13402,2025-02-03 02:00:00,원지(도),경부선,목표(결빙),37.4538,127.0488,35.0,14,1.45,1.3,1.6,0.0,60
13402,2025-02-03 03:00:00,원지(도),경부선,목표(결빙),37.4538,127.0488,35.0,14,1.13,0.9,1.4,0.0,60
13402,2025-02-03 04:00:00,원지(도),경부선,목표(결빙),37.4538,127.0488,35.0,14,0.15,-0.4,0.8,0.4666666666666667,60
13402,2025-02-03 05:00:00,원지(도),경부선,목표(결빙),37.4538,127.0488,35.0,14,-0.5783333333333333,-0.7,-0.3,1.0,60
13402,2025-02-03 06:00:00,원지(도),경부선,목표(결빙),37.4538,127.0488,35.0,14,-1.03,-1.3,-0.7,1.0,60
13402,2025-02-03 07:00:00,원지(도),경부선,목표(결빙),37.4538,127.0488,35.0,1,-1.6083333333333334,-1.9,-1.3,1.0,60
13402,2025-02-03 08:00:00,원지(도),경부선,목표(결빙),37.4538,127.0488,35.0,1,-2.085,-2.4,-1.8,1.0,60
13402,2025-02-03 09:00:00,원지(도),경부선,목표(결빙),37.4538,127.0488,35.0,1,-1.7533333333333334,-2.4,-0.6,1.0,60
13402,2025-02-03 10:00:00,원지(도),경부선,목표(결빙),37.4538,127.0488,35.0,1,0.4233333333333333,-0.6,2.0,0.4166666666666667,60
13402,2025-02-03 11:00:00,원지(도),경부선,목표(결빙),37.4538,127.0488,35.0,1,3.425,2.0,4.9,0.0,60
13402,2025-02-03 12:00:00,원지(도),경부선,목표(결빙),37.4538,127.0488,35.0,1,5.915,4.7,7.1,0.0,60
13402,2025-02-03 13:00:00,원지(도),경부선,목표(결빙),37.4538,127.0488,35.0,1,8.211666666666666,7.2,9.0,0.0,60
13402,2025-02-03 14:00:00,원지(도),경부선,목표(결빙),37.4538,127.0488,35.0,1,8.266666666666667,7.1,9.0,0.0,60
13402,2025-02-03 15:00:00,원지(도),경부선,목표(결빙),37.4538,127.0488,35.0,1,4.764406779661018,2.3,7.2,0.0,59
13402,2025-02-03 16:00:00,원지(도),경부선,목표(결빙),37.4538,127.0488,35.0,1,1.2,0.5,2.6,0.0,60
13402,2025-02-03 17:00:00,원지(도),경부선,목표(결빙),37.4538,127.0488,35.0,1,0.19333333333333333,-0.3,0.7,0.36666666666666664,60
13402,2025-02-03 18:00:00,원지(도),경부선,목표(결빙),37.4538,127.0488,35.0,1,-0.6733333333333333,-1.2,-0.4,1.0,60
13402,2025-02-03 19:00:00,원지(도),경부선,목표(결빙),37.4538,127.0488,35.0,1,-1.6483333333333334,-2.2,-1.1,1.0,60
13402,2025-02-03 20:00:00,원지(도),경부선,목표(결빙),37.4538,127.0488,35.0,1,-2.7133333333333334,-3.2,-2.2,1.0,60
13402,2025-02-03 21:00:00,원지(도),경부선,목표(결빙),37.4538,127.0488,35.0,1,-3.728333333333333,-4.1,-3.3,1.0,60
13402,2025-02-03 22:00:00,원지(도),경부선,목표(결빙),37.4538,127.0488,35.0,1,-4.546666666666667,-5.1,-4.0,1.0,60
13402,2025-02-03 23:00:00,원지(도),경부선,목표(결빙),37.4538,127.0488,35.0,1,-5.293333333333334,-5.7,-4.9,1.0,60
13402,2025-02-04 00:00:00,원지(도),경부선,목표(결빙),37.4538,127.0488,35.0,1,-5.846666666666667,-6.1,-5.6,1.0,60
13402,2025-02-04 01:00:00,원지(도),경부선,목표(결빙),37.4538,127.0488,35.0,1,-6.239999999999999,-6.6,-5.9,1.0,60
13402,2025-02-04 02:00:00,원지(도),경부선,목표(결빙),37.4538,127.0488,35.0,1,-6.694999999999999,-7.0,-6.5,1.0,60
13402,2025-02-04 03:00:00,원지(도),경부선,목표(결빙),37.4538,127.0488,35.0,1,-7.166666666666667,-7.4,-7.0,1.0,60
13402,2025-02-04 04:00:00,원지(도),경부선,목표(결빙),37.4538,127.0488,35.0,1,-7.611666666666666,-7.9,-7.4,1.0,60
13402,2025-02-04 05:00:00,원지(도),경부선,목표(결빙),37.4538,127.0488,35.0,1,-8.043333333333333,-8.2,-7.9,1.0,60
13402,2025-02-04 06:00:00,원지(도),경부선,목표(결빙),37.4538,127.0488,35.0,1,-8.231666666666666,-8.4,-8.1,1.0,60
13402,2025-02-04 07:00:00,원지(도),경부선,목표(결빙),37.4538,127.0488,35.0,1,-8.343333333333334,-8.4,-8.2,1.0,60
13402,2025-02-04 08:00:00,원지(도),경부선,목표(결빙),37.4538,127.0488,35.0,1,-8.433333333333334,-8.5,-8.3,1.0,60
13402,2025-02-04 09:00:00,원지(도),경부선,목표(결빙),37.4538,127.0488,35.0,1,-7.816666666666666,-8.5,-6.6,1.0,60
13402,2025-02-04 10:00:00,원지(도),경부선,목표(결빙),37.4538,127.0488,35.0,1,-5.096666666666667,-6.7,-3.5,1.0,60
13402,2025-02-04 11:00:00,원지(도),경부선,목표(결빙),37.4538,127.0488,35.0,1,-2.0633333333333335,-3.6,-0.7,1.0,60
13402,2025-02-04 12:00:00,원지(도),경부선,목표(결빙),37.4538,127.0488,35.0,1,1.155,-0.6,2.7,0.16666666666666666,60
13402,2025-02-04 13:00:00,원지(도),경부선,목표(결빙),37.4538,127.0488,35.0,1,3.3633333333333337,2.5,4.4,0.0,60
13402,2025-02-04 14:00:00,원지(도),경부선,목표(결빙),37.4538,127.0488,35.0,1,4.176666666666667,3.6,4.7,0.0,60
13402,2025-02-04 15:00:00,원지(도),경부선,목표(결빙),37.4538,127.0488,35.0,1,0.6233333333333333,-1.9,3.4,0.4166666666666667,60
13402,2025-02-04 16:00:00,원지(도),경부선,목표(결빙),37.4538,127.0488,35.0,1,-2.81,-3.8,-1.9,1.0,60
13402,2025-02-04 17:00:00,원지(도),경부선,목표(결빙),37.4538,127.0488,35.0,1,-3.671666666666667,-4.0,-3.3,1.0,60
13402,2025-02-04 18:00:00,원지(도),경부선,목표(결빙),37.4538,127.0488,35.0,1,-4.256666666666667,-4.5,-3.9,1.0,60
13402,2025-02-04 19:00:00,원지(도),경부선,목표(결빙),37.4538,127.0488,35.0,1,-4.658333333333333,-5.3,-4.3,1.0,60
13402,2025-02-04 20:00:00,원지(도),경부선,목표(결빙),37.4538,127.0488,35.0,1,-5.5649999999999995,-5.8,-5.2,1.0,60
13402,2025-02-04 21:00:00,원지(도),경부선,목표(결빙),37.4538,127.0488,35.0,1,-6.028333333333333,-6.2,-5.8,1.0,60
13402,2025-02-04 22:00:00,원지(도),경부선,목표(결빙),37.4538,127.0488,35.0,1,-6.531666666666666,-6.9,-6.2,1.0,60
13402,2025-02-04 23:00:00,원지(도),경부선,목표(결빙),37.4538,127.0488,35.0,1,-7.078333333333333,-7.5,-6.7,1.0,60
13402,2025-02-05 00:00:00,원지(도),경부선,목표(결빙),37.4538,127.0488,35.0,1,-7.701666666666667,-8.2,-7.3,1.0,60
13402,2025-02-05 01:00:00,원지(도),경부선,목표(결빙),37.4538,127.0488,35.0,1,-8.366666666666667,-8.7,-8.1,1.0,60
13402,2025-02-05 02:00:00,원지(도),경부선,목표(결빙),37.4538,127.0488,35.0,1,-8.768333333333334,-8.9,-8.6,1.0,60
13402,2025-02-05 03:00:00,원지(도),경부선,목표(결빙),37.4538,127.0488,35.0,1,-9.055,-9.2,-8.9,1.0,60
13402,2025-02-05 04:00:00,원지(도),경부선,목표(결빙),37.4538,127.0488,35.0,1,-9.28,-9.5,-9.1,1.0,60
13402,2025-02-05 05:00:00,원지(도),경부선,목표(결빙),37.4538,127.0488,35.0,1,-9.425,-9.6,-9.3,1.0,60
13402,2025-02-05 06:00:00,원지(도),경부선,목표(결빙),37.4538,127.0488,35.0,1,-9.456666666666667,-9.7,-9.1,1.0,60
13402,2025-02-05 07:00:00,원지(도),경부선,목표(결빙),37.4538,127.0488,35.0,1,-9.135,-9.4,-9.0,1.0,60
13402,2025-02-05 08:00:00,원지(도),경부선,목표(결빙),37.4538,127.0488,35.0,1,-9.041666666666666,-9.2,-8.9,1.0,60
13402,2025-02-05 09:00:00,원지(도),경부선,목표(결빙),37.4538,127.0488,35.0,1,-7.79,-8.9,-6.8,1.0,60
13402,2025-02-05 10:00:00,원지(도),경부선,목표(결빙),37.4538,127.0488,35.0,1,-5.793333333333334,-6.9,-4.8,1.0,60
13402,2025-02-05 11:00:00,원지(도),경부선,목표(결빙),37.4538,127.0488,35.0,1,-4.34,-5.0,-3.3,1.0,60
13402,2025-02-05 12:00:00,원지(도),경부선,목표(결빙),37.4538,127.0488,35.0,1,-1.725,-3.3,-0.1,1.0,60
13402,2025-02-05 13:00:00,원지(도),경부선,목표(결빙),37.4538,127.0488,35.0,1,0.26499999999999996,-1.7,2.8,0.5333333333333333,60
13402,2025-02-05 14:00:00,원지(도),경부선,목표(결빙),37.4538,127.0488,35.0,1,3.6,2.8,4.3,0.0,60
13402,2025-02-05 15:00:00,원지(도),경부선,목표(결빙),37.4538,127.0488,35.0,1,0.8350000000000001,-1.5,3.3,0.36666666666666664,60
13402,2025-02-05 16:00:00,원지(도),경부선,목표(결빙),37.4538,127.0488,35.0,1,-2.25,-2.8,-1.4,1.0,60
13402,2025-02-05 17:00:00,원지(도),경부선,목표(결빙),37.4538,127.0488,35.0,1,-3.0383333333333336,-3.4,-2.6,1.0,60
13402,2025-02-05 18:00:00,원지(도),경부선,목표(결빙),37.4538,127.0488,35.0,1,-3.671666666666667,-4.1,-3.3,1.0,60
13402,2025-02-05 19:00:00,원지(도),경부선,목표(결빙),37.4538,127.0488,35.0,1,-4.3100000000000005,-4.6,-3.9,1.0,60
13402,2025-02-05 20:00:00,원지(도),경부선,목표(결빙),37.4538,127.0488,35.0,1,-5.046666666666667,-5.5,-4.4,1.0,60
13402,2025-02-05 21:00:00,원지(도),경부선,목표(결빙),37.4538,127.0488,35.0,1,-5.6883333333333335,-6.0,-5.4,1.0,60
13402,2025-02-05 22:00:00,원지(도),경부선,목표(결빙),37.4538,127.0488,35.0,1,-6.2716666666666665,-6.8,-5.8,1.0,60
13402,2025-02-05 23:00:00,원지(도),경부선,목표(결빙),37.4538,127.0488,35.0,1,-7.0,-7.3,-6.7,1.0,60
13402,2025-02-06 00:00:00,원지(도),경부선,목표(결빙),37.4538,127.0488,35.0,1,-7.61,-8.0,-7.3,1.0,60
13402,2025-02-06 01:00:00,원지(도),경부선,목표(결빙),37.4538,127.0488,35.0,1,-8.161666666666667,-8.3,-7.9,1.0,60
13402,2025-02-06 02:00:00,원지(도),경부선,목표(결빙),37.4538,127.0488,35.0,1,-8.721666666666666,-9.1,-8.3,1.0,60
13402,2025-02-06 03:00:00,원지(도),경부선,목표(결빙),37.4538,127.0488,35.0,1,-9.466666666666667,-9.9,-9.0,1.0,60
13402,2025-02-06 04:00:00,원지(도),경부선,목표(결빙),37.4538,127.0488,35.0,1,-10.106666666666666,-10.5,-9.8,1.0,60
13402,2025-02-06 05:00:00,원지(도),경부선,목표(결빙),37.4538,127.0488,35.0,1,-10.711666666666668,-11.0,-10.3,1.0,60
13402,2025-02-06 06:00:00,원지(도),경부선,목표(결빙),37.4538,127.0488,35.0,1,-10.986666666666668,-11.1,-10.7,1.0,60
13402,2025-02-06 07:00:00,원지(도),경부선,목표(결빙),37.4538,127.0488,35.0,1,-10.831666666666667,-11.1,-10.6,1.0,60
13402,2025-02-06 08:00:00,원지(도),경부선,목표(결빙),37.4538,127.0488,35.0,1,-10.635,-10.9,-10.1,1.0,60
13402,2025-02-06 09:00:00,원지(도),경부선,목표(결빙),37.4538,127.0488,35.0,1,-9.196666666666665,-10.4,-7.4,1.0,60
13402,2025-02-06 10:00:00,원지(도),경부선,목표(결빙),37.4538,127.0488,35.0,1,-5.153333333333333,-7.4,-2.9,1.0,60
13402,2025-02-06 11:00:00,원지(도),경부선,목표(결빙),37.4538,127.0488,35.0,1,-0.9766666666666667,-2.9,0.9,0.75,60
13402,2025-02-06 12:00:00,원지(도),경부선,목표(결빙),37.4538,127.0488,35.0,1,2.9483333333333333,1.0,4.7,0.0,60
13402,2025-02-06 13:00:00,원지(도),경부선,목표(결빙),37.4538,127.0488,35.0,1,6.181666666666667,4.8,7.2,0.0,60
13402,2025-02-06 14:00:00,원지(도),경부선,목표(결빙),37.4538,127.0488,35.0,1,6.77,5.9,7.7,0.0,60
13402,2025-02-06 15:00:00,원지(도),경부선,목표(결빙),37.4538,127.0488,35.0,1,4.575,4.0,5.5,0.0,60
13402,2025-02-06 16:00:00,원지(도),경부선,목표(결빙),37.4538,127.0488,35.0,1,2.6633333333333336,1.3,3.9,0.0,60
13402,2025-02-06 17:00:00,원지(도),경부선,목표(결빙),37.4538,127.0488,35.0,3,-0.35500000000000004,-1.8,1.3,0.7,60
13402,2025-02-06 18:00:00,원지(도),경부선,목표(결빙),37.4538,127.0488,35.0,2,0.056666666666666664,-0.3,0.5,0.45,60
13402,2025-02-06 19:00:00,원지(도),경부선,목표(결빙),37.4538,127.0488,35.0,2,-0.8783333333333334,-1.3,0.0,1.0,60
13402,2025-02-06 20:00:00,원지(도),경부선,목표(결빙),37.4538,127.0488,35.0,2,-1.2850000000000001,-1.7,-0.8,1.0,60
13402,2025-02-06 21:00:00,원지(도),경부선,목표(결빙),37.4538,127.0488,35.0,2,-2.2449999999999997,-2.9,-1.6,1.0,60
13402,2025-02-06 22:00:00,원지(도),경부선,목표(결빙),37.4538,127.0488,35.0,2,-2.32,-2.9,-1.9,1.0,60
13402,2025-02-06 23:00:00,원지(도),경부선,목표(결빙),37.4538,127.0488,35.0,2,-3.265,-4.1,-2.3,1.0,60
13402,2025-02-07 00:00:00,원지(도),경부선,목표(결빙),37.4538,127.0488,35.0,2,-4.828333333333333,-5.5,-4.2,1.0,60
13402,2025-02-07 01:00:00,원지(도),경부선,목표(결빙),37.4538,127.0488,35.0,2,-5.83,-6.3,-5.4,1.0,60
13402,2025-02-07 02:00:00,원지(도),경부선,목표(결빙),37.4538,127.0488,35.0,2,-6.265,-6.6,-5.8,1.0,60
13402,2025-02-07 03:00:00,원지(도),경부선,목표(결빙),37.4538,127.0488,35.0,2,-5.626666666666667,-6.1,-5.0,1.0,60
13402,2025-02-07 04:00:00,원지(도),경부선,목표(결빙),37.4538,127.0488,35.0,2,-5.001666666666667,-5.1,-4.8,1.0,60
13402,2025-02-07 05:00:00,원지(도),경부선,목표(결빙),37.4538,127.0488,35.0,2,-4.841666666666667,-5.1,-4.7,1.0,60
13402,2025-02-07 06:00:00,원지(도),경부선,목표(결빙),37.4538,127.0488,35.0,2,-4.633333333333334,-4.9,-4.3,1.0,60
13402,2025-02-07 07:00:00,원지(도),경부선,목표(결빙),37.4538,127.0488,35.0,2,-5.193333333333333,-6.0,-4.7,1.0,60
13402,2025-02-07 08:00:00,원지(도),경부선,목표(결빙),37.4538,127.0488,35.0,2,-5.568333333333333,-5.8,-5.2,1.0,60
13402,2025-02-07 09:00:00,원지(도),경부선,목표(결빙),37.4538,127.0488,35.0,2,-5.7716666666666665,-6.0,-5.4,1.0,60
13402,2025-02-07 10:00:00,원지(도),경부선,목표(결빙),37.4538,127.0488,35.0,2,-5.308333333333334,-5.7,-4.8,1.0,60
13402,2025-02-07 11:00:00,원지(도),경부선,목표(결빙),37.4538,127.0488,35.0,2,-3.67,-5.2,-2.3,1.0,60
13402,2025-02-07 12:00:00,원지(도),경부선,목표(결빙),37.4538,127.0488,35.0,2,-0.8883333333333333,-2.3,0.6,0.8666666666666667,60
13402,2025-02-07 13:00:00,원지(도),경부선,목표(결빙),37.4538,127.0488,35.0,1,1.6583333333333334,0.6,3.6,0.0,60
13402,2025-02-07 14:00:00,원지(도),경부선,목표(결빙),37.4538,127.0488,35.0,1,2.9433333333333334,2.1,3.4,0.0,60
13402,2025-02-07 15:00:00,원지(도),경부선,목표(결빙),37.4538,127.0488,35.0,1,-0.31833333333333336,-2.6,2.4,0.6,60
13402,2025-02-07 16:00:00,원지(도),경부선,목표(결빙),37.4538,127.0488,35.0,1,-4.138333333333334,-4.9,-2.3,1.0,60
13402,2025-02-07 17:00:00,원지(도),경부선,목표(결빙),37.4538,127.0488,35.0,1,-5.033333333333333,-5.4,-4.7,1.0,60
13402,2025-02-07 18:00:00,원지(도),경부선,목표(결빙),37.4538,127.0488,35.0,1,-5.881666666666666,-6.3,-5.4,1.0,60
13402,2025-02-07 19:00:00,원지(도),경부선,목표(결빙),37.4538,127.0488,35.0,1,-6.403333333333333,-6.6,-6.2,1.0,60
13402,2025-02-07 20:00:00,원지(도),경부선,목표(결빙),37.4538,127.0488,35.0,1,-6.966666666666667,-7.3,-6.6,1.0,60
13402,2025-02-07 21:00:00,원지(도),경부선,목표(결빙),37.4538,127.0488,35.0,14,-7.378333333333333,-7.6,-7.2,1.0,60
13402,2025-02-07 22:00:00,원지(도),경부선,목표(결빙),37.4538,127.0488,35.0,14,-7.555000000000001,-7.8,-7.4,1.0,60
13402,2025-02-07 23:00:00,원지(도),경부선,목표(결빙),37.4538,127.0488,35.0,14,-7.931666666666667,-8.3,-7.7,1.0,60
13402,2025-02-08 00:00:00,원지(도),경부선,목표(결빙),37.4538,127.0488,35.0,14,-8.375,-8.6,-8.1,1.0,60
13402,2025-02-08 01:00:00,원지(도),경부선,목표(결빙),37.4538,127.0488,35.0,1,-8.683333333333334,-8.9,-8.5,1.0,60
13402,2025-02-08 02:00:00,원지(도),경부선,목표(결빙),37.4538,127.0488,35.0,1,-9.096666666666666,-9.3,-8.8,1.0,60
13402,2025-02-08 03:00:00,원지(도),경부선,목표(결빙),37.4538,127.0488,35.0,1,-9.476666666666667,-9.6,-9.3,1.0,60
13402,2025-02-08 04:00:00,원지(도),경부선,목표(결빙),37.4538,127.0488,35.0,1,-9.681666666666667,-9.8,-9.6,1.0,60
13402,2025-02-08 05:00:00,원지(도),경부선,목표(결빙),37.4538,127.0488,35.0,1,-9.871666666666668,-10.0,-9.7,1.0,60
13402,2025-02-08 06:00:00,원지(도),경부선,목표(결빙),37.4538,127.0488,35.0,1,-9.961666666666668,-10.1,-9.8,1.0,60
13402,2025-02-08 07:00:00,원지(도),경부선,목표(결빙),37.4538,127.0488,35.0,1,-9.91,-10.1,-9.7,1.0,60
13402,2025-02-08 08:00:00,원지(도),경부선,목표(결빙),37.4538,127.0488,35.0,1,-9.788333333333332,-9.9,-9.6,1.0,60
13402,2025-02-08 09:00:00,원지(도),경부선,목표(결빙),37.4538,127.0488,35.0,1,-8.628333333333334,-9.6,-6.9,1.0,60
13402,2025-02-08 10:00:00,원지(도),경부선,목표(결빙),37.4538,127.0488,35.0,1,-5.586666666666667,-7.1,-3.9,1.0,60
13402,2025-02-08 11:00:00,원지(도),경부선,목표(결빙),37.4538,127.0488,35.0,1,-2.2766666666666664,-3.9,-0.7,1.0,60
13402,2025-02-08 12:00:00,원지(도),경부선,목표(결빙),37.4538,127.0488,35.0,1,0.9133333333333334,-0.6,2.4,0.21666666666666667,60
13402,2025-02-08 13:00:00,원지(도),경부선,목표(결빙),37.4538,127.0488,35.0,1,3.2416666666666667,2.2,4.0,0.0,60
13402,2025-02-08 14:00:00,원지(도),경부선,목표(결빙),37.4538,127.0488,35.0,1,4.165,3.8,4.5,0.0,60
13402,2025-02-08 15:00:00,원지(도),경부선,목표(결빙),37.4538,127.0488,35.0,1,1.375,-1.2,3.8,0.3,60
13402,2025-02-08 16:00:00,원지(도),경부선,목표(결빙),37.4538,127.0488,35.0,1,-2.2633333333333336,-2.9,-1.2,1.0,60
13402,2025-02-08 17:00:00,원지(도),경부선,목표(결빙),37.4538,127.0488,35.0,1,-2.815,-3.1,-2.5,1.0,60
13402,2025-02-08 18:00:00,원지(도),경부선,목표(결빙),37.4538,127.0488,35.0,1,-3.2,-3.5,-2.9,1.0,60
13402,2025-02-08 19:00:00,원지(도),경부선,목표(결빙),37.4538,127.0488,35.0,1,-3.5866666666666664,-4.1,-3.2,1.0,60
13402,2025-02-08 20:00:00,원지(도),경부선,목표(결빙),37.4538,127.0488,35.0,1,-4.633333333333334,-5.3,-3.9,1.0,60
13402,2025-02-08 21:00:00,원지(도),경부선,목표(결빙),37.4538,127.0488,35.0,1,-5.63,-6.2,-5.1,1.0,60
13402,2025-02-08 22:00:00,원지(도),경부선,목표(결빙),37.4538,127.0488,35.0,1,-5.996666666666667,-6.2,-5.6,1.0,60
13402,2025-02-08 23:00:00,원지(도),경부선,목표(결빙),37.4538,127.0488,35.0,1,-6.430000000000001,-6.7,-6.0,1.0,60
13402,2025-02-09 00:00:00,원지(도),경부선,목표(결빙),37.4538,127.0488,35.0,1,-6.58,-6.9,-6.2,1.0,60
13402,2025-02-09 01:00:00,원지(도),경부선,목표(결빙),37.4538,127.0488,35.0,1,-7.3516666666666675,-7.8,-6.7,1.0,60
13402,2025-02-09 02:00:00,원지(도),경부선,목표(결빙),37.4538,127.0488,35.0,1,-8.066666666666666,-8.5,-7.7,1.0,60
13402,2025-02-09 03:00:00,원지(도),경부선,목표(결빙),37.4538,127.0488,35.0,1,-8.83,-9.2,-8.4,1.0,60
13402,2025-02-09 04:00:00,원지(도),경부선,목표(결빙),37.4538,127.0488,35.0,1,-9.318333333333333,-9.7,-9.0,1.0,60
13402,2025-02-09 05:00:00,원지(도),경부선,목표(결빙),37.4538,127.0488,35.0,1,-9.785,-10.1,-9.6,1.0,60
13402,2025-02-09 06:00:00,원지(도),경부선,목표(결빙),37.4538,127.0488,35.0,1,-10.133333333333333,-10.5,-9.9,1.0,60
13402,2025-02-09 07:00:00,원지(도),경부선,목표(결빙),37.4538,127.0488,35.0,1,-10.3,-10.5,-10.1,1.0,60
13402,2025-02-09 08:00:00,원지(도),경부선,목표(결빙),37.4538,127.0488,35.0,14,-10.311666666666667,-10.5,-10.1,1.0,60
13402,2025-02-09 09:00:00,원지(도),경부선,목표(결빙),37.4538,127.0488,35.0,14,-8.66,-10.2,-6.7,1.0,60
13402,2025-02-09 10:00:00,원지(도),경부선,목표(결빙),37.4538,127.0488,35.0,1,-4.426666666666667,-6.7,-2.0,1.0,60
13402,2025-02-09 11:00:00,원지(도),경부선,목표(결빙),37.4538,127.0488,35.0,1,-0.16666666666666666,-2.0,1.5,0.55,60
13402,2025-02-09 12:00:00,원지(도),경부선,목표(결빙),37.4538,127.0488,35.0,1,3.44,1.6,4.9,0.0,60
13402,2025-02-09 13:00:00,원지(도),경부선,목표(결빙),37.4538,127.0488,35.0,1,6.1433333333333335,5.1,7.3,0.0,60
13402,2025-02-09 14:00:00,원지(도),경부선,목표(결빙),37.4538,127.0488,35.0,1,7.716666666666667,7.3,8.1,0.0,60
13402,2025-02-09 15:00:00,원지(도),경부선,목표(결빙),37.4538,127.0488,35.0,1,5.260000000000001,2.4,7.7,0.0,60
13402,2025-02-09 16:00:00,원지(도),경부선,목표(결빙),37.4538,127.0488,35.0,1,1.3599999999999999,0.6,2.5,0.0,60
13402,2025-02-09 17:00:00,원지(도),경부선,목표(결빙),37.4538,127.0488,35.0,1,0.4716666666666667,0.0,0.9,0.016666666666666666,60
13402,2025-02-09 18:00:00,원지(도),경부선,목표(결빙),37.4538,127.0488,35.0,1,-0.22,-0.6,0.4,0.75,60
13402,2025-02-09 19:00:00,원지(도),경부선,목표(결빙),37.4538,127.0488,35.0,1,-1.0716666666666665,-1.6,-0.6,1.0,60
13402,2025-02-09 20:00:00,원지(도),경부선,목표(결빙),37.4538,127.0488,35.0,1,-1.9549999999999998,-2.2,-1.5,1.0,60
13402,2025-02-09 21:00:00,원지(도),경부선,목표(결빙),37.4538,127.0488,35.0,1,-2.26,-2.6,-2.0,1.0,60
13402,2025-02-09 22:00:00,원지(도),경부선,목표(결빙),37.4538,127.0488,35.0,1,-3.1016666666666666,-3.7,-2.4,1.0,60
13402,2025-02-09 23:00:00,원지(도),경부선,목표(결빙),37.4538,127.0488,35.0,14,-3.8333333333333335,-4.3,-3.4,1.0,60
13402,2025-02-10 00:00:00,원지(도),경부선,목표(결빙),37.4538,127.0488,35.0,1,-4.6899999999999995,-5.1,-4.1,1.0,60
13402,2025-02-10 01:00:00,원지(도),경부선,목표(결빙),37.4538,127.0488,35.0,1,-5.576666666666667,-6.1,-5.0,1.0,60
13402,2025-02-10 02:00:00,원지(도),경부선,목표(결빙),37.4538,127.0488,35.0,1,-6.285,-6.6,-5.8,1.0,60
13402,2025-02-10 03:00:00,원지(도),경부선,목표(결빙),37.4538,127.0488,35.0,1,-6.805000000000001,-7.1,-6.5,1.0,60
13402,2025-02-10 04:00:00,원지(도),경부선,목표(결빙),37.4538,127.0488,35.0,1,-7.323333333333333,-7.7,-7.0,1.0,60
13402,2025-02-10 05:00:00,원지(도),경부선,목표(결빙),37.4538,127.0488,35.0,14,-7.6466666666666665,-8.0,-7.4,1.0,60
13402,2025-02-10 06:00:00,원지(도),경부선,목표(결빙),37.4538,127.0488,35.0,14,-7.3566666666666665,-7.6,-7.1,1.0,60
13402,2025-02-10 07:00:00,원지(도),경부선,목표(결빙),37.4538,127.0488,35.0,1,-7.501666666666667,-7.8,-7.2,1.0,60
13402,2025-02-10 08:00:00,원지(도),경부선,목표(결빙),37.4538,127.0488,35.0,1,-7.180000000000001,-7.9,-6.5,1.0,60
13402,2025-02-10 09:00:00,원지(도),경부선,목표(결빙),37.4538,127.0488,35.0,1,-5.614999999999999,-6.6,-4.4,1.0,60
13402,2025-02-10 10:00:00,원지(도),경부선,목표(결빙),37.4538,127.0488,35.0,1,-3.3216666666666668,-4.5,-2.1,1.0,60
13402,2025-02-10 11:00:00,원지(도),경부선,목표(결빙),37.4538,127.0488,35.0,1,-0.3466666666666667,-2.1,2.1,0.5666666666666667,60
13402,2025-02-10 12:00:00,원지(도),경부선,목표(결빙),37.4538,127.0488,35.0,1,1.9466666666666665,1.3,4.0,0.0,60
13402,2025-02-10 13:00:00,원지(도),경부선,목표(결빙),37.4538,127.0488,35.0,1,5.22,3.5,7.0,0.0,60
13402,2025-02-10 14:00:00,원지(도),경부선,목표(결빙),37.4538,127.0488,35.0,1,6.553333333333333,3.8,8.7,0.0,60
13402,2025-02-10 15:00:00,원지(도),경부선,목표(결빙),37.4538,127.0488,35.0,1,7.423333333333333,5.1,8.6,0.0,60
13402,2025-02-10 16:00:00,원지(도),경부선,목표(결빙),37.4538,127.0488,35.0,1,3.6933333333333334,2.9,5.1,0.0,60
13402,2025-02-10 17:00:00,원지(도),경부선,목표(결빙),37.4538,127.0488,35.0,1,2.7116666666666664,2.1,3.2,0.0,60
13402,2025-02-10 18:00:00,원지(도),경부선,목표(결빙),37.4538,127.0488,35.0,1,1.88,1.6,2.0,0.0,60
13402,2025-02-10 19:00:00,원지(도),경부선,목표(결빙),37.4538,127.0488,35.0,1,1.0133333333333332,0.1,1.8,0.0,60
13402,2025-02-10 20:00:00,원지(도),경부선,목표(결빙),37.4538,127.0488,35.0,1,-0.23166666666666663,-0.9,0.4,0.65,60
13402,2025-02-10 21:00:00,원지(도),경부선,목표(결빙),37.4538,127.0488,35.0,1,-1.5933333333333333,-2.1,-0.8,1.0,60
13402,2025-02-10 22:00:00,원지(도),경부선,목표(결빙),37.4538,127.0488,35.0,1,-2.575,-3.4,-1.9,1.0,60
13402,2025-02-10 23:00:00,원지(도),경부선,목표(결빙),37.4538,127.0488,35.0,1,-3.0566666666666666,-3.4,-2.6,1.0,60
13402,2025-02-11 00:00:00,원지(도),경부선,목표(결빙),37.4538,127.0488,35.0,1,-3.9683333333333333,-4.5,-3.3,1.0,60
13402,2025-02-11 01:00:00,원지(도),경부선,목표(결빙),37.4538,127.0488,35.0,14,-4.71,-5.1,-4.1,1.0,60
13402,2025-02-11 02:00:00,원지(도),경부선,목표(결빙),37.4538,127.0488,35.0,14,-5.331666666666666,-5.8,-4.4,1.0,60
13402,2025-02-11 03:00:00,원지(도),경부선,목표(결빙),37.4538,127.0488,35.0,14,-5.723333333333333,-6.3,-5.2,1.0,60
13402,2025-02-11 04:00:00,원지(도),경부선,목표(결빙),37.4538,127.0488,35.0,14,-6.098333333333333,-6.5,-5.5,1.0,60
13402,2025-02-11 05:00:00,원지(도),경부선,목표(결빙),37.4538,127.0488,35.0,14,-6.291666666666667,-6.8,-5.7,1.0,60
13402,2025-02-11 06:00:00,원지(도),경부선,목표(결빙),37.4538,127.0488,35.0,14,-6.466666666666667,-6.7,-6.3,1.0,60
13402,2025-02-11 07:00:00,원지(도),경부선,목표(결빙),37.4538,127.0488,35.0,2,-6.22,-6.5,-6.0,1.0,60
13402,2025-02-11 08:00:00,원지(도),경부선,목표(결빙),37.4538,127.0488,35.0,2,-6.0233333333333325,-6.3,-5.7,1.0,60
13402,2025-02-11 09:00:00,원지(도),경부선,목표(결빙),37.4538,127.0488,35.0,2,-3.8800000000000003,-5.9,-1.5,1.0,60
13402,2025-02-11 10:00:00,원지(도),경부선,목표(결빙),37.4538,127.0488,35.0,2,0.315,-1.1,1.7,0.4666666666666667,60
13402,2025-02-11 11:00:00,원지(도),경부선,목표(결빙),37.4538,127.0488,35.0,1,3.85,1.7,5.6,0.0,60
13402,2025-02-11 12:00:00,원지(도),경부선,목표(결빙),37.4538,127.0488,35.0,1,7.145,5.8,8.6,0.0,60
13402,2025-02-11 13:00:00,원지(도),경부선,목표(결빙),37.4538,127.0488,35.0,1,9.979999999999999,8.6,11.2,0.0,60
13402,2025-02-11 14:00:00,원지(도),경부선,목표(결빙),37.4538,127.0488,35.0,1,11.261666666666667,10.7,11.8,0.0,60
13402,2025-02-11 15:00:00,원지(도),경부선,목표(결빙),37.4538,127.0488,35.0,1,9.528333333333334,7.4,11.4,0.0,60
13402,2025-02-11 16:00:00,원지(도),경부선,목표(결빙),37.4538,127.0488,35.0,1,6.6,5.8,7.4,0.0,60
13402,2025-02-11 17:00:00,원지(도),경부선,목표(결빙),37.4538,127.0488,35.0,1,5.748333333333333,5.5,6.2,0.0,60
13402,2025-02-11 18:00:00,원지(도),경부선,목표(결빙),37.4538,127.0488,35.0,1,4.401666666666667,3.4,5.5,0.0,60
13402,2025-02-11 19:00:00,원지(도),경부선,목표(결빙),37.4538,127.0488,35.0,1,3.5683333333333334,3.0,3.9,0.0,60
13402,2025-02-11 20:00:00,원지(도),경부선,목표(결빙),37.4538,127.0488,35.0,1,2.066666666666667,1.4,3.2,0.0,60
13402,2025-02-11 21:00:00,원지(도),경부선,목표(결빙),37.4538,127.0488,35.0,1,1.22,0.6,2.0,0.0,60
13402,2025-02-11 22:00:00,원지(도),경부선,목표(결빙),37.4538,127.0488,35.0,1,0.65,0.2,1.3,0.0,60
13402,2025-02-11 23:00:00,원지(도),경부선,목표(결빙),37.4538,127.0488,35.0,1,0.7766666666666667,0.3,1.3,0.0,60
13402,2025-02-12 00:00:00,원지(도),경부선,목표(결빙),37.4538,127.0488,35.0,1,0.5466666666666666,0.0,1.1,0.05,60
13402,2025-02-12 01:00:00,원지(도),경부선,목표(결빙),37.4538,127.0488,35.0,1,0.3433333333333334,0.1,0.7,0.0,60
13402,2025-02-12 02:00:00,원지(도),경부선,목표(결빙),37.4538,127.0488,35.0,1,0.6716666666666666,0.2,0.9,0.0,60
13402,2025-02-12 03:00:00,원지(도),경부선,목표(결빙),37.4538,127.0488,35.0,1,0.8483333333333333,0.4,1.3,0.0,60
13402,2025-02-12 04:00:00,원지(도),경부선,목표(결빙),37.4538,127.0488,35.0,1,0.745,0.5,1.0,0.0,60
13402,2025-02-12 05:00:00,원지(도),경부선,목표(결빙),37.4538,127.0488,35.0,14,0.99,0.7,1.3,0.0,60
13402,2025-02-12 06:00:00,원지(도),경부선,목표(결빙),37.4538,127.0488,35.0,2,0.8049999999999999,0.3,1.4,0.0,60
13402,2025-02-12 07:00:00,원지(도),경부선,목표(결빙),37.4538,127.0488,35.0,2,0.8816666666666666,0.6,1.2,0.0,60
13402,2025-02-12 08:00:00,원지(도),경부선,목표(결빙),37.4538,127.0488,35.0,2,0.825,0.6,1.1,0.0,60
13402,2025-02-12 09:00:00,원지(도),경부선,목표(결빙),37.4538,127.0488,35.0,2,1.0266666666666666,0.7,1.3,0.0,60
13402,2025-02-12 10:00:00,원지(도),경부선,목표(결빙),37.4538,127.0488,35.0,15,0.7833333333333333,0.6,1.0,0.0,60
13402,2025-02-12 11:00:00,원지(도),경부선,목표(결빙),37.4538,127.0488,35.0,2,1.4833333333333334,1.0,2.0,0.0,60
13402,2025-02-12 12:00:00,원지(도),경부선,목표(결빙),37.4538,127.0488,35.0,2,2.0433333333333334,1.8,2.2,0.0,60
13402,2025-02-12 13:00:00,원지(도),경부선,목표(결빙),37.4538,127.0488,35.0,2,2.2366666666666664,1.9,2.5,0.0,60
13402,2025-02-12 14:00:00,원지(도),경부선,목표(결빙),37.4538,127.0488,35.0,2,2.4916666666666667,2.3,2.6,0.0,60
13402,2025-02-12 15:00:00,원지(도),경부선,목표(결빙),37.4538,127.0488,35.0,2,2.828333333333333,2.2,3.5,0.0,60
13402,2025-02-12 16:00:00,원지(도),경부선,목표(결빙),37.4538,127.0488,35.0,2,3.75,3.4,4.0,0.0,60
13402,2025-02-12 17:00:00,원지(도),경부선,목표(결빙),37.4538,127.0488,35.0,2,3.7916666666666665,3.3,4.0,0.0,60
13402,2025-02-12 18:00:00,원지(도),경부선,목표(결빙),37.4538,127.0488,35.0,2,3.085,2.8,3.4,0.0,60
13402,2025-02-12 19:00:00,원지(도),경부선,목표(결빙),37.4538,127.0488,35.0,2,2.3266666666666667,1.9,2.9,0.0,60
13402,2025-02-12 20:00:00,원지(도),경부선,목표(결빙),37.4538,127.0488,35.0,2,1.375,0.7,2.2,0.0,60
13402,2025-02-12 21:00:00,원지(도),경부선,목표(결빙),37.4538,127.0488,35.0,2,0.16999999999999998,-0.5,0.8,0.35,60
13402,2025-02-12 22:00:00,원지(도),경부선,목표(결빙),37.4538,127.0488,35.0,14,-0.955,-1.4,-0.4,1.0,60
13402,2025-02-12 23:00:00,원지(도),경부선,목표(결빙),37.4538,127.0488,35.0,14,-1.4849999999999999,-1.7,-1.3,1.0,60
13402,2025-02-13 00:00:00,원지(도),경부선,목표(결빙),37.4538,127.0488,35.0,14,-1.895,-2.1,-1.6,1.0,60
13402,2025-02-13 01:00:00,원지(도),경부선,목표(결빙),37.4538,127.0488,35.0,14,-2.4699999999999998,-2.9,-2.1,1.0,60
13402,2025-02-13 02:00:00,원지(도),경부선,목표(결빙),37.4538,127.0488,35.0,1,-3.0383333333333336,-3.3,-2.7,1.0,60
13402,2025-02-13 03:00:00,원지(도),경부선,목표(결빙),37.4538,127.0488,35.0,1,-3.4050000000000002,-3.6,-3.2,1.0,60
13402,2025-02-13 04:00:00,원지(도),경부선,목표(결빙),37.4538,127.0488,35.0,1,-3.643333333333333,-3.8,-3.5,1.0,60
13402,2025-02-13 05:00:00,원지(도),경부선,목표(결빙),37.4538,127.0488,35.0,1,-3.963333333333333,-4.4,-3.7,1.0,60
13402,2025-02-13 06:00:00,원지(도),경부선,목표(결빙),37.4538,127.0488,35.0,1,-4.608333333333333,-4.9,-4.4,1.0,60
13402,2025-02-13 07:00:00,원지(도),경부선,목표(결빙),37.4538,127.0488,35.0,1,-4.858333333333333,-5.2,-4.6,1.0,60
13402,2025-02-13 08:00:00,원지(도),경부선,목표(결빙),37.4538,127.0488,35.0,1,-5.116666666666666,-5.3,-4.8,1.0,60
13402,2025-02-13 09:00:00,원지(도),경부선,목표(결빙),37.4538,127.0488,35.0,1,-3.4266666666666667,-5.1,-1.4,1.0,60
13402,2025-02-13 10:00:00,원지(도),경부선,목표(결빙),37.4538,127.0488,35.0,1,1.2466666666666666,-1.4,3.6,0.25,60
13402,2025-02-13 11:00:00,원지(도),경부선,목표(결빙),37.4538,127.0488,35.0,1,6.008333333333334,3.6,8.2,0.0,60
13402,2025-02-13 12:00:00,원지(도),경부선,목표(결빙),37.4538,127.0488,35.0,1,9.838333333333333,8.4,11.3,0.0,60
13402,2025-02-13 13:00:00,원지(도),경부선,목표(결빙),37.4538,127.0488,35.0,1,12.46,11.3,13.6,0.0,60
13402,2025-02-13 14:00:00,원지(도),경부선,목표(결빙),37.4538,127.0488,35.0,1,13.876666666666667,13.3,14.4,0.0,60
13402,2025-02-13 15:00:00,원지(도),경부선,목표(결빙),37.4538,127.0488,35.0,1,11.775,8.5,14.2,0.0,60
13402,2025-02-13 16:00:00,원지(도),경부선,목표(결빙),37.4538,127.0488,35.0,1,7.2716666666666665,6.0,8.8,0.0,60
13402,2025-02-13 17:00:00,원지(도),경부선,목표(결빙),37.4538,127.0488,35.0,1,6.051666666666667,5.4,6.9,0.0,60
13402,2025-02-13 18:00:00,원지(도),경부선,목표(결빙),37.4538,127.0488,35.0,14,5.213333333333334,5.0,5.8,0.0,60
13402,2025-02-13 19:00:00,원지(도),경부선,목표(결빙),37.4538,127.0488,35.0,14,4.666666666666667,4.1,5.3,0.0,60
13402,2025-02-13 20:00:00,원지(도),경부선,목표(결빙),37.4538,127.0488,35.0,14,3.7849999999999997,3.4,4.1,0.0,60
13402,2025-02-13 21:00:00,원지(도),경부선,목표(결빙),37.4538,127.0488,35.0,14,3.4099999999999997,3.1,3.6,0.0,60
13402,2025-02-13 22:00:00,원지(도),경부선,목표(결빙),37.4538,127.0488,35.0,14,3.231666666666667,3.0,3.5,0.0,60
13402,2025-02-13 23:00:00,원지(도),경부선,목표(결빙),37.4538,127.0488,35.0,14,2.5416666666666665,1.4,3.2,0.0,60
13402,2025-02-14 00:00:00,원지(도),경부선,목표(결빙),37.4538,127.0488,35.0,14,1.5016666666666665,0.8,2.5,0.0,60
13402,2025-02-14 01:00:00,원지(도),경부선,목표(결빙),37.4538,127.0488,35.0,14,0.11,-0.7,0.9,0.4666666666666667,60
13402,2025-02-14 02:00:00,원지(도),경부선,목표(결빙),37.4538,127.0488,35.0,14,-0.6666666666666666,-1.1,-0.1,1.0,60
13402,2025-02-14 03:00:00,원지(도),경부선,목표(결빙),37.4538,127.0488,35.0,14,-1.145,-1.6,-0.7,1.0,60
13402,2025-02-14 04:00:00,원지(도),경부선,목표(결빙),37.4538,127.0488,35.0,2,-1.51,-1.9,-1.2,1.0,60
13402,2025-02-14 05:00:00,원지(도),경부선,목표(결빙),37.4538,127.0488,35.0,2,-1.845,-2.3,-1.4,1.0,60
13402,2025-02-14 06:00:00,원지(도),경부선,목표(결빙),37.4538,127.0488,35.0,2,-1.7533333333333334,-2.3,-1.3,1.0,60
13402,2025-02-14 07:00:00,원지(도),경부선,목표(결빙),37.4538,127.0488,35.0,2,-1.7383333333333333,-2.1,-1.4,1.0,60
13402,2025-02-14 08:00:00,원지(도),경부선,목표(결빙),37.4538,127.0488,35.0,2,-1.72,-2.0,-1.3,1.0,60
13402,2025-02-14 09:00:00,원지(도),경부선,목표(결빙),37.4538,127.0488,35.0,2,0.205,-1.3,2.5,0.5,60
13402,2025-02-14 10:00:00,원지(도),경부선,목표(결빙),37.4538,127.0488,35.0,2,4.123333333333333,2.5,6.1,0.0,60
13402,2025-02-14 11:00:00,원지(도),경부선,목표(결빙),37.4538,127.0488,35.0,14,8.065,6.0,9.9,0.0,60
13402,2025-02-14 12:00:00,원지(도),경부선,목표(결빙),37.4538,127.0488,35.0,14,12.07,9.9,13.6,0.0,60
13402,2025-02-14 13:00:00,원지(도),경부선,목표(결빙),37.4538,127.0488,35.0,1,15.129999999999999,13.5,16.4,0.0,60
13402,2025-02-14 14:00:00,원지(도),경부선,목표(결빙),37.4538,127.0488,35.0,1,16.361666666666668,15.8,16.9,0.0,60
13402,2025-02-14 15:00:00,원지(도),경부선,목표(결빙),37.4538,127.0488,35.0,1,15.163333333333332,13.1,16.5,0.0,60
13402,2025-02-14 16:00:00,원지(도),경부선,목표(결빙),37.4538,127.0488,35.0,1,12.036666666666667,11.1,13.4,0.0,60
13402,2025-02-14 17:00:00,원지(도),경부선,목표(결빙),37.4538,127.0488,35.0,1,10.216666666666667,9.6,11.1,0.0,60
13402,2025-02-14 18:00:00,원지(도),경부선,목표(결빙),37.4538,127.0488,35.0,1,8.896666666666667,7.5,9.9,0.0,60
13402,2025-02-14 19:00:00,원지(도),경부선,목표(결빙),37.4538,127.0488,35.0,14,6.495,5.1,7.7,0.0,60
13402,2025-02-14 20:00:00,원지(도),경부선,목표(결빙),37.4538,127.0488,35.0,1,4.683333333333334,4.0,5.6,0.0,60
13402,2025-02-14 21:00:00,원지(도),경부선,목표(결빙),37.4538,127.0488,35.0,1,3.1883333333333335,2.7,3.7,0.0,60
13402,2025-02-14 22:00:00,원지(도),경부선,목표(결빙),37.4538,127.0488,35.0,14,2.5133333333333336,1.8,3.4,0.0,60
13402,2025-02-14 23:00:00,원지(도),경부선,목표(결빙),37.4538,127.0488,35.0,14,2.0366666666666666,1.5,2.6,0.0,60
13402,2025-02-15 00:00:00,원지(도),경부선,목표(결빙),37.4538,127.0488,35.0,2,1.3983333333333334,0.9,2.1,0.0,60
13402,2025-02-15 01:00:00,원지(도),경부선,목표(결빙),37.4538,127.0488,35.0,2,0.765,-0.2,1.8,0.05,60
13402,2025-02-15 02:00:00,원지(도),경부선,목표(결빙),37.4538,127.0488,35.0,2,0.145,-0.3,0.9,0.45,60
13402,2025-02-15 03:00:00,원지(도),경부선,목표(결빙),37.4538,127.0488,35.0,2,-0.5950000000000001,-1.1,-0.2,1.0,60
13402,2025-02-15 04:00:00,원지(도),경부선,목표(결빙),37.4538,127.0488,35.0,2,-0.9883333333333334,-1.5,-0.4,1.0,60
13402,2025-02-15 05:00:00,원지(도),경부선,목표(결빙),37.4538,127.0488,35.0,2,-1.3266666666666667,-1.7,-0.8,1.0,60
13402,2025-02-15 06:00:00,원지(도),경부선,목표(결빙),37.4538,127.0488,35.0,2,-1.3166666666666667,-1.8,-0.7,1.0,60
13402,2025-02-15 07:00:00,원지(도),경부선,목표(결빙),37.4538,127.0488,35.0,2,-0.5066666666666666,-1.5,0.8,0.8833333333333333,60
13402,2025-02-15 08:00:00,원지(도),경부선,목표(결빙),37.4538,127.0488,35.0,2,0.6983333333333334,0.3,1.1,0.0,60
13402,2025-02-15 09:00:00,원지(도),경부선,목표(결빙),37.4538,127.0488,35.0,2,1.7566666666666668,1.0,2.3,0.0,60
13402,2025-02-15 10:00:00,원지(도),경부선,목표(결빙),37.4538,127.0488,35.0,2,3.2449999999999997,1.9,4.7,0.0,60
13402,2025-02-15 11:00:00,원지(도),경부선,목표(결빙),37.4538,127.0488,35.0,2,5.761666666666667,4.7,6.9,0.0,60
13402,2025-02-15 12:00:00,원지(도),경부선,목표(결빙),37.4538,127.0488,35.0,2,7.441666666666666,6.9,7.9,0.0,60
13402,2025-02-15 13:00:00,원지(도),경부선,목표(결빙),37.4538,127.0488,35.0,14,8.78,7.8,10.0,0.0,60
13402,2025-02-15 14:00:00,원지(도),경부선,목표(결빙),37.4538,127.0488,35.0,14,10.468333333333334,9.2,11.2,0.0,60
13402,2025-02-15 15:00:00,원지(도),경부선,목표(결빙),37.4538,127.0488,35.0,1,10.808333333333334,10.5,11.3,0.0,60
13402,2025-02-15 16:00:00,원지(도),경부선,목표(결빙),37.4538,127.0488,35.0,1,10.15,9.0,11.1,0.0,60
13402,2025-02-15 17:00:00,원지(도),경부선,목표(결빙),37.4538,127.0488,35.0,1,8.968333333333334,8.5,9.3,0.0,60
13402,2025-02-15 18:00:00,원지(도),경부선,목표(결빙),37.4538,127.0488,35.0,1,8.673333333333334,7.8,9.4,0.0,60
13402,2025-02-15 19:00:00,원지(도),경부선,목표(결빙),37.4538,127.0488,35.0,14,6.465,5.3,8.1,0.0,60
13402,2025-02-15 20:00:00,원지(도),경부선,목표(결빙),37.4538,127.0488,35.0,14,5.09,4.1,5.9,0.0,60
13402,2025-02-15 21:00:00,원지(도),경부선,목표(결빙),37.4538,127.0488,35.0,14,4.126666666666667,3.6,4.8,0.0,60
13402,2025-02-15 22:00:00,원지(도),경부선,목표(결빙),37.4538,127.0488,35.0,2,3.21,2.6,3.7,0.0,60
13402,2025-02-15 23:00:00,원지(도),경부선,목표(결빙),37.4538,127.0488,35.0,2,2.853333333333333,2.2,3.3,0.0,60
13402,2025-02-16 00:00:00,원지(도),경부선,목표(결빙),37.4538,127.0488,35.0,2,1.78,1.0,2.4,0.0,60
13402,2025-02-16 01:00:00,원지(도),경부선,목표(결빙),37.4538,127.0488,35.0,2,1.225,0.6,1.9,0.0,60
13402,2025-02-16 02:00:00,원지(도),경부선,목표(결빙),37.4538,127.0488,35.0,2,0.6766666666666666,0.2,1.1,0.0,60
13402,2025-02-16 03:00:00,원지(도),경부선,목표(결빙),37.4538,127.0488,35.0,2,0.3766666666666667,0.0,0.8,0.13333333333333333,60
13402,2025-02-16 04:00:00,원지(도),경부선,목표(결빙),37.4538,127.0488,35.0,2,0.445,-0.1,1.0,0.18333333333333332,60
13402,2025-02-16 05:00:00,원지(도),경부선,목표(결빙),37.4538,127.0488,35.0,2,-0.18833333333333335,-0.6,0.2,0.7833333333333333,60
13402,2025-02-16 06:00:00,원지(도),경부선,목표(결빙),37.4538,127.0488,35.0,2,-0.3983333333333333,-1.0,0.1,0.9833333333333333,60
13402,2025-02-16 07:00:00,원지(도),경부선,목표(결빙),37.4538,127.0488,35.0,2,-0.095,-0.5,0.2,0.7666666666666667,60
13402,2025-02-16 08:00:00,원지(도),경부선,목표(결빙),37.4538,127.0488,35.0,2,0.2783333333333333,-0.2,0.9,0.2833333333333333,60
13402,2025-02-16 09:00:00,원지(도),경부선,목표(결빙),37.4538,127.0488,35.0,2,1.7,0.8,3.3,0.0,60
13402,2025-02-16 10:00:00,원지(도),경부선,목표(결빙),37.4538,127.0488,35.0,2,5.298333333333333,3.4,7.1,0.0,60
13402,2025-02-16 11:00:00,원지(도),경부선,목표(결빙),37.4538,127.0488,35.0,2,8.096666666666668,6.8,10.0,0.0,60
13402,2025-02-16 12:00:00,원지(도),경부선,목표(결빙),37.4538,127.0488,35.0,14,11.123333333333333,9.3,13.2,0.0,60
13402,2025-02-16 13:00:00,원지(도),경부선,목표(결빙),37.4538,127.0488,35.0,14,12.975,11.7,14.5,0.0,60
13402,2025-02-16 14:00:00,원지(도),경부선,목표(결빙),37.4538,127.0488,35.0,14,12.81,12.0,13.8,0.0,60
13402,2025-02-16 15:00:00,원지(도),경부선,목표(결빙),37.4538,127.0488,35.0,1,13.270000000000001,12.4,13.8,0.0,60
13402,2025-02-16 16:00:00,원지(도),경부선,목표(결빙),37.4538,127.0488,35.0,14,12.47,11.7,13.1,0.0,60
13402,2025-02-16 17:00:00,원지(도),경부선,목표(결빙),37.4538,127.0488,35.0,14,11.01,10.4,11.9,0.0,60
13402,2025-02-16 18:00:00,원지(도),경부선,목표(결빙),37.4538,127.0488,35.0,14,9.971666666666666,9.2,10.8,0.0,60
13402,2025-02-16 19:00:00,원지(도),경부선,목표(결빙),37.4538,127.0488,35.0,14,8.505,8.1,9.3,0.0,60
13402,2025-02-16 20:00:00,원지(도),경부선,목표(결빙),37.4538,127.0488,35.0,2,7.3133333333333335,6.9,8.0,0.0,60
13402,2025-02-16 21:00:00,원지(도),경부선,목표(결빙),37.4538,127.0488,35.0,2,6.598333333333333,5.5,7.2,0.0,60
13402,2025-02-16 22:00:00,원지(도),경부선,목표(결빙),37.4538,127.0488,35.0,14,5.16,4.7,5.7,0.0,60
13402,2025-02-16 23:00:00,원지(도),경부선,목표(결빙),37.4538,127.0488,35.0,14,3.9183333333333334,3.1,4.6,0.0,60
13402,2025-02-17 00:00:00,원지(도),경부선,목표(결빙),37.4538,127.0488,35.0,1,2.6383333333333336,2.1,3.1,0.0,60
13402,2025-02-17 01:00:00,원지(도),경부선,목표(결빙),37.4538,127.0488,35.0,1,1.6433333333333333,1.1,2.2,0.0,60
13402,2025-02-17 02:00:00,원지(도),경부선,목표(결빙),37.4538,127.0488,35.0,1,0.7666666666666667,0.4,1.2,0.0,60
13402,2025-02-17 03:00:00,원지(도),경부선,목표(결빙),37.4538,127.0488,35.0,1,0.105,-0.2,0.4,0.4166666666666667,60
13402,2025-02-17 04:00:00,원지(도),경부선,목표(결빙),37.4538,127.0488,35.0,1,-0.3566666666666667,-0.6,-0.1,1.0,60
13402,2025-02-17 05:00:00,원지(도),경부선,목표(결빙),37.4538,127.0488,35.0,1,-0.5866666666666666,-0.7,-0.5,1.0,60
13402,2025-02-17 06:00:00,원지(도),경부선,목표(결빙),37.4538,127.0488,35.0,1,-0.47833333333333333,-0.6,-0.3,1.0,60
13402,2025-02-17 07:00:00,원지(도),경부선,목표(결빙),37.4538,127.0488,35.0,1,-0.31333333333333335,-0.5,-0.1,1.0,60
13402,2025-02-17 08:00:00,원지(도),경부선,목표(결빙),37.4538,127.0488,35.0,1,-0.19833333333333333,-0.4,0.1,0.9666666666666667,60
13402,2025-02-17 09:00:00,원지(도),경부선,목표(결빙),37.4538,127.0488,35.0,1,1.1833333333333333,0.0,2.6,0.03333333333333333,60
13402,2025-02-17 10:00:00,원지(도),경부선,목표(결빙),37.4538,127.0488,35.0,1,4.319999999999999,2.6,6.1,0.0,60
13402,2025-02-17 11:00:00,원지(도),경부선,목표(결빙),37.4538,127.0488,35.0,1,7.863333333333333,6.1,9.5,0.0,60
13402,2025-02-17 12:00:00,원지(도),경부선,목표(결빙),37.4538,127.0488,35.0,1,11.096666666666666,9.4,12.5,0.0,60
13402,2025-02-17 13:00:00,원지(도),경부선,목표(결빙),37.4538,127.0488,35.0,1,13.401666666666667,12.3,14.5,0.0,60
13402,2025-02-17 14:00:00,원지(도),경부선,목표(결빙),37.4538,127.0488,35.0,1,14.511666666666667,14.1,14.9,0.0,60
13402,2025-02-17 15:00:00,원지(도),경부선,목표(결빙),37.4538,127.0488,35.0,1,12.221666666666666,9.0,14.2,0.0,60
13402,2025-02-17 16:00:00,원지(도),경부선,목표(결빙),37.4538,127.0488,35.0,1,7.108333333333333,5.7,9.1,0.0,60
13402,2025-02-17 17:00:00,원지(도),경부선,목표(결빙),37.4538,127.0488,35.0,1,5.105,4.4,6.1,0.0,60
13402,2025-02-17 18:00:00,원지(도),경부선,목표(결빙),37.4538,127.0488,35.0,1,4.016666666666667,3.7,4.5,0.0,60
13402,2025-02-17 19:00:00,원지(도),경부선,목표(결빙),37.4538,127.0488,35.0,1,3.0683333333333334,2.4,3.8,0.0,60
13402,2025-02-17 20:00:00,원지(도),경부선,목표(결빙),37.4538,127.0488,35.0,1,2.058333333333333,1.5,2.6,0.0,60
13402,2025-02-17 21:00:00,원지(도),경부선,목표(결빙),37.4538,127.0488,35.0,1,1.06,0.6,1.5,0.0,60
13402,2025-02-17 22:00:00,원지(도),경부선,목표(결빙),37.4538,127.0488,35.0,1,0.38833333333333336,-0.1,0.7,0.11666666666666667,60
13402,2025-02-17 23:00:00,원지(도),경부선,목표(결빙),37.4538,127.0488,35.0,1,-0.38833333333333336,-0.6,-0.1,1.0,60
13402,2025-02-18 00:00:00,원지(도),경부선,목표(결빙),37.4538,127.0488,35.0,1,-0.99,-1.4,-0.6,1.0,60
13402,2025-02-18 01:00:00,원지(도),경부선,목표(결빙),37.4538,127.0488,35.0,1,-1.5116666666666667,-1.8,-1.3,1.0,60
13402,2025-02-18 02:00:00,원지(도),경부선,목표(결빙),37.4538,127.0488,35.0,1,-2.09,-2.4,-1.8,1.0,60
13402,2025-02-18 03:00:00,원지(도),경부선,목표(결빙),37.4538,127.0488,35.0,1,-2.521666666666667,-2.7,-2.2,1.0,60
13402,2025-02-18 04:00:00,원지(도),경부선,목표(결빙),37.4538,127.0488,35.0,1,-2.7983333333333333,-3.0,-2.6,1.0,60
13402,2025-02-18 05:00:00,원지(도),경부선,목표(결빙),37.4538,127.0488,35.0,1,-3.0483333333333333,-3.1,-2.9,1.0,60
13402,2025-02-18 06:00:00,원지(도),경부선,목표(결빙),37.4538,127.0488,35.0,1,-3.121666666666667,-3.2,-3.0,1.0,60
13402,2025-02-18 07:00:00,원지(도),경부선,목표(결빙),37.4538,127.0488,35.0,1,-3.0116666666666663,-3.2,-2.8,1.0,60
13402,2025-02-18 08:00:00,원지(도),경부선,목표(결빙),37.4538,127.0488,35.0,1,-2.7783333333333333,-3.0,-2.4,1.0,60
13402,2025-02-18 09:00:00,원지(도),경부선,목표(결빙),37.4538,127.0488,35.0,1,-1.2833333333333334,-2.5,0.3,0.95,60
13402,2025-02-18 10:00:00,원지(도),경부선,목표(결빙),37.4538,127.0488,35.0,1,2.205,0.3,3.9,0.0,60
13402,2025-02-18 11:00:00,원지(도),경부선,목표(결빙),37.4538,127.0488,35.0,1,5.798333333333333,3.9,7.5,0.0,60
13402,2025-02-18 12:00:00,원지(도),경부선,목표(결빙),37.4538,127.0488,35.0,1,9.135,7.5,10.5,0.0,60
13402,2025-02-18 13:00:00,원지(도),경부선,목표(결빙),37.4538,127.0488,35.0,1,11.383333333333333,10.5,12.4,0.0,60
13402,2025-02-18 14:00:00,원지(도),경부선,목표(결빙),37.4538,127.0488,35.0,1,12.573333333333332,12.2,12.9,0.0,60
13402,2025-02-18 15:00:00,원지(도),경부선,목표(결빙),37.4538,127.0488,35.0,1,10.893333333333334,8.1,12.9,0.0,60
13402,2025-02-18 16:00:00,원지(도),경부선,목표(결빙),37.4538,127.0488,35.0,1,5.958333333333333,4.5,8.3,0.0,60
13402,2025-02-18 17:00:00,원지(도),경부선,목표(결빙),37.4538,127.0488,35.0,1,4.04,3.3,4.9,0.0,60
13402,2025-02-18 18:00:00,원지(도),경부선,목표(결빙),37.4538,127.0488,35.0,1,3.0083333333333333,2.5,3.7,0.0,60
13402,2025-02-18 19:00:00,원지(도),경부선,목표(결빙),37.4538,127.0488,35.0,1,1.9933333333333332,1.6,2.6,0.0,60
13402,2025-02-18 20:00:00,원지(도),경부선,목표(결빙),37.4538,127.0488,35.0,1,1.0866666666666667,0.5,1.6,0.0,60
13402,2025-02-18 21:00:00,원지(도),경부선,목표(결빙),37.4538,127.0488,35.0,1,-0.023333333333333334,-0.4,0.5,0.6833333333333333,60
13402,2025-02-18 22:00:00,원지(도),경부선,목표(결빙),37.4538,127.0488,35.0,1,-0.8333333333333334,-1.2,-0.4,1.0,60
13402,2025-02-18 23:00:00,원지(도),경부선,목표(결빙),37.4538,127.0488,35.0,1,-1.525,-1.9,-1.1,1.0,60
13402,2025-02-19 00:00:00,원지(도),경부선,목표(결빙),37.4538,127.0488,35.0,1,-2.1599999999999997,-2.5,-1.8,1.0,60
13402,2025-02-19 01:00:00,원지(도),경부선,목표(결빙),37.4538,127.0488,35.0,1,-2.76,-3.2,-2.5,1.0,60
13402,2025-02-19 02:00:00,원지(도),경부선,목표(결빙),37.4538,127.0488,35.0,1,-3.4050000000000002,-4.0,-3.0,1.0,60
13402,2025-02-19 03:00:00,원지(도),경부선,목표(결빙),37.4538,127.0488,35.0,1,-4.316666666666666,-4.6,-3.9,1.0,60
13402,2025-02-19 04:00:00,원지(도),경부선,목표(결빙),37.4538,127.0488,35.0,1,-4.666666666666667,-5.0,-4.4,1.0,60
13402,2025-02-19 05:00:00,원지(도),경부선,목표(결빙),37.4538,127.0488,35.0,1,-4.83,-5.0,-4.6,1.0,60
13402,2025-02-19 06:00:00,원지(도),경부선,목표(결빙),37.4538,127.0488,35.0,1,-4.891666666666667,-5.2,-4.7,1.0,60
13402,2025-02-19 07:00:00,원지(도),경부선,목표(결빙),37.4538,127.0488,35.0,1,-4.725,-5.1,-4.3,1.0,60
13402,2025-02-19 08:00:00,원지(도),경부선,목표(결빙),37.4538,127.0488,35.0,1,-4.308333333333334,-4.8,-3.5,1.0,60
13402,2025-02-19 09:00:00,원지(도),경부선,목표(결빙),37.4538,127.0488,35.0,1,-2.111666666666667,-3.5,-0.4,1.0,60
13402,2025-02-19 10:00:00,원지(도),경부선,목표(결빙),37.4538,127.0488,35.0,1,1.335,-0.4,3.1,0.18333333333333332,60
13402,2025-02-19 11:00:00,원지(도),경부선,목표(결빙),37.4538,127.0488,35.0,1,4.871666666666667,3.3,6.7,0.0,60
13402,2025-02-19 12:00:00,원지(도),경부선,목표(결빙),37.4538,127.0488,35.0,1,7.9383333333333335,6.5,9.3,0.0,60
13402,2025-02-19 13:00:00,원지(도),경부선,목표(결빙),37.4538,127.0488,35.0,1,10.241666666666667,9.3,11.1,0.0,60
13402,2025-02-19 14:00:00,원지(도),경부선,목표(결빙),37.4538,127.0488,35.0,1,11.238333333333333,10.9,11.5,0.0,60
13402,2025-02-19 15:00:00,원지(도),경부선,목표(결빙),37.4538,127.0488,35.0,1,9.58,6.9,11.4,0.0,60
13402,2025-02-19 16:00:00,원지(도),경부선,목표(결빙),37.4538,127.0488,35.0,1,4.791666666666667,3.6,6.9,0.0,60
13402,2025-02-19 17:00:00,원지(도),경부선,목표(결빙),37.4538,127.0488,35.0,1,2.8800000000000003,2.3,4.1,0.0,60
13402,2025-02-19 18:00:00,원지(도),경부선,목표(결빙),37.4538,127.0488,35.0,1,2.125,1.8,2.7,0.0,60
13402,2025-02-19 19:00:00,원지(도),경부선,목표(결빙),37.4538,127.0488,35.0,1,1.4266666666666665,0.9,2.0,0.0,60
13402,2025-02-19 20:00:00,원지(도),경부선,목표(결빙),37.4538,127.0488,35.0,1,0.48500000000000004,-0.1,1.1,0.13333333333333333,60
13402,2025-02-19 21:00:00,원지(도),경부선,목표(결빙),37.4538,127.0488,35.0,1,-0.4166666666666667,-0.7,0.0,1.0,60
13402,2025-02-19 22:00:00,원지(도),경부선,목표(결빙),37.4538,127.0488,35.0,1,-1.1466666666666667,-1.6,-0.7,1.0,60
13402,2025-02-19 23:00:00,원지(도),경부선,목표(결빙),37.4538,127.0488,35.0,1,-1.7266666666666666,-2.0,-1.5,1.0,60
13402,2025-02-20 00:00:00,원지(도),경부선,목표(결빙),37.4538,127.0488,35.0,1,-2.3400000000000003,-2.9,-2.0,1.0,60
13402,2025-02-20 01:00:00,원지(도),경부선,목표(결빙),37.4538,127.0488,35.0,1,-3.51,-4.0,-2.9,1.0,60
13402,2025-02-20 02:00:00,원지(도),경부선,목표(결빙),37.4538,127.0488,35.0,1,-4.443333333333333,-4.9,-4.0,1.0,60
13402,2025-02-20 03:00:00,원지(도),경부선,목표(결빙),37.4538,127.0488,35.0,1,-5.213333333333334,-5.7,-4.8,1.0,60
13402,2025-02-20 04:00:00,원지(도),경부선,목표(결빙),37.4538,127.0488,35.0,1,-5.753333333333333,-6.1,-5.5,1.0,60
13402,2025-02-20 05:00:00,원지(도),경부선,목표(결빙),37.4538,127.0488,35.0,1,-6.201666666666667,-6.5,-5.7,1.0,60
13402,2025-02-20 06:00:00,원지(도),경부선,목표(결빙),37.4538,127.0488,35.0,1,-6.401666666666667,-6.6,-6.1,1.0,60
13402,2025-02-20 07:00:00,원지(도),경부선,목표(결빙),37.4538,127.0488,35.0,1,-6.298333333333333,-6.6,-6.0,1.0,60
13402,2025-02-20 08:00:00,원지(도),경부선,목표(결빙),37.4538,127.0488,35.0,1,-5.871666666666667,-6.4,-5.3,1.0,60
13402,2025-02-20 09:00:00,원지(도),경부선,목표(결빙),37.4538,127.0488,35.0,1,-3.415,-5.3,-1.2,1.0,60
13402,2025-02-20 10:00:00,원지(도),경부선,목표(결빙),37.4538,127.0488,35.0,1,1.0766666666666667,-1.0,3.5,0.26666666666666666,60
13402,2025-02-20 11:00:00,원지(도),경부선,목표(결빙),37.4538,127.0488,35.0,1,5.113333333333333,3.5,6.8,0.0,60
13402,2025-02-20 12:00:00,원지(도),경부선,목표(결빙),37.4538,127.0488,35.0,1,8.295,6.8,9.8,0.0,60
13402,2025-02-20 13:00:00,원지(도),경부선,목표(결빙),37.4538,127.0488,35.0,1,10.843333333333334,9.7,12.0,0.0,60
13402,2025-02-20 14:00:00,원지(도),경부선,목표(결빙),37.4538,127.0488,35.0,1,11.903333333333334,11.5,12.1,0.0,60
13402,2025-02-20 15:00:00,원지(도),경부선,목표(결빙),37.4538,127.0488,35.0,1,10.251666666666667,7.2,11.8,0.0,60
13402,2025-02-20 16:00:00,원지(도),경부선,목표(결빙),37.4538,127.0488,35.0,1,5.45,4.1,7.1,0.0,60
13402,2025-02-20 17:00:00,원지(도),경부선,목표(결빙),37.4538,127.0488,35.0,1,3.518333333333333,2.9,4.2,0.0,60
13402,2025-02-20 18:00:00,원지(도),경부선,목표(결빙),37.4538,127.0488,35.0,1,2.4116666666666666,1.9,3.0,0.0,60
13402,2025-02-20 19:00:00,원지(도),경부선,목표(결빙),37.4538,127.0488,35.0,1,1.51,1.1,2.1,0.0,60
13402,2025-02-20 20:00:00,원지(도),경부선,목표(결빙),37.4538,127.0488,35.0,1,0.6466666666666666,0.1,1.1,0.0,60
13402,2025-02-20 21:00:00,원지(도),경부선,목표(결빙),37.4538,127.0488,35.0,1,-0.13333333333333333,-0.5,0.2,0.7166666666666667,60
13402,2025-02-20 22:00:00,원지(도),경부선,목표(결빙),37.4538,127.0488,35.0,1,-0.8883333333333333,-1.4,-0.3,1.0,60
13402,2025-02-20 23:00:00,원지(도),경부선,목표(결빙),37.4538,127.0488,35.0,1,-1.6266666666666665,-2.0,-1.2,1.0,60
13402,2025-02-21 00:00:00,원지(도),경부선,목표(결빙),37.4538,127.0488,35.0,1,-2.3766666666666665,-2.8,-1.9,1.0,60
13402,2025-02-21 01:00:00,원지(도),경부선,목표(결빙),37.4538,127.0488,35.0,1,-3.2266666666666666,-3.7,-2.8,1.0,60
13402,2025-02-21 02:00:00,원지(도),경부선,목표(결빙),37.4538,127.0488,35.0,1,-4.096666666666667,-4.5,-3.7,1.0,60
13402,2025-02-21 03:00:00,원지(도),경부선,목표(결빙),37.4538,127.0488,35.0,1,-4.944999999999999,-5.3,-4.6,1.0,60
13402,2025-02-21 04:00:00,원지(도),경부선,목표(결빙),37.4538,127.0488,35.0,1,-5.566666666666666,-5.8,-5.3,1.0,60
13402,2025-02-21 05:00:00,원지(도),경부선,목표(결빙),37.4538,127.0488,35.0,1,-5.9,-6.1,-5.7,1.0,60
13402,2025-02-21 06:00:00,원지(도),경부선,목표(결빙),37.4538,127.0488,35.0,1,-6.121666666666667,-6.4,-5.9,1.0,60
13402,2025-02-21 07:00:00,원지(도),경부선,목표(결빙),37.4538,127.0488,35.0,1,-5.9383333333333335,-6.3,-5.4,1.0,60
13402,2025-02-21 08:00:00,원지(도),경부선,목표(결빙),37.4538,127.0488,35.0,1,-5.4816666666666665,-5.6,-5.3,1.0,60
13402,2025-02-21 09:00:00,원지(도),경부선,목표(결빙),37.4538,127.0488,35.0,1,-3.0050000000000003,-5.2,-1.2,1.0,60
13402,2025-02-21 10:00:00,원지(도),경부선,목표(결빙),37.4538,127.0488,35.0,1,0.9383333333333332,-1.2,3.0,0.2833333333333333,60
13402,2025-02-21 11:00:00,원지(도),경부선,목표(결빙),37.4538,127.0488,35.0,1,5.33,3.2,7.0,0.0,60
13402,2025-02-21 12:00:00,원지(도),경부선,목표(결빙),37.4538,127.0488,35.0,1,8.673333333333334,7.0,9.9,0.0,60
13402,2025-02-21 13:00:00,원지(도),경부선,목표(결빙),37.4538,127.0488,35.0,1,10.951666666666666,10.0,11.9,0.0,60
13402,2025-02-21 14:00:00,원지(도),경부선,목표(결빙),37.4538,127.0488,35.0,1,12.366666666666667,11.6,13.0,0.0,60
13402,2025-02-21 15:00:00,원지(도),경부선,목표(결빙),37.4538,127.0488,35.0,1,11.051666666666668,8.0,12.8,0.0,60
13402,2025-02-21 16:00:00,원지(도),경부선,목표(결빙),37.4538,127.0488,35.0,1,5.885000000000001,4.2,8.0,0.0,60
13402,2025-02-21 17:00:00,원지(도),경부선,목표(결빙),37.4538,127.0488,35.0,1,3.5349999999999997,3.0,4.4,0.0,60
13402,2025-02-21 18:00:00,원지(도),경부선,목표(결빙),37.4538,127.0488,35.0,1,2.7383333333333337,2.5,3.2,0.0,60
13402,2025-02-21 19:00:00,원지(도),경부선,목표(결빙),37.4538,127.0488,35.0,1,1.93,1.4,2.7,0.0,60
13402,2025-02-21 20:00:00,원지(도),경부선,목표(결빙),37.4538,127.0488,35.0,1,1.0533333333333335,0.5,1.5,0.0,60
13402,2025-02-21 21:00:00,원지(도),경부선,목표(결빙),37.4538,127.0488,35.0,1,0.33666666666666667,0.0,0.6,0.05,60
13402,2025-02-21 22:00:00,원지(도),경부선,목표(결빙),37.4538,127.0488,35.0,1,-0.2,-0.5,0.1,0.9333333333333333,60
13402,2025-02-21 23:00:00,원지(도),경부선,목표(결빙),37.4538,127.0488,35.0,1,-0.7733333333333333,-1.0,-0.5,1.0,60
13402,2025-02-22 00:00:00,원지(도),경부선,목표(결빙),37.4538,127.0488,35.0,1,-1.2666666666666666,-1.6,-0.9,1.0,60
13402,2025-02-22 01:00:00,원지(도),경부선,목표(결빙),37.4538,127.0488,35.0,1,-1.77,-2.1,-1.5,1.0,60
13402,2025-02-22 02:00:00,원지(도),경부선,목표(결빙),37.4538,127.0488,35.0,1,-2.3133333333333335,-2.7,-1.8,1.0,60
13402,2025-02-22 03:00:00,원지(도),경부선,목표(결빙),37.4538,127.0488,35.0,1,-3.04,-3.4,-2.7,1.0,60
13402,2025-02-22 04:00:00,원지(도),경부선,목표(결빙),37.4538,127.0488,35.0,1,-3.7583333333333333,-4.1,-3.5,1.0,60
13402,2025-02-22 05:00:00,원지(도),경부선,목표(결빙),37.4538,127.0488,35.0,1,-3.9316666666666666,-4.3,-3.6,1.0,60
13402,2025-02-22 06:00:00,원지(도),경부선,목표(결빙),37.4538,127.0488,35.0,1,-4.01,-4.2,-3.8,1.0,60
13402,2025-02-22 07:00:00,원지(도),경부선,목표(결빙),37.4538,127.0488,35.0,1,-4.1466666666666665,-4.3,-3.9,1.0,60
13402,2025-02-22 08:00:00,원지(도),경부선,목표(결빙),37.4538,127.0488,35.0,1,-4.136666666666667,-4.4,-3.5,1.0,60
13402,2025-02-22 09:00:00,원지(도),경부선,목표(결빙),37.4538,127.0488,35.0,1,-2.013333333333333,-3.5,-0.5,1.0,60
13402,2025-02-22 10:00:00,원지(도),경부선,목표(결빙),37.4538,127.0488,35.0,1,1.76,-0.4,3.8,0.05,60
13402,2025-02-22 11:00:00,원지(도),경부선,목표(결빙),37.4538,127.0488,35.0,1,5.818333333333333,4.1,7.7,0.0,60
13402,2025-02-22 12:00:00,원지(도),경부선,목표(결빙),37.4538,127.0488,35.0,1,9.433333333333334,7.6,10.9,0.0,60
13402,2025-02-22 13:00:00,원지(도),경부선,목표(결빙),37.4538,127.0488,35.0,1,11.998333333333333,10.7,13.0,0.0,60
13402,2025-02-22 14:00:00,원지(도),경부선,목표(결빙),37.4538,127.0488,35.0,1,13.205,12.9,13.6,0.0,60
13402,2025-02-22 15:00:00,원지(도),경부선,목표(결빙),37.4538,127.0488,35.0,1,11.585,8.8,13.4,0.0,60
13402,2025-02-22 16:00:00,원지(도),경부선,목표(결빙),37.4538,127.0488,35.0,1,6.246666666666667,4.3,8.7,0.0,60
13402,2025-02-22 17:00:00,원지(도),경부선,목표(결빙),37.4538,127.0488,35.0,1,3.7849999999999997,2.9,4.5,0.0,60
13402,2025-02-22 18:00:00,원지(도),경부선,목표(결빙),37.4538,127.0488,35.0,1,2.6666666666666665,2.2,3.4,0.0,60
13402,2025-02-22 19:00:00,원지(도),경부선,목표(결빙),37.4538,127.0488,35.0,1,2.2150000000000003,1.9,2.3,0.0,60
13402,2025-02-22 20:00:00,원지(도),경부선,목표(결빙),37.4538,127.0488,35.0,1,1.0983333333333334,0.7,1.9,0.0,60
13402,2025-02-22 21:00:00,원지(도),경부선,목표(결빙),37.4538,127.0488,35.0,1,0.27666666666666667,-0.2,0.7,0.1,60
13402,2025-02-22 22:00:00,원지(도),경부선,목표(결빙),37.4538,127.0488,35.0,1,-0.4083333333333333,-1.0,0.2,0.8166666666666667,60
13402,2025-02-22 23:00:00,원지(도),경부선,목표(결빙),37.4538,127.0488,35.0,1,-1.3766666666666665,-1.8,-0.9,1.0,60
13402,2025-02-23 00:00:00,원지(도),경부선,목표(결빙),37.4538,127.0488,35.0,1,-2.283333333333333,-2.7,-1.8,1.0,60
13402,2025-02-23 01:00:00,원지(도),경부선,목표(결빙),37.4538,127.0488,35.0,1,-2.996666666666667,-3.3,-2.6,1.0,60
13402,2025-02-23 02:00:00,원지(도),경부선,목표(결빙),37.4538,127.0488,35.0,1,-3.878333333333333,-4.3,-3.3,1.0,60
13402,2025-02-23 03:00:00,원지(도),경부선,목표(결빙),37.4538,127.0488,35.0,1,-4.335,-4.6,-4.1,1.0,60
13402,2025-02-23 04:00:00,원지(도),경부선,목표(결빙),37.4538,127.0488,35.0,1,-5.145,-5.7,-4.5,1.0,60
13402,2025-02-23 05:00:00,원지(도),경부선,목표(결빙),37.4538,127.0488,35.0,1,-5.868333333333334,-6.2,-5.6,1.0,60
13402,2025-02-23 06:00:00,원지(도),경부선,목표(결빙),37.4538,127.0488,35.0,1,-6.328333333333333,-6.6,-5.7,1.0,60
13402,2025-02-23 07:00:00,원지(도),경부선,목표(결빙),37.4538,127.0488,35.0,1,-5.455,-6.4,-5.0,1.0,60
13402,2025-02-23 08:00:00,원지(도),경부선,목표(결빙),37.4538,127.0488,35.0,1,-4.761666666666667,-5.1,-4.3,1.0,60
13402,2025-02-23 09:00:00,원지(도),경부선,목표(결빙),37.4538,127.0488,35.0,1,-2.885,-4.3,-1.0,1.0,60
13402,2025-02-23 10:00:00,원지(도),경부선,목표(결빙),37.4538,127.0488,35.0,1,0.8116666666666668,-1.0,2.8,0.35,60
13402,2025-02-23 11:00:00,원지(도),경부선,목표(결빙),37.4538,127.0488,35.0,1,4.706666666666666,2.9,6.8,0.0,60
13402,2025-02-23 12:00:00,원지(도),경부선,목표(결빙),37.4538,127.0488,35.0,1,7.995,6.5,9.1,0.0,60
13402,2025-02-23 13:00:00,원지(도),경부선,목표(결빙),37.4538,127.0488,35.0,1,10.345,8.4,11.2,0.0,60
13402,2025-02-23 14:00:00,원지(도),경부선,목표(결빙),37.4538,127.0488,35.0,1,10.870000000000001,8.6,12.0,0.0,60
13402,2025-02-23 15:00:00,원지(도),경부선,목표(결빙),37.4538,127.0488,35.0,1,8.511666666666667,6.4,9.8,0.0,60
13402,2025-02-23 16:00:00,원지(도),경부선,목표(결빙),37.4538,127.0488,35.0,1,5.221666666666667,4.2,6.6,0.0,60
13402,2025-02-23 17:00:00,원지(도),경부선,목표(결빙),37.4538,127.0488,35.0,1,4.003333333333333,3.4,4.5,0.0,60
13402,2025-02-23 18:00:00,원지(도),경부선,목표(결빙),37.4538,127.0488,35.0,1,2.421666666666667,1.4,3.5,0.0,60
13402,2025-02-23 19:00:00,원지(도),경부선,목표(결빙),37.4538,127.0488,35.0,1,0.7366666666666667,0.1,1.5,0.0,60
13402,2025-02-23 20:00:00,원지(도),경부선,목표(결빙),37.4538,127.0488,35.0,1,-0.48833333333333334,-0.9,0.1,0.9666666666666667,60
13402,2025-02-23 21:00:00,원지(도),경부선,목표(결빙),37.4538,127.0488,35.0,1,-1.29,-1.7,-0.9,1.0,60
13402,2025-02-23 22:00:00,원지(도),경부선,목표(결빙),37.4538,127.0488,35.0,1,-1.9133333333333333,-2.3,-1.6,1.0,60
13402,2025-02-23 23:00:00,원지(도),경부선,목표(결빙),37.4538,127.0488,35.0,1,-2.56,-2.9,-2.3,1.0,60
13402,2025-02-24 00:00:00,원지(도),경부선,목표(결빙),37.4538,127.0488,35.0,1,-3.106666666666667,-3.5,-2.9,1.0,60
13402,2025-02-24 01:00:00,원지(도),경부선,목표(결빙),37.4538,127.0488,35.0,1,-3.7733333333333334,-4.2,-3.4,1.0,60
13402,2025-02-24 02:00:00,원지(도),경부선,목표(결빙),37.4538,127.0488,35.0,1,-4.6016666666666675,-5.1,-4.0,1.0,60
13402,2025-02-24 03:00:00,원지(도),경부선,목표(결빙),37.4538,127.0488,35.0,1,-5.275,-5.5,-5.0,1.0,60
13402,2025-02-24 04:00:00,원지(도),경부선,목표(결빙),37.4538,127.0488,35.0,1,-5.6066666666666665,-5.9,-5.4,1.0,60
13402,2025-02-24 05:00:00,원지(도),경부선,목표(결빙),37.4538,127.0488,35.0,1,-6.053333333333333,-6.3,-5.8,1.0,60
13402,2025-02-24 06:00:00,원지(도),경부선,목표(결빙),37.4538,127.0488,35.0,1,-6.168333333333334,-6.5,-5.8,1.0,60
13402,2025-02-24 07:00:00,원지(도),경부선,목표(결빙),37.4538,127.0488,35.0,1,-6.176666666666667,-6.5,-5.9,1.0,60
13402,2025-02-24 08:00:00,원지(도),경부선,목표(결빙),37.4538,127.0488,35.0,1,-5.983333333333333,-6.4,-5.6,1.0,60
13402,2025-02-24 09:00:00,원지(도),경부선,목표(결빙),37.4538,127.0488,35.0,1,-3.0016666666666665,-5.6,-0.4,1.0,60
13402,2025-02-24 10:00:00,원지(도),경부선,목표(결빙),37.4538,127.0488,35.0,1,1.6233333333333335,-0.3,3.5,0.15,60
13402,2025-02-24 11:00:00,원지(도),경부선,목표(결빙),37.4538,127.0488,35.0,1,5.588333333333334,3.5,7.5,0.0,60
13402,2025-02-24 12:00:00,원지(도),경부선,목표(결빙),37.4538,127.0488,35.0,1,9.254999999999999,7.6,10.8,0.0,60
13402,2025-02-24 13:00:00,원지(도),경부선,목표(결빙),37.4538,127.0488,35.0,1,12.113333333333333,10.8,13.5,0.0,60
13402,2025-02-24 14:00:00,원지(도),경부선,목표(결빙),37.4538,127.0488,35.0,1,13.433333333333334,13.2,13.8,0.0,60
13402,2025-02-24 15:00:00,원지(도),경부선,목표(결빙),37.4538,127.0488,35.0,1,12.136666666666667,9.9,13.5,0.0,60
13402,2025-02-24 16:00:00,원지(도),경부선,목표(결빙),37.4538,127.0488,35.0,1,7.611666666666666,5.9,10.0,0.0,60
13402,2025-02-24 17:00:00,원지(도),경부선,목표(결빙),37.4538,127.0488,35.0,1,4.991666666666666,4.3,5.9,0.0,60
13402,2025-02-24 18:00:00,원지(도),경부선,목표(결빙),37.4538,127.0488,35.0,1,4.24,3.9,4.8,0.0,60
13402,2025-02-24 19:00:00,원지(도),경부선,목표(결빙),37.4538,127.0488,35.0,1,3.3433333333333333,2.7,3.9,0.0,60
13402,2025-02-24 20:00:00,원지(도),경부선,목표(결빙),37.4538,127.0488,35.0,1,2.378333333333333,2.0,2.8,0.0,60
13402,2025-02-24 21:00:00,원지(도),경부선,목표(결빙),37.4538,127.0488,35.0,1,1.8,1.5,2.1,0.0,60
13402,2025-02-24 22:00:00,원지(도),경부선,목표(결빙),37.4538,127.0488,35.0,1,1.8233333333333335,1.6,2.2,0.0,60
13402,2025-02-24 23:00:00,원지(도),경부선,목표(결빙),37.4538,127.0488,35.0,1,0.6283333333333334,-0.3,1.6,0.23333333333333334,60
13402,2025-02-25 00:00:00,원지(도),경부선,목표(결빙),37.4538,127.0488,35.0,1,-0.6549999999999999,-1.3,0.0,1.0,60
13402,2025-02-25 01:00:00,원지(도),경부선,목표(결빙),37.4538,127.0488,35.0,14,-1.5666666666666667,-2.1,-1.0,1.0,60
13402,2025-02-25 02:00:00,원지(도),경부선,목표(결빙),37.4538,127.0488,35.0,14,-2.42,-2.9,-1.8,1.0,60
13402,2025-02-25 03:00:00,원지(도),경부선,목표(결빙),37.4538,127.0488,35.0,14,-2.9716666666666667,-3.5,-2.4,1.0,60
13402,2025-02-25 04:00:00,원지(도),경부선,목표(결빙),37.4538,127.0488,35.0,14,-3.3366666666666664,-3.7,-2.9,1.0,60
13402,2025-02-25 05:00:00,원지(도),경부선,목표(결빙),37.4538,127.0488,35.0,14,-3.5383333333333336,-3.9,-3.2,1.0,60
13402,2025-02-25 06:00:00,원지(도),경부선,목표(결빙),37.4538,127.0488,35.0,14,-3.575,-3.8,-3.3,1.0,60
13402,2025-02-25 07:00:00,원지(도),경부선,목표(결빙),37.4538,127.0488,35.0,14,-3.396666666666667,-3.7,-2.7,1.0,60
13402,2025-02-25 08:00:00,원지(도),경부선,목표(결빙),37.4538,127.0488,35.0,14,-3.078333333333333,-3.7,-2.2,1.0,60
13402,2025-02-25 09:00:00,원지(도),경부선,목표(결빙),37.4538,127.0488,35.0,14,-0.39499999999999996,-2.2,1.6,0.6333333333333333,60
13402,2025-02-25 10:00:00,원지(도),경부선,목표(결빙),37.4538,127.0488,35.0,1,4.206666666666667,1.6,6.8,0.0,60
13402,2025-02-25 11:00:00,원지(도),경부선,목표(결빙),37.4538,127.0488,35.0,1,8.96,6.7,10.7,0.0,60
13402,2025-02-25 12:00:00,원지(도),경부선,목표(결빙),37.4538,127.0488,35.0,1,11.216666666666667,8.8,12.4,0.0,60
13402,2025-02-25 13:00:00,원지(도),경부선,목표(결빙),37.4538,127.0488,35.0,1,12.171666666666665,10.8,13.5,0.0,60
13402,2025-02-25 14:00:00,원지(도),경부선,목표(결빙),37.4538,127.0488,35.0,1,10.565,9.9,11.2,0.0,60
13402,2025-02-25 15:00:00,원지(도),경부선,목표(결빙),37.4538,127.0488,35.0,1,10.336666666666668,9.5,11.7,0.0,60
13402,2025-02-25 16:00:00,원지(도),경부선,목표(결빙),37.4538,127.0488,35.0,1,9.28,8.7,9.7,0.0,60
13402,2025-02-25 17:00:00,원지(도),경부선,목표(결빙),37.4538,127.0488,35.0,1,8.491666666666667,7.9,9.0,0.0,60
13402,2025-02-25 18:00:00,원지(도),경부선,목표(결빙),37.4538,127.0488,35.0,1,7.71,7.4,8.1,0.0,60
13402,2025-02-25 19:00:00,원지(도),경부선,목표(결빙),37.4538,127.0488,35.0,14,7.22,6.8,7.6,0.0,60
13402,2025-02-25 20:00:00,원지(도),경부선,목표(결빙),37.4538,127.0488,35.0,14,6.466666666666667,6.2,6.9,0.0,60
13402,2025-02-25 21:00:00,원지(도),경부선,목표(결빙),37.4538,127.0488,35.0,14,5.944999999999999,5.5,6.3,0.0,60
13402,2025-02-25 22:00:00,원지(도),경부선,목표(결빙),37.4538,127.0488,35.0,14,5.21,4.8,5.6,0.0,60
13402,2025-02-25 23:00:00,원지(도),경부선,목표(결빙),37.4538,127.0488,35.0,2,4.67,4.3,5.0,0.0,60
13402,2025-02-26 00:00:00,원지(도),경부선,목표(결빙),37.4538,127.0488,35.0,2,4.26,3.6,4.9,0.0,60
13402,2025-02-26 01:00:00,원지(도),경부선,목표(결빙),37.4538,127.0488,35.0,2,3.985,3.4,4.2,0.0,60
13402,2025-02-26 02:00:00,원지(도),경부선,목표(결빙),37.4538,127.0488,35.0,2,3.9233333333333333,3.7,4.0,0.0,60
13402,2025-02-26 03:00:00,원지(도),경부선,목표(결빙),37.4538,127.0488,35.0,2,3.7199999999999998,3.2,4.0,0.0,60
13402,2025-02-26 04:00:00,원지(도),경부선,목표(결빙),37.4538,127.0488,35.0,2,3.375,2.9,3.6,0.0,60
13402,2025-02-26 05:00:00,원지(도),경부선,목표(결빙),37.4538,127.0488,35.0,2,2.7116666666666664,2.2,3.2,0.0,60
13402,2025-02-26 06:00:00,원지(도),경부선,목표(결빙),37.4538,127.0488,35.0,2,2.415,2.1,2.9,0.0,60
13402,2025-02-26 07:00:00,원지(도),경부선,목표(결빙),37.4538,127.0488,35.0,2,2.2383333333333337,1.7,2.7,0.0,60
13402,2025-02-26 08:00:00,원지(도),경부선,목표(결빙),37.4538,127.0488,35.0,2,1.55,1.0,2.2,0.0,60
13402,2025-02-26 09:00:00,원지(도),경부선,목표(결빙),37.4538,127.0488,35.0,2,3.61,1.5,5.5,0.0,60
13402,2025-02-26 10:00:00,원지(도),경부선,목표(결빙),37.4538,127.0488,35.0,14,6.805000000000001,5.4,8.7,0.0,60
13402,2025-02-26 11:00:00,원지(도),경부선,목표(결빙),37.4538,127.0488,35.0,1,10.608333333333333,8.6,12.6,0.0,60
13402,2025-02-26 12:00:00,원지(도),경부선,목표(결빙),37.4538,127.0488,35.0,1,14.646666666666667,13.0,16.1,0.0,60
13402,2025-02-26 13:00:00,원지(도),경부선,목표(결빙),37.4538,127.0488,35.0,1,17.436666666666667,16.0,18.6,0.0,60
13402,2025-02-26 14:00:00,원지(도),경부선,목표(결빙),37.4538,127.0488,35.0,1,18.461666666666666,18.2,18.7,0.0,60
13402,2025-02-26 15:00:00,원지(도),경부선,목표(결빙),37.4538,127.0488,35.0,1,17.759999999999998,15.6,18.8,0.0,60
13402,2025-02-26 16:00:00,원지(도),경부선,목표(결빙),37.4538,127.0488,35.0,1,12.871666666666666,11.0,15.3,0.0,60
13402,2025-02-26 17:00:00,원지(도),경부선,목표(결빙),37.4538,127.0488,35.0,1,9.725,8.8,11.1,0.0,60
13402,2025-02-26 18:00:00,원지(도),경부선,목표(결빙),37.4538,127.0488,35.0,1,8.373333333333333,7.8,9.3,0.0,60
13402,2025-02-26 19:00:00,원지(도),경부선,목표(결빙),37.4538,127.0488,35.0,1,7.295,6.6,8.0,0.0,60
13402,2025-02-26 20:00:00,원지(도),경부선,목표(결빙),37.4538,127.0488,35.0,1,5.895,5.5,6.5,0.0,60
13402,2025-02-26 21:00:00,원지(도),경부선,목표(결빙),37.4538,127.0488,35.0,1,4.6850000000000005,3.7,5.5,0.0,60
13402,2025-02-26 22:00:00,원지(도),경부선,목표(결빙),37.4538,127.0488,35.0,1,3.2183333333333333,2.4,4.1,0.0,60
13402,2025-02-26 23:00:00,원지(도),경부선,목표(결빙),37.4538,127.0488,35.0,1,1.97,1.5,2.7,0.0,60
13402,2025-02-27 00:00:00,원지(도),경부선,목표(결빙),37.4538,127.0488,35.0,1,0.99,0.2,1.6,0.0,60
13402,2025-02-27 01:00:00,원지(도),경부선,목표(결빙),37.4538,127.0488,35.0,1,0.03166666666666666,-0.6,0.7,0.6,60
13402,2025-02-27 02:00:00,원지(도),경부선,목표(결빙),37.4538,127.0488,35.0,1,-0.6950000000000001,-1.1,-0.2,1.0,60
13402,2025-02-27 03:00:00,원지(도),경부선,목표(결빙),37.4538,127.0488,35.0,1,-1.2950000000000002,-1.9,-0.8,1.0,60
13402,2025-02-27 04:00:00,원지(도),경부선,목표(결빙),37.4538,127.0488,35.0,1,-1.745,-2.1,-1.3,1.0,60
13402,2025-02-27 05:00:00,원지(도),경부선,목표(결빙),37.4538,127.0488,35.0,1,-2.253333333333333,-2.9,-1.9,1.0,60
13402,2025-02-27 06:00:00,원지(도),경부선,목표(결빙),37.4538,127.0488,35.0,1,-2.445,-2.8,-2.0,1.0,60
13402,2025-02-27 07:00:00,원지(도),경부선,목표(결빙),37.4538,127.0488,35.0,1,-2.3916666666666666,-2.7,-2.0,1.0,60
13402,2025-02-27 08:00:00,원지(도),경부선,목표(결빙),37.4538,127.0488,35.0,1,-2.0416666666666665,-2.6,-1.3,1.0,60
13402,2025-02-27 09:00:00,원지(도),경부선,목표(결빙),37.4538,127.0488,35.0,1,0.8283333333333334,-1.1,2.7,0.3,60
13402,2025-02-27 10:00:00,원지(도),경부선,목표(결빙),37.4538,127.0488,35.0,1,5.591666666666667,2.8,8.2,0.0,60
13402,2025-02-27 11:00:00,원지(도),경부선,목표(결빙),37.4538,127.0488,35.0,1,11.121666666666666,8.4,13.6,0.0,60
13402,2025-02-27 12:00:00,원지(도),경부선,목표(결빙),37.4538,127.0488,35.0,1,15.588333333333333,13.6,17.6,0.0,60
13402,2025-02-27 13:00:00,원지(도),경부선,목표(결빙),37.4538,127.0488,35.0,1,19.395,17.7,21.0,0.0,60
13402,2025-02-27 14:00:00,원지(도),경부선,목표(결빙),37.4538,127.0488,35.0,1,21.303333333333335,20.9,21.7,0.0,60
13402,2025-02-27 15:00:00,원지(도),경부선,목표(결빙),37.4538,127.0488,35.0,1,21.063333333333333,18.9,22.2,0.0,60
13402,2025-02-27 16:00:00,원지(도),경부선,목표(결빙),37.4538,127.0488,35.0,1,16.615,14.9,18.8,0.0,60
13402,2025-02-27 17:00:00,원지(도),경부선,목표(결빙),37.4538,127.0488,35.0,1,13.895000000000001,13.2,14.8,0.0,60
13402,2025-02-27 18:00:00,원지(도),경부선,목표(결빙),37.4538,127.0488,35.0,1,12.514999999999999,11.2,13.4,0.0,60
13402,2025-02-27 19:00:00,원지(도),경부선,목표(결빙),37.4538,127.0488,35.0,1,9.998333333333333,8.8,11.2,0.0,60
13402,2025-02-27 20:00:00,원지(도),경부선,목표(결빙),37.4538,127.0488,35.0,1,8.115,7.3,8.8,0.0,60
13402,2025-02-27 21:00:00,원지(도),경부선,목표(결빙),37.4538,127.0488,35.0,1,6.635000000000001,5.5,8.4,0.0,60
13402,2025-02-27 22:00:00,원지(도),경부선,목표(결빙),37.4538,127.0488,35.0,1,5.3966666666666665,5.0,6.3,0.0,60
13402,2025-02-27 23:00:00,원지(도),경부선,목표(결빙),37.4538,127.0488,35.0,1,4.498333333333333,3.6,5.2,0.0,60
13402,2025-02-28 00:00:00,원지(도),경부선,목표(결빙),37.4538,127.0488,35.0,1,3.69,3.0,4.3,0.0,60
13402,2025-02-28 01:00:00,원지(도),경부선,목표(결빙),37.4538,127.0488,35.0,1,3.5633333333333335,3.0,4.0,0.0,60
13402,2025-02-28 02:00:00,원지(도),경부선,목표(결빙),37.4538,127.0488,35.0,1,3.0316666666666667,2.2,3.6,0.0,60
13402,2025-02-28 03:00:00,원지(도),경부선,목표(결빙),37.4538,127.0488,35.0,1,2.7933333333333334,2.2,3.4,0.0,60
13402,2025-02-28 04:00:00,원지(도),경부선,목표(결빙),37.4538,127.0488,35.0,1,2.6199999999999997,1.5,3.3,0.0,60
13402,2025-02-28 05:00:00,원지(도),경부선,목표(결빙),37.4538,127.0488,35.0,1,1.6533333333333333,1.1,2.4,0.0,60
13402,2025-02-28 06:00:00,원지(도),경부선,목표(결빙),37.4538,127.0488,35.0,1,2.3433333333333333,1.2,3.2,0.0,60
13402,2025-02-28 07:00:00,원지(도),경부선,목표(결빙),37.4538,127.0488,35.0,1,3.35,2.8,3.9,0.0,60
13402,2025-02-28 08:00:00,원지(도),경부선,목표(결빙),37.4538,127.0488,35.0,1,4.131666666666667,3.4,4.9,0.0,60
13402,2025-02-28 09:00:00,원지(도),경부선,목표(결빙),37.4538,127.0488,35.0,1,5.658333333333333,4.7,6.5,0.0,60
13402,2025-02-28 10:00:00,원지(도),경부선,목표(결빙),37.4538,127.0488,35.0,1,7.291666666666667,6.5,7.8,0.0,60
13402,2025-02-28 11:00:00,원지(도),경부선,목표(결빙),37.4538,127.0488,35.0,1,8.838333333333333,7.8,9.8,0.0,60
13402,2025-02-28 12:00:00,원지(도),경부선,목표(결빙),37.4538,127.0488,35.0,1,10.633333333333333,9.6,11.2,0.0,60
13402,2025-02-28 13:00:00,원지(도),경부선,목표(결빙),37.4538,127.0488,35.0,1,12.326666666666666,11.1,15.1,0.0,60
13402,2025-02-28 14:00:00,원지(도),경부선,목표(결빙),37.4538,127.0488,35.0,1,15.093333333333334,14.2,16.6,0.0,60
13402,2025-02-28 15:00:00,원지(도),경부선,목표(결빙),37.4538,127.0488,35.0,1,16.916666666666668,15.6,18.1,0.0,60
13402,2025-02-28 16:00:00,원지(도),경부선,목표(결빙),37.4538,127.0488,35.0,1,14.411666666666667,13.1,15.7,0.0,60
13402,2025-02-28 17:00:00,원지(도),경부선,목표(결빙),37.4538,127.0488,35.0,1,12.59,12.0,13.3,0.0,60
13402,2025-02-28 18:00:00,원지(도),경부선,목표(결빙),37.4538,127.0488,35.0,1,11.831666666666667,11.6,12.3,0.0,60
13402,2025-02-28 19:00:00,원지(도),경부선,목표(결빙),37.4538,127.0488,35.0,14,10.161666666666667,9.2,11.6,0.0,60
13402,2025-02-28 20:00:00,원지(도),경부선,목표(결빙),37.4538,127.0488,35.0,14,8.306666666666667,7.4,9.4,0.0,60
13402,2025-02-28 21:00:00,원지(도),경부선,목표(결빙),37.4538,127.0488,35.0,14,7.125,6.5,8.0,0.0,60
13402,2025-02-28 22:00:00,원지(도),경부선,목표(결빙),37.4538,127.0488,35.0,2,6.358333333333333,5.6,7.1,0.0,60
13402,2025-02-28 23:00:00,원지(도),경부선,목표(결빙),37.4538,127.0488,35.0,2,5.658333333333333,4.8,7.1,0.0,60
13402,2025-03-01 00:00:00,원지(도),경부선,목표(결빙),37.4538,127.0488,35.0,2,4.915,3.8,5.6,0.0,60
13402,2025-11-01 01:00:00,원지(도),경부선,목표(결빙),37.4538,127.0488,35.0,2,13.46,12.8,15.3,0.0,60
13402,2025-11-01 02:00:00,원지(도),경부선,목표(결빙),37.4538,127.0488,35.0,2,13.288333333333334,13.1,13.5,0.0,60
13402,2025-11-01 03:00:00,원지(도),경부선,목표(결빙),37.4538,127.0488,35.0,2,13.071666666666665,12.6,13.4,0.0,60
13402,2025-11-01 04:00:00,원지(도),경부선,목표(결빙),37.4538,127.0488,35.0,2,13.145000000000001,12.7,13.4,0.0,60
13402,2025-11-01 05:00:00,원지(도),경부선,목표(결빙),37.4538,127.0488,35.0,2,12.598333333333333,12.0,13.0,0.0,60
13402,2025-11-01 06:00:00,원지(도),경부선,목표(결빙),37.4538,127.0488,35.0,14,11.853333333333333,11.5,12.3,0.0,60
13402,2025-11-01 07:00:00,원지(도),경부선,목표(결빙),37.4538,127.0488,35.0,1,11.635,11.1,12.1,0.0,60
13402,2025-11-01 08:00:00,원지(도),경부선,목표(결빙),37.4538,127.0488,35.0,1,11.828333333333335,11.3,12.6,0.0,60
13402,2025-11-01 09:00:00,원지(도),경부선,목표(결빙),37.4538,127.0488,35.0,1,14.268333333333334,12.8,15.7,0.0,60
13402,2025-11-01 10:00:00,원지(도),경부선,목표(결빙),37.4538,127.0488,35.0,1,17.095000000000002,15.7,18.8,0.0,60
13402,2025-11-01 11:00:00,원지(도),경부선,목표(결빙),37.4538,127.0488,35.0,1,20.2,18.4,22.2,0.0,60
13402,2025-11-01 12:00:00,원지(도),경부선,목표(결빙),37.4538,127.0488,35.0,1,23.073333333333334,22.0,24.2,0.0,60
13402,2025-11-01 13:00:00,원지(도),경부선,목표(결빙),37.4538,127.0488,35.0,1,24.34,23.8,24.9,0.0,60
13402,2025-11-01 14:00:00,원지(도),경부선,목표(결빙),37.4538,127.0488,35.0,1,23.66166666666667,21.5,24.6,0.0,60
13402,2025-11-01 15:00:00,원지(도),경부선,목표(결빙),37.4538,127.0488,35.0,1,19.323333333333334,17.9,22.0,0.0,60
13402,2025-11-01 16:00:00,원지(도),경부선,목표(결빙),37.4538,127.0488,35.0,1,17.87,17.3,18.4,0.0,60
13402,2025-11-01 17:00:00,원지(도),경부선,목표(결빙),37.4538,127.0488,35.0,1,18.31,17.9,19.0,0.0,60
13402,2025-11-01 18:00:00,원지(도),경부선,목표(결빙),37.4538,127.0488,35.0,2,14.945,12.7,18.4,0.0,60
13402,2025-11-01 19:00:00,원지(도),경부선,목표(결빙),37.4538,127.0488,35.0,1,13.166666666666666,12.9,13.7,0.0,60
13402,2025-11-01 20:00:00,원지(도),경부선,목표(결빙),37.4538,127.0488,35.0,1,13.03,12.0,13.6,0.0,60
13402,2025-11-01 21:00:00,원지(도),경부선,목표(결빙),37.4538,127.0488,35.0,1,12.551666666666668,11.8,13.5,0.0,60
13402,2025-11-01 22:00:00,원지(도),경부선,목표(결빙),37.4538,127.0488,35.0,1,12.165,11.3,12.7,0.0,60
13402,2025-11-01 23:00:00,원지(도),경부선,목표(결빙),37.4538,127.0488,35.0,1,12.818333333333333,11.5,14.0,0.0,60
13402,2025-11-02 00:00:00,원지(도),경부선,목표(결빙),37.4538,127.0488,35.0,2,11.014999999999999,10.2,12.1,0.0,60
13402,2025-11-02 01:00:00,원지(도),경부선,목표(결빙),37.4538,127.0488,35.0,2,10.073333333333332,9.4,10.4,0.0,60
13402,2025-11-02 02:00:00,원지(도),경부선,목표(결빙),37.4538,127.0488,35.0,2,9.281666666666666,8.6,10.2,0.0,60
13402,2025-11-02 03:00:00,원지(도),경부선,목표(결빙),37.4538,127.0488,35.0,2,8.758333333333333,8.1,9.4,0.0,60
13402,2025-11-02 04:00:00,원지(도),경부선,목표(결빙),37.4538,127.0488,35.0,2,8.823333333333332,8.4,9.3,0.0,60
13402,2025-11-02 05:00:00,원지(도),경부선,목표(결빙),37.4538,127.0488,35.0,2,8.038333333333334,7.5,8.8,0.0,60
13402,2025-11-02 06:00:00,원지(도),경부선,목표(결빙),37.4538,127.0488,35.0,2,8.381666666666666,7.8,9.5,0.0,60
13402,2025-11-02 07:00:00,원지(도),경부선,목표(결빙),37.4538,127.0488,35.0,1,9.056666666666667,8.2,10.0,0.0,60
13402,2025-11-02 08:00:00,원지(도),경부선,목표(결빙),37.4538,127.0488,35.0,1,8.656666666666666,8.1,9.3,0.0,60
13402,2025-11-02 09:00:00,원지(도),경부선,목표(결빙),37.4538,127.0488,35.0,1,10.2,9.3,11.2,0.0,60
13402,2025-11-02 10:00:00,원지(도),경부선,목표(결빙),37.4538,127.0488,35.0,1,12.911666666666667,11.2,14.9,0.0,60
13402,2025-11-02 11:00:00,원지(도),경부선,목표(결빙),37.4538,127.0488,35.0,1,16.396666666666665,14.6,18.2,0.0,60
13402,2025-11-02 12:00:00,원지(도),경부선,목표(결빙),37.4538,127.0488,35.0,1,18.765,17.8,19.6,0.0,60
13402,2025-11-02 13:00:00,원지(도),경부선,목표(결빙),37.4538,127.0488,35.0,1,19.696666666666665,18.2,21.2,0.0,60
13402,2025-11-02 14:00:00,원지(도),경부선,목표(결빙),37.4538,127.0488,35.0,1,16.88,15.4,18.5,0.0,60
13402,2025-11-02 15:00:00,원지(도),경부선,목표(결빙),37.4538,127.0488,35.0,1,15.143333333333334,13.9,16.0,0.0,60
13402,2025-11-02 16:00:00,원지(도),경부선,목표(결빙),37.4538,127.0488,35.0,1,13.235000000000001,12.6,14.2,0.0,60
13402,2025-11-02 17:00:00,원지(도),경부선,목표(결빙),37.4538,127.0488,35.0,1,12.325,11.6,13.0,0.0,60
13402,2025-11-02 18:00:00,원지(도),경부선,목표(결빙),37.4538,127.0488,35.0,1,11.403333333333334,10.8,11.8,0.0,60
13402,2025-11-02 19:00:00,원지(도),경부선,목표(결빙),37.4538,127.0488,35.0,1,10.46,10.1,11.0,0.0,60
13402,2025-11-02 20:00:00,원지(도),경부선,목표(결빙),37.4538,127.0488,35.0,1,9.575,9.1,10.2,0.0,60
13402,2025-11-02 21:00:00,원지(도),경부선,목표(결빙),37.4538,127.0488,35.0,1,8.901666666666667,8.5,9.2,0.0,60
13402,2025-11-02 22:00:00,원지(도),경부선,목표(결빙),37.4538,127.0488,35.0,1,8.231666666666666,7.8,8.5,0.0,60
13402,2025-11-02 23:00:00,원지(도),경부선,목표(결빙),37.4538,127.0488,35.0,1,7.513333333333334,7.1,8.0,0.0,60
13402,2025-11-03 00:00:00,원지(도),경부선,목표(결빙),37.4538,127.0488,35.0,1,6.675,6.2,7.2,0.0,60
13402,2025-11-03 01:00:00,원지(도),경부선,목표(결빙),37.4538,127.0488,35.0,1,5.665,5.0,6.2,0.0,60
13402,2025-11-03 02:00:00,원지(도),경부선,목표(결빙),37.4538,127.0488,35.0,1,4.466666666666667,3.9,5.3,0.0,60
13402,2025-11-03 03:00:00,원지(도),경부선,목표(결빙),37.4538,127.0488,35.0,1,3.683333333333333,3.2,4.0,0.0,60
13402,2025-11-03 04:00:00,원지(도),경부선,목표(결빙),37.4538,127.0488,35.0,1,3.06,2.7,3.6,0.0,60
13402,2025-11-03 05:00:00,원지(도),경부선,목표(결빙),37.4538,127.0488,35.0,1,2.6683333333333334,2.4,3.2,0.0,60
13402,2025-11-03 06:00:00,원지(도),경부선,목표(결빙),37.4538,127.0488,35.0,1,2.421666666666667,2.0,2.8,0.0,60
13402,2025-11-03 07:00:00,원지(도),경부선,목표(결빙),37.4538,127.0488,35.0,1,2.5266666666666664,2.1,2.9,0.0,60
13402,2025-11-03 08:00:00,원지(도),경부선,목표(결빙),37.4538,127.0488,35.0,1,2.9066666666666667,2.3,4.1,0.0,60
13402,2025-11-03 09:00:00,원지(도),경부선,목표(결빙),37.4538,127.0488,35.0,1,5.941666666666666,4.1,7.6,0.0,60
13402,2025-11-03 10:00:00,원지(도),경부선,목표(결빙),37.4538,127.0488,35.0,1,9.611666666666668,7.8,11.7,0.0,60
13402,2025-11-03 11:00:00,원지(도),경부선,목표(결빙),37.4538,127.0488,35.0,1,13.45,11.6,15.3,0.0,60
13402,2025-11-03 12:00:00,원지(도),경부선,목표(결빙),37.4538,127.0488,35.0,1,16.491666666666667,15.1,17.9,0.0,60
13402,2025-11-03 13:00:00,원지(도),경부선,목표(결빙),37.4538,127.0488,35.0,1,18.796666666666667,17.7,19.8,0.0,60
13402,2025-11-03 14:00:00,원지(도),경부선,목표(결빙),37.4538,127.0488,35.0,1,18.641666666666666,16.9,19.8,0.0,60
13402,2025-11-03 15:00:00,원지(도),경부선,목표(결빙),37.4538,127.0488,35.0,1,14.546666666666665,13.5,16.9,0.0,60
13402,2025-11-03 16:00:00,원지(도),경부선,목표(결빙),37.4538,127.0488,35.0,1,13.020000000000001,12.4,13.4,0.0,60
13402,2025-11-03 17:00:00,원지(도),경부선,목표(결빙),37.4538,127.0488,35.0,1,11.258333333333333,10.2,12.5,0.0,60
13402,2025-11-03 18:00:00,원지(도),경부선,목표(결빙),37.4538,127.0488,35.0,1,11.05,10.3,11.7,0.0,60
13402,2025-11-03 19:00:00,원지(도),경부선,목표(결빙),37.4538,127.0488,35.0,1,9.891666666666667,9.1,10.8,0.0,60
13402,2025-11-03 20:00:00,원지(도),경부선,목표(결빙),37.4538,127.0488,35.0,1,8.733333333333333,7.9,9.3,0.0,60
13402,2025-11-03 21:00:00,원지(도),경부선,목표(결빙),37.4538,127.0488,35.0,1,7.755,7.1,8.5,0.0,60
13402,2025-11-03 22:00:00,원지(도),경부선,목표(결빙),37.4538,127.0488,35.0,1,7.175,6.7,7.7,0.0,60
13402,2025-11-03 23:00:00,원지(도),경부선,목표(결빙),37.4538,127.0488,35.0,1,6.635000000000001,6.2,7.1,0.0,60
13402,2025-11-04 00:00:00,원지(도),경부선,목표(결빙),37.4538,127.0488,35.0,1,6.321666666666667,5.9,6.7,0.0,60
13402,2025-11-04 01:00:00,원지(도),경부선,목표(결빙),37.4538,127.0488,35.0,1,6.336666666666667,5.6,6.9,0.0,60
13402,2025-11-04 02:00:00,원지(도),경부선,목표(결빙),37.4538,127.0488,35.0,1,5.73,5.3,6.2,0.0,60
13402,2025-11-04 03:00:00,원지(도),경부선,목표(결빙),37.4538,127.0488,35.0,1,5.763333333333334,5.4,6.6,0.0,60
13402,2025-11-04 04:00:00,원지(도),경부선,목표(결빙),37.4538,127.0488,35.0,1,5.5216666666666665,5.0,5.9,0.0,60
13402,2025-11-04 05:00:00,원지(도),경부선,목표(결빙),37.4538,127.0488,35.0,1,5.12,4.7,5.7,0.0,60
13402,2025-11-04 06:00:00,원지(도),경부선,목표(결빙),37.4538,127.0488,35.0,1,5.343333333333334,4.9,5.8,0.0,60
13402,2025-11-04 07:00:00,원지(도),경부선,목표(결빙),37.4538,127.0488,35.0,1,5.591666666666667,5.2,6.2,0.0,60
13402,2025-11-04 08:00:00,원지(도),경부선,목표(결빙),37.4538,127.0488,35.0,1,6.105,5.3,7.6,0.0,60
13402,2025-11-04 09:00:00,원지(도),경부선,목표(결빙),37.4538,127.0488,35.0,1,8.761666666666667,7.3,10.9,0.0,60
13402,2025-11-04 10:00:00,원지(도),경부선,목표(결빙),37.4538,127.0488,35.0,1,12.421666666666665,10.7,14.7,0.0,60
13402,2025-11-04 11:00:00,원지(도),경부선,목표(결빙),37.4538,127.0488,35.0,1,16.221666666666668,14.5,18.0,0.0,60
13402,2025-11-04 12:00:00,원지(도),경부선,목표(결빙),37.4538,127.0488,35.0,1,19.134999999999998,17.5,21.2,0.0,60
13402,2025-11-04 13:00:00,원지(도),경부선,목표(결빙),37.4538,127.0488,35.0,1,21.5,20.7,22.2,0.0,60
13402,2025-11-04 14:00:00,원지(도),경부선,목표(결빙),37.4538,127.0488,35.0,1,20.516666666666666,18.7,21.7,0.0,60
13402,2025-11-04 15:00:00,원지(도),경부선,목표(결빙),37.4538,127.0488,35.0,1,16.923333333333332,15.6,18.8,0.0,60
13402,2025-11-04 16:00:00,원지(도),경부선,목표(결빙),37.4538,127.0488,35.0,1,15.915,15.4,16.6,0.0,60
13402,2025-11-04 17:00:00,원지(도),경부선,목표(결빙),37.4538,127.0488,35.0,1,14.870000000000001,13.6,15.8,0.0,60
13402,2025-11-04 18:00:00,원지(도),경부선,목표(결빙),37.4538,127.0488,35.0,1,13.253333333333334,12.9,13.8,0.0,60
13402,2025-11-04 19:00:00,원지(도),경부선,목표(결빙),37.4538,127.0488,35.0,1,12.878333333333334,12.0,13.3,0.0,60
13402,2025-11-04 20:00:00,원지(도),경부선,목표(결빙),37.4538,127.0488,35.0,1,11.576666666666666,10.9,12.6,0.0,60
13402,2025-11-04 21:00:00,원지(도),경부선,목표(결빙),37.4538,127.0488,35.0,1,10.501666666666667,9.7,11.2,0.0,60
13402,2025-11-04 22:00:00,원지(도),경부선,목표(결빙),37.4538,127.0488,35.0,1,9.479999999999999,8.8,10.1,0.0,60
13402,2025-11-04 23:00:00,원지(도),경부선,목표(결빙),37.4538,127.0488,35.0,1,8.84,8.3,9.2,0.0,60
13402,2025-11-05 00:00:00,원지(도),경부선,목표(결빙),37.4538,127.0488,35.0,1,8.086666666666666,7.6,8.7,0.0,60
13402,2025-11-05 01:00:00,원지(도),경부선,목표(결빙),37.4538,127.0488,35.0,1,7.458333333333333,7.0,8.0,0.0,60
13402,2025-11-05 02:00:00,원지(도),경부선,목표(결빙),37.4538,127.0488,35.0,1,6.85,6.4,7.1,0.0,60
13402,2025-11-05 03:00:00,원지(도),경부선,목표(결빙),37.4538,127.0488,35.0,1,6.545,5.8,7.2,0.0,60
13402,2025-11-05 04:00:00,원지(도),경부선,목표(결빙),37.4538,127.0488,35.0,1,6.208333333333333,5.6,6.6,0.0,60
13402,2025-11-05 05:00:00,원지(도),경부선,목표(결빙),37.4538,127.0488,35.0,1,5.966666666666667,5.7,6.5,0.0,60
13402,2025-11-05 06:00:00,원지(도),경부선,목표(결빙),37.4538,127.0488,35.0,1,5.958333333333333,5.5,6.4,0.0,60
13402,2025-11-05 07:00:00,원지(도),경부선,목표(결빙),37.4538,127.0488,35.0,1,6.141666666666667,5.8,6.4,0.0,60
13402,2025-11-05 08:00:00,원지(도),경부선,목표(결빙),37.4538,127.0488,35.0,1,6.533333333333333,6.0,7.8,0.0,60
13402,2025-11-05 09:00:00,원지(도),경부선,목표(결빙),37.4538,127.0488,35.0,1,9.628333333333334,7.8,11.2,0.0,60
13402,2025-11-05 10:00:00,원지(도),경부선,목표(결빙),37.4538,127.0488,35.0,1,13.061666666666667,11.3,14.9,0.0,60
13402,2025-11-05 11:00:00,원지(도),경부선,목표(결빙),37.4538,127.0488,35.0,1,16.918333333333333,15.2,18.9,0.0,60
13402,2025-11-05 12:00:00,원지(도),경부선,목표(결빙),37.4538,127.0488,35.0,1,19.790000000000003,18.6,21.0,0.0,60
13402,2025-11-05 13:00:00,원지(도),경부선,목표(결빙),37.4538,127.0488,35.0,1,21.68166666666667,20.7,22.4,0.0,60
13402,2025-11-05 14:00:00,원지(도),경부선,목표(결빙),37.4538,127.0488,35.0,1,20.923333333333336,19.2,22.3,0.0,60
13402,2025-11-05 15:00:00,원지(도),경부선,목표(결빙),37.4538,127.0488,35.0,1,17.325,16.4,19.0,0.0,60
13402,2025-11-05 16:00:00,원지(도),경부선,목표(결빙),37.4538,127.0488,35.0,1,16.69,16.1,17.3,0.0,60
13402,2025-11-05 17:00:00,원지(도),경부선,목표(결빙),37.4538,127.0488,35.0,1,15.014999999999999,14.3,16.4,0.0,60
13402,2025-11-05 18:00:00,원지(도),경부선,목표(결빙),37.4538,127.0488,35.0,1,14.193333333333333,13.1,15.2,0.0,60
13402,2025-11-05 19:00:00,원지(도),경부선,목표(결빙),37.4538,127.0488,35.0,1,12.975,12.0,13.6,0.0,60
13402,2025-11-05 20:00:00,원지(도),경부선,목표(결빙),37.4538,127.0488,35.0,1,11.56,11.0,12.3,0.0,60
13402,2025-11-05 21:00:00,원지(도),경부선,목표(결빙),37.4538,127.0488,35.0,1,10.835,10.2,11.5,0.0,60
13402,2025-11-05 22:00:00,원지(도),경부선,목표(결빙),37.4538,127.0488,35.0,1,10.251666666666667,9.6,11.0,0.0,60
13402,2025-11-05 23:00:00,원지(도),경부선,목표(결빙),37.4538,127.0488,35.0,1,9.708333333333334,9.1,10.8,0.0,60
13402,2025-11-06 00:00:00,원지(도),경부선,목표(결빙),37.4538,127.0488,35.0,1,9.0,8.5,9.6,0.0,60
13402,2025-11-06 01:00:00,원지(도),경부선,목표(결빙),37.4538,127.0488,35.0,1,8.248333333333333,7.5,9.1,0.0,60
13402,2025-11-06 02:00:00,원지(도),경부선,목표(결빙),37.4538,127.0488,35.0,1,7.661666666666666,6.8,8.1,0.0,60
13402,2025-11-06 03:00:00,원지(도),경부선,목표(결빙),37.4538,127.0488,35.0,1,7.413333333333333,7.0,8.0,0.0,60
13402,2025-11-06 04:00:00,원지(도),경부선,목표(결빙),37.4538,127.0488,35.0,1,7.13,6.2,8.0,0.0,60
13402,2025-11-06 05:00:00,원지(도),경부선,목표(결빙),37.4538,127.0488,35.0,1,7.095,6.4,8.1,0.0,60
13402,2025-11-06 06:00:00,원지(도),경부선,목표(결빙),37.4538,127.0488,35.0,1,7.013333333333334,6.5,7.8,0.0,60
13402,2025-11-06 07:00:00,원지(도),경부선,목표(결빙),37.4538,127.0488,35.0,1,7.301666666666667,6.6,7.9,0.0,60
13402,2025-11-06 08:00:00,원지(도),경부선,목표(결빙),37.4538,127.0488,35.0,1,7.708333333333333,7.0,8.8,0.0,60
13402,2025-11-06 09:00:00,원지(도),경부선,목표(결빙),37.4538,127.0488,35.0,1,10.718333333333334,8.8,12.2,0.0,60
13402,2025-11-06 10:00:00,원지(도),경부선,목표(결빙),37.4538,127.0488,35.0,1,13.401666666666667,12.2,15.0,0.0,60
13402,2025-11-06 11:00:00,원지(도),경부선,목표(결빙),37.4538,127.0488,35.0,1,15.663333333333332,14.6,17.1,0.0,60
13402,2025-11-06 12:00:00,원지(도),경부선,목표(결빙),37.4538,127.0488,35.0,1,18.715,15.6,21.0,0.0,60
13402,2025-11-06 13:00:00,원지(도),경부선,목표(결빙),37.4538,127.0488,35.0,1,21.196666666666665,20.0,22.2,0.0,60
13402,2025-11-06 14:00:00,원지(도),경부선,목표(결빙),37.4538,127.0488,35.0,1,21.011666666666667,18.6,22.2,0.0,60
13402,2025-11-06 15:00:00,원지(도),경부선,목표(결빙),37.4538,127.0488,35.0,1,18.3,17.5,19.5,0.0,60
13402,2025-11-06 16:00:00,원지(도),경부선,목표(결빙),37.4538,127.0488,35.0,1,17.458333333333332,16.9,18.7,0.0,60
13402,2025-11-06 17:00:00,원지(도),경부선,목표(결빙),37.4538,127.0488,35.0,1,16.093333333333334,14.6,17.2,0.0,60
13402,2025-11-06 18:00:00,원지(도),경부선,목표(결빙),37.4538,127.0488,35.0,1,15.608333333333333,15.0,16.2,0.0,60
13402,2025-11-06 19:00:00,원지(도),경부선,목표(결빙),37.4538,127.0488,35.0,1,15.31,14.5,16.1,0.0,60
13402,2025-11-06 20:00:00,원지(도),경부선,목표(결빙),37.4538,127.0488,35.0,1,14.086666666666668,13.1,15.2,0.0,60
13402,2025-11-06 21:00:00,원지(도),경부선,목표(결빙),37.4538,127.0488,35.0,1,13.246666666666666,12.7,14.1,0.0,60
13402,2025-11-06 22:00:00,원지(도),경부선,목표(결빙),37.4538,127.0488,35.0,1,12.705,12.0,13.4,0.0,60
13402,2025-11-06 23:00:00,원지(도),경부선,목표(결빙),37.4538,127.0488,35.0,1,11.996666666666666,11.4,12.6,0.0,60
13402,2025-11-07 00:00:00,원지(도),경부선,목표(결빙),37.4538,127.0488,35.0,1,11.193333333333333,10.4,12.2,0.0,60
13402,2025-11-07 01:00:00,원지(도),경부선,목표(결빙),37.4538,127.0488,35.0,1,10.171666666666665,9.4,11.3,0.0,60
13402,2025-11-07 02:00:00,원지(도),경부선,목표(결빙),37.4538,127.0488,35.0,1,9.561666666666667,8.6,11.1,0.0,60
13402,2025-11-07 03:00:00,원지(도),경부선,목표(결빙),37.4538,127.0488,35.0,1,9.073333333333332,8.2,9.7,0.0,60
13402,2025-11-07 04:00:00,원지(도),경부선,목표(결빙),37.4538,127.0488,35.0,1,8.7,8.1,9.5,0.0,60
13402,2025-11-07 05:00:00,원지(도),경부선,목표(결빙),37.4538,127.0488,35.0,1,8.706666666666667,8.1,9.5,0.0,60
13402,2025-11-07 06:00:00,원지(도),경부선,목표(결빙),37.4538,127.0488,35.0,1,9.126666666666667,8.7,9.7,0.0,60
13402,2025-11-07 07:00:00,원지(도),경부선,목표(결빙),37.4538,127.0488,35.0,1,9.141666666666667,8.8,9.5,0.0,60
13402,2025-11-07 08:00:00,원지(도),경부선,목표(결빙),37.4538,127.0488,35.0,1,9.311666666666667,8.7,11.0,0.0,60
13402,2025-11-07 09:00:00,원지(도),경부선,목표(결빙),37.4538,127.0488,35.0,1,12.038333333333332,11.0,13.6,0.0,60
13402,2025-11-07 10:00:00,원지(도),경부선,목표(결빙),37.4538,127.0488,35.0,1,15.408333333333333,13.6,17.5,0.0,60
13402,2025-11-07 11:00:00,원지(도),경부선,목표(결빙),37.4538,127.0488,35.0,1,19.134999999999998,17.1,21.4,0.0,60
13402,2025-11-07 12:00:00,원지(도),경부선,목표(결빙),37.4538,127.0488,35.0,1,22.048333333333336,20.6,23.6,0.0,60
13402,2025-11-07 13:00:00,원지(도),경부선,목표(결빙),37.4538,127.0488,35.0,1,23.88,22.5,24.7,0.0,60
13402,2025-11-07 14:00:00,원지(도),경부선,목표(결빙),37.4538,127.0488,35.0,1,22.708333333333332,20.4,24.6,0.0,60
13402,2025-11-07 15:00:00,원지(도),경부선,목표(결빙),37.4538,127.0488,35.0,1,19.0,17.8,20.6,0.0,60
13402,2025-11-07 16:00:00,원지(도),경부선,목표(결빙),37.4538,127.0488,35.0,1,17.66166666666667,17.3,18.1,0.0,60
13402,2025-11-07 17:00:00,원지(도),경부선,목표(결빙),37.4538,127.0488,35.0,1,16.6,15.1,18.4,0.0,60
13402,2025-11-07 18:00:00,원지(도),경부선,목표(결빙),37.4538,127.0488,35.0,1,16.016666666666666,15.5,16.5,0.0,60
13402,2025-11-07 19:00:00,원지(도),경부선,목표(결빙),37.4538,127.0488,35.0,1,15.611666666666668,14.9,16.4,0.0,60
13402,2025-11-07 20:00:00,원지(도),경부선,목표(결빙),37.4538,127.0488,35.0,1,15.066666666666666,13.7,16.0,0.0,60
13402,2025-11-07 21:00:00,원지(도),경부선,목표(결빙),37.4538,127.0488,35.0,1,13.566666666666666,12.9,15.0,0.0,60
13402,2025-11-07 22:00:00,원지(도),경부선,목표(결빙),37.4538,127.0488,35.0,1,12.815,12.1,14.0,0.0,60
13402,2025-11-07 23:00:00,원지(도),경부선,목표(결빙),37.4538,127.0488,35.0,1,12.461666666666668,11.4,13.7,0.0,60
13402,2025-11-08 00:00:00,원지(도),경부선,목표(결빙),37.4538,127.0488,35.0,1,11.975,11.2,12.7,0.0,60
13402,2025-11-08 01:00:00,원지(도),경부선,목표(결빙),37.4538,127.0488,35.0,1,11.476666666666667,9.6,12.4,0.0,60
13402,2025-11-08 02:00:00,원지(도),경부선,목표(결빙),37.4538,127.0488,35.0,1,11.275,10.7,12.0,0.0,60
13402,2025-11-08 03:00:00,원지(도),경부선,목표(결빙),37.4538,127.0488,35.0,1,10.528333333333334,9.6,12.1,0.0,60
13402,2025-11-08 04:00:00,원지(도),경부선,목표(결빙),37.4538,127.0488,35.0,1,10.536666666666667,9.6,11.2,0.0,60
13402,2025-11-08 05:00:00,원지(도),경부선,목표(결빙),37.4538,127.0488,35.0,1,10.85,9.7,11.8,0.0,60
13402,2025-11-08 06:00:00,원지(도),경부선,목표(결빙),37.4538,127.0488,35.0,1,11.345,10.9,12.0,0.0,60
13402,2025-11-08 07:00:00,원지(도),경부선,목표(결빙),37.4538,127.0488,35.0,1,12.336666666666668,11.5,13.9,0.0,60
13402,2025-11-08 08:00:00,원지(도),경부선,목표(결빙),37.4538,127.0488,35.0,1,12.639999999999999,12.0,13.2,0.0,60
13402,2025-11-08 09:00:00,원지(도),경부선,목표(결빙),37.4538,127.0488,35.0,1,14.128333333333334,12.4,15.1,0.0,60
13402,2025-11-08 10:00:00,원지(도),경부선,목표(결빙),37.4538,127.0488,35.0,1,15.606666666666666,14.9,17.1,0.0,60
13402,2025-11-08 11:00:00,원지(도),경부선,목표(결빙),37.4538,127.0488,35.0,1,16.725,15.9,17.6,0.0,60
13402,2025-11-08 12:00:00,원지(도),경부선,목표(결빙),37.4538,127.0488,35.0,1,17.653333333333332,16.8,18.6,0.0,60
13402,2025-11-08 13:00:00,원지(도),경부선,목표(결빙),37.4538,127.0488,35.0,1,19.673333333333336,18.4,20.9,0.0,60
13402,2025-11-08 14:00:00,원지(도),경부선,목표(결빙),37.4538,127.0488,35.0,1,19.685,18.7,20.3,0.0,60
13402,2025-11-08 15:00:00,원지(도),경부선,목표(결빙),37.4538,127.0488,35.0,1,19.528333333333332,18.9,20.1,0.0,60
13402,2025-11-08 16:00:00,원지(도),경부선,목표(결빙),37.4538,127.0488,35.0,1,19.23,18.9,19.5,0.0,60
13402,2025-11-08 17:00:00,원지(도),경부선,목표(결빙),37.4538,127.0488,35.0,1,18.89,18.1,19.4,0.0,60
13402,2025-11-08 18:00:00,원지(도),경부선,목표(결빙),37.4538,127.0488,35.0,1,17.505,16.9,18.4,0.0,60
13402,2025-11-08 19:00:00,원지(도),경부선,목표(결빙),37.4538,127.0488,35.0,1,17.046666666666667,16.5,17.7,0.0,60
13402,2025-11-08 20:00:00,원지(도),경부선,목표(결빙),37.4538,127.0488,35.0,1,16.321666666666665,15.9,16.9,0.0,60
13402,2025-11-08 21:00:00,원지(도),경부선,목표(결빙),37.4538,127.0488,35.0,1,15.588333333333333,15.1,16.4,0.0,60
13402,2025-11-08 22:00:00,원지(도),경부선,목표(결빙),37.4538,127.0488,35.0,1,15.264999999999999,14.7,15.8,0.0,60
13402,2025-11-08 23:00:00,원지(도),경부선,목표(결빙),37.4538,127.0488,35.0,1,15.110000000000001,14.4,15.8,0.0,60
13402,2025-11-09 00:00:00,원지(도),경부선,목표(결빙),37.4538,127.0488,35.0,1,14.343333333333334,13.6,15.9,0.0,60
13402,2025-11-09 01:00:00,원지(도),경부선,목표(결빙),37.4538,127.0488,35.0,1,13.264999999999999,11.8,14.1,0.0,60
13402,2025-11-09 02:00:00,원지(도),경부선,목표(결빙),37.4538,127.0488,35.0,1,12.091666666666667,11.2,12.9,0.0,60
13402,2025-11-09 03:00:00,원지(도),경부선,목표(결빙),37.4538,127.0488,35.0,1,12.283333333333333,11.2,13.2,0.0,60
13402,2025-11-09 04:00:00,원지(도),경부선,목표(결빙),37.4538,127.0488,35.0,1,12.296666666666665,11.5,13.0,0.0,60
13402,2025-11-09 05:00:00,원지(도),경부선,목표(결빙),37.4538,127.0488,35.0,1,12.291666666666666,11.8,12.9,0.0,60
13402,2025-11-09 06:00:00,원지(도),경부선,목표(결빙),37.4538,127.0488,35.0,1,11.996666666666666,11.5,12.7,0.0,60
13402,2025-11-09 07:00:00,원지(도),경부선,목표(결빙),37.4538,127.0488,35.0,1,12.061666666666667,10.7,12.9,0.0,60
13402,2025-11-09 08:00:00,원지(도),경부선,목표(결빙),37.4538,127.0488,35.0,1,11.561666666666667,10.6,13.0,0.0,60
13402,2025-11-09 09:00:00,원지(도),경부선,목표(결빙),37.4538,127.0488,35.0,1,14.131666666666666,12.5,15.9,0.0,60
13402,2025-11-09 10:00:00,원지(도),경부선,목표(결빙),37.4538,127.0488,35.0,1,15.966666666666667,15.1,16.8,0.0,60
13402,2025-11-09 11:00:00,원지(도),경부선,목표(결빙),37.4538,127.0488,35.0,1,17.573333333333334,15.6,20.0,0.0,60
13402,2025-11-09 12:00:00,원지(도),경부선,목표(결빙),37.4538,127.0488,35.0,1,20.528333333333332,19.3,21.9,0.0,60
13402,2025-11-09 13:00:00,원지(도),경부선,목표(결빙),37.4538,127.0488,35.0,1,22.91,21.6,23.8,0.0,60
13402,2025-11-09 14:00:00,원지(도),경부선,목표(결빙),37.4538,127.0488,35.0,1,22.253333333333334,20.6,23.6,0.0,60
13402,2025-11-09 15:00:00,원지(도),경부선,목표(결빙),37.4538,127.0488,35.0,1,19.348333333333336,18.2,20.6,0.0,60
13402,2025-11-09 16:00:00,원지(도),경부선,목표(결빙),37.4538,127.0488,35.0,1,17.771666666666665,17.3,18.5,0.0,60
13402,2025-11-09 17:00:00,원지(도),경부선,목표(결빙),37.4538,127.0488,35.0,1,17.413333333333334,16.9,18.0,0.0,60
13402,2025-11-09 18:00:00,원지(도),경부선,목표(결빙),37.4538,127.0488,35.0,1,16.525,16.0,17.2,0.0,60
13402,2025-11-09 19:00:00,원지(도),경부선,목표(결빙),37.4538,127.0488,35.0,1,15.965,15.7,16.2,0.0,60
13402,2025-11-09 20:00:00,원지(도),경부선,목표(결빙),37.4538,127.0488,35.0,1,15.446666666666665,15.1,15.8,0.0,60
13402,2025-11-09 21:00:00,원지(도),경부선,목표(결빙),37.4538,127.0488,35.0,1,14.748333333333333,14.6,15.2,0.0,60
13402,2025-11-09 22:00:00,원지(도),경부선,목표(결빙),37.4538,127.0488,35.0,1,14.056666666666667,13.4,14.8,0.0,60
13402,2025-11-09 23:00:00,원지(도),경부선,목표(결빙),37.4538,127.0488,35.0,1,13.173333333333334,12.9,13.5,0.0,60
13402,2025-11-10 00:00:00,원지(도),경부선,목표(결빙),37.4538,127.0488,35.0,1,12.513333333333332,12.1,13.0,0.0,60
13402,2025-11-10 01:00:00,원지(도),경부선,목표(결빙),37.4538,127.0488,35.0,1,11.853333333333333,11.5,12.2,0.0,60
13402,2025-11-10 02:00:00,원지(도),경부선,목표(결빙),37.4538,127.0488,35.0,1,11.014999999999999,10.6,11.5,0.0,60
13402,2025-11-10 03:00:00,원지(도),경부선,목표(결빙),37.4538,127.0488,35.0,1,10.083333333333334,9.4,10.6,0.0,60
13402,2025-11-10 04:00:00,원지(도),경부선,목표(결빙),37.4538,127.0488,35.0,1,9.139999999999999,8.5,9.6,0.0,60
13402,2025-11-10 05:00:00,원지(도),경부선,목표(결빙),37.4538,127.0488,35.0,1,8.854999999999999,8.4,9.2,0.0,60
13402,2025-11-10 06:00:00,원지(도),경부선,목표(결빙),37.4538,127.0488,35.0,1,9.21,8.9,9.5,0.0,60
13402,2025-11-10 07:00:00,원지(도),경부선,목표(결빙),37.4538,127.0488,35.0,1,9.16,9.0,9.4,0.0,60
13402,2025-11-10 08:00:00,원지(도),경부선,목표(결빙),37.4538,127.0488,35.0,1,8.913333333333334,8.7,9.4,0.0,60
13402,2025-11-10 09:00:00,원지(도),경부선,목표(결빙),37.4538,127.0488,35.0,1,10.673333333333334,9.4,12.0,0.0,60
13402,2025-11-10 10:00:00,원지(도),경부선,목표(결빙),37.4538,127.0488,35.0,1,13.576666666666666,12.2,15.0,0.0,60
13402,2025-11-10 11:00:00,원지(도),경부선,목표(결빙),37.4538,127.0488,35.0,1,16.38,15.1,17.9,0.0,60
13402,2025-11-10 12:00:00,원지(도),경부선,목표(결빙),37.4538,127.0488,35.0,1,18.688333333333333,17.4,19.6,0.0,60
13402,2025-11-10 13:00:00,원지(도),경부선,목표(결빙),37.4538,127.0488,35.0,1,20.145,19.5,20.7,0.0,60
13402,2025-11-10 14:00:00,원지(도),경부선,목표(결빙),37.4538,127.0488,35.0,1,18.623333333333335,16.2,20.5,0.0,60
13402,2025-11-10 15:00:00,원지(도),경부선,목표(결빙),37.4538,127.0488,35.0,1,14.158333333333333,13.1,16.2,0.0,60
13402,2025-11-10 16:00:00,원지(도),경부선,목표(결빙),37.4538,127.0488,35.0,1,12.643333333333334,12.2,13.3,0.0,60
13402,2025-11-10 17:00:00,원지(도),경부선,목표(결빙),37.4538,127.0488,35.0,1,12.165,11.6,12.8,0.0,60
13402,2025-11-10 18:00:00,원지(도),경부선,목표(결빙),37.4538,127.0488,35.0,1,11.588333333333333,10.9,11.9,0.0,60
13402,2025-11-10 19:00:00,원지(도),경부선,목표(결빙),37.4538,127.0488,35.0,1,10.879999999999999,10.0,11.5,0.0,60
13402,2025-11-10 20:00:00,원지(도),경부선,목표(결빙),37.4538,127.0488,35.0,1,9.051666666666668,7.9,10.1,0.0,60
13402,2025-11-10 21:00:00,원지(도),경부선,목표(결빙),37.4538,127.0488,35.0,1,7.663333333333333,7.0,8.3,0.0,60
13402,2025-11-10 22:00:00,원지(도),경부선,목표(결빙),37.4538,127.0488,35.0,1,6.713333333333334,5.9,7.1,0.0,60
13402,2025-11-10 23:00:00,원지(도),경부선,목표(결빙),37.4538,127.0488,35.0,1,6.75,5.9,8.2,0.0,60
13402,2025-11-11 00:00:00,원지(도),경부선,목표(결빙),37.4538,127.0488,35.0,1,7.114999999999999,6.2,8.1,0.0,60
13402,2025-11-11 01:00:00,원지(도),경부선,목표(결빙),37.4538,127.0488,35.0,1,5.739999999999999,5.0,6.4,0.0,60
13402,2025-11-11 02:00:00,원지(도),경부선,목표(결빙),37.4538,127.0488,35.0,1,4.923333333333333,4.5,5.6,0.0,60
13402,2025-11-11 03:00:00,원지(도),경부선,목표(결빙),37.4538,127.0488,35.0,1,4.211666666666667,3.5,4.9,0.0,60
13402,2025-11-11 04:00:00,원지(도),경부선,목표(결빙),37.4538,127.0488,35.0,1,3.691666666666667,3.2,4.3,0.0,60
13402,2025-11-11 05:00:00,원지(도),경부선,목표(결빙),37.4538,127.0488,35.0,1,3.6983333333333333,3.1,4.2,0.0,60
13402,2025-11-11 06:00:00,원지(도),경부선,목표(결빙),37.4538,127.0488,35.0,1,4.364999999999999,3.9,4.8,0.0,60
13402,2025-11-11 07:00:00,원지(도),경부선,목표(결빙),37.4538,127.0488,35.0,1,4.298333333333333,4.0,4.7,0.0,60
13402,2025-11-11 08:00:00,원지(도),경부선,목표(결빙),37.4538,127.0488,35.0,1,4.21,3.8,5.0,0.0,60
13402,2025-11-11 09:00:00,원지(도),경부선,목표(결빙),37.4538,127.0488,35.0,1,7.05,4.8,9.0,0.0,60
13402,2025-11-11 10:00:00,원지(도),경부선,목표(결빙),37.4538,127.0488,35.0,1,11.004999999999999,9.0,13.1,0.0,60
13402,2025-11-11 11:00:00,원지(도),경부선,목표(결빙),37.4538,127.0488,35.0,1,14.854999999999999,13.0,16.4,0.0,60
13402,2025-11-11 12:00:00,원지(도),경부선,목표(결빙),37.4538,127.0488,35.0,1,17.745,16.2,18.9,0.0,60
13402,2025-11-11 13:00:00,원지(도),경부선,목표(결빙),37.4538,127.0488,35.0,1,19.211666666666666,18.1,19.8,0.0,60
13402,2025-11-11 14:00:00,원지(도),경부선,목표(결빙),37.4538,127.0488,35.0,1,17.715,16.3,19.1,0.0,60
13402,2025-11-11 15:00:00,원지(도),경부선,목표(결빙),37.4538,127.0488,35.0,1,16.166666666666668,15.6,16.8,0.0,60
13402,2025-11-11 16:00:00,원지(도),경부선,목표(결빙),37.4538,127.0488,35.0,1,15.763333333333332,15.2,16.2,0.0,60
13402,2025-11-11 17:00:00,원지(도),경부선,목표(결빙),37.4538,127.0488,35.0,1,14.681666666666667,13.2,15.8,0.0,60
13402,2025-11-11 18:00:00,원지(도),경부선,목표(결빙),37.4538,127.0488,35.0,1,12.386666666666667,11.7,13.4,0.0,60
13402,2025-11-11 19:00:00,원지(도),경부선,목표(결빙),37.4538,127.0488,35.0,1,11.895000000000001,10.8,12.6,0.0,60
13402,2025-11-11 20:00:00,원지(도),경부선,목표(결빙),37.4538,127.0488,35.0,1,10.535,9.5,12.1,0.0,60
13402,2025-11-11 21:00:00,원지(도),경부선,목표(결빙),37.4538,127.0488,35.0,1,9.438333333333333,8.5,11.1,0.0,60
13402,2025-11-11 22:00:00,원지(도),경부선,목표(결빙),37.4538,127.0488,35.0,1,8.818333333333333,7.9,9.8,0.0,60
13402,2025-11-11 23:00:00,원지(도),경부선,목표(결빙),37.4538,127.0488,35.0,1,8.43,7.2,9.8,0.0,60
13402,2025-11-12 00:00:00,원지(도),경부선,목표(결빙),37.4538,127.0488,35.0,1,7.888333333333334,7.2,8.3,0.0,60
13402,2025-11-12 01:00:00,원지(도),경부선,목표(결빙),37.4538,127.0488,35.0,1,7.158333333333333,6.1,8.2,0.0,60
13402,2025-11-12 02:00:00,원지(도),경부선,목표(결빙),37.4538,127.0488,35.0,1,6.548333333333333,6.0,6.9,0.0,60
13402,2025-11-12 03:00:00,원지(도),경부선,목표(결빙),37.4538,127.0488,35.0,1,6.383333333333334,5.9,7.0,0.0,60
13402,2025-11-12 04:00:00,원지(도),경부선,목표(결빙),37.4538,127.0488,35.0,1,5.805000000000001,5.2,6.4,0.0,60
13402,2025-11-12 05:00:00,원지(도),경부선,목표(결빙),37.4538,127.0488,35.0,1,5.475,5.0,6.0,0.0,60
13402,2025-11-12 06:00:00,원지(도),경부선,목표(결빙),37.4538,127.0488,35.0,1,5.473333333333333,5.2,5.7,0.0,60
13402,2025-11-12 07:00:00,원지(도),경부선,목표(결빙),37.4538,127.0488,35.0,1,5.701666666666667,5.3,5.9,0.0,60
13402,2025-11-12 08:00:00,원지(도),경부선,목표(결빙),37.4538,127.0488,35.0,1,5.833333333333333,5.3,6.7,0.0,60
13402,2025-11-12 09:00:00,원지(도),경부선,목표(결빙),37.4538,127.0488,35.0,1,8.533333333333333,6.6,10.6,0.0,60
13402,2025-11-12 10:00:00,원지(도),경부선,목표(결빙),37.4538,127.0488,35.0,1,12.270000000000001,10.5,14.3,0.0,60
13402,2025-11-12 11:00:00,원지(도),경부선,목표(결빙),37.4538,127.0488,35.0,1,15.958333333333334,14.1,17.8,0.0,60
13402,2025-11-12 12:00:00,원지(도),경부선,목표(결빙),37.4538,127.0488,35.0,1,18.736666666666668,17.2,20.2,0.0,60
13402,2025-11-12 13:00:00,원지(도),경부선,목표(결빙),37.4538,127.0488,35.0,1,20.478333333333335,19.5,21.2,0.0,60
13402,2025-11-12 14:00:00,원지(도),경부선,목표(결빙),37.4538,127.0488,35.0,1,19.493333333333332,17.2,21.6,0.0,60
13402,2025-11-12 15:00:00,원지(도),경부선,목표(결빙),37.4538,127.0488,35.0,1,16.185,15.2,17.6,0.0,60
13402,2025-11-12 16:00:00,원지(도),경부선,목표(결빙),37.4538,127.0488,35.0,1,15.254999999999999,14.9,15.6,0.0,60
13402,2025-11-12 17:00:00,원지(도),경부선,목표(결빙),37.4538,127.0488,35.0,1,14.531666666666666,13.5,15.4,0.0,60
13402,2025-11-12 18:00:00,원지(도),경부선,목표(결빙),37.4538,127.0488,35.0,1,14.92,14.2,15.4,0.0,60
13402,2025-11-12 19:00:00,원지(도),경부선,목표(결빙),37.4538,127.0488,35.0,1,12.931666666666667,12.0,14.5,0.0,60
13402,2025-11-12 20:00:00,원지(도),경부선,목표(결빙),37.4538,127.0488,35.0,1,11.626666666666667,10.8,12.5,0.0,60
13402,2025-11-12 21:00:00,원지(도),경부선,목표(결빙),37.4538,127.0488,35.0,1,10.446666666666665,9.8,11.3,0.0,60
13402,2025-11-12 22:00:00,원지(도),경부선,목표(결빙),37.4538,127.0488,35.0,1,9.496666666666666,8.7,10.5,0.0,60
13402,2025-11-12 23:00:00,원지(도),경부선,목표(결빙),37.4538,127.0488,35.0,1,8.74,7.8,10.3,0.0,60
13402,2025-11-13 00:00:00,원지(도),경부선,목표(결빙),37.4538,127.0488,35.0,1,7.533333333333333,6.9,8.0,0.0,60
13402,2025-11-13 01:00:00,원지(도),경부선,목표(결빙),37.4538,127.0488,35.0,1,6.658333333333333,6.0,7.3,0.0,60
13402,2025-11-13 02:00:00,원지(도),경부선,목표(결빙),37.4538,127.0488,35.0,1,6.013333333333334,5.4,6.8,0.0,60
13402,2025-11-13 03:00:00,원지(도),경부선,목표(결빙),37.4538,127.0488,35.0,1,5.598333333333333,4.9,6.4,0.0,60
13402,2025-11-13 04:00:00,원지(도),경부선,목표(결빙),37.4538,127.0488,35.0,1,5.511666666666667,4.7,6.1,0.0,60
13402,2025-11-13 05:00:00,원지(도),경부선,목표(결빙),37.4538,127.0488,35.0,1,5.6433333333333335,4.8,6.5,0.0,60
13402,2025-11-13 06:00:00,원지(도),경부선,목표(결빙),37.4538,127.0488,35.0,1,6.17,5.2,7.2,0.0,60
13402,2025-11-13 07:00:00,원지(도),경부선,목표(결빙),37.4538,127.0488,35.0,1,7.569999999999999,6.8,8.7,0.0,60
13402,2025-11-13 08:00:00,원지(도),경부선,목표(결빙),37.4538,127.0488,35.0,1,8.525,7.7,9.8,0.0,60
13402,2025-11-13 09:00:00,원지(도),경부선,목표(결빙),37.4538,127.0488,35.0,1,10.063333333333333,8.9,11.6,0.0,60
13402,2025-11-13 10:00:00,원지(도),경부선,목표(결빙),37.4538,127.0488,35.0,1,12.273333333333333,11.2,13.4,0.0,60
13402,2025-11-13 11:00:00,원지(도),경부선,목표(결빙),37.4538,127.0488,35.0,1,14.365,13.4,15.9,0.0,60
13402,2025-11-13 12:00:00,원지(도),경부선,목표(결빙),37.4538,127.0488,35.0,1,16.808333333333334,15.0,19.5,0.0,60
13402,2025-11-13 13:00:00,원지(도),경부선,목표(결빙),37.4538,127.0488,35.0,1,20.383333333333333,19.1,21.2,0.0,60
13402,2025-11-13 14:00:00,원지(도),경부선,목표(결빙),37.4538,127.0488,35.0,1,19.913333333333334,17.7,21.2,0.0,60
13402,2025-11-13 15:00:00,원지(도),경부선,목표(결빙),37.4538,127.0488,35.0,1,16.965,16.1,17.8,0.0,60
13402,2025-11-13 16:00:00,원지(도),경부선,목표(결빙),37.4538,127.0488,35.0,1,16.4,16.1,16.8,0.0,60
13402,2025-11-13 17:00:00,원지(도),경부선,목표(결빙),37.4538,127.0488,35.0,1,15.886666666666667,15.2,16.6,0.0,60
13402,2025-11-13 18:00:00,원지(도),경부선,목표(결빙),37.4538,127.0488,35.0,1,14.856666666666666,14.0,15.5,0.0,60
13402,2025-11-13 19:00:00,원지(도),경부선,목표(결빙),37.4538,127.0488,35.0,1,13.979999999999999,13.2,14.8,0.0,60
13402,2025-11-13 20:00:00,원지(도),경부선,목표(결빙),37.4538,127.0488,35.0,1,12.379999999999999,11.8,13.3,0.0,60
13402,2025-11-13 21:00:00,원지(도),경부선,목표(결빙),37.4538,127.0488,35.0,1,11.118333333333334,10.3,12.3,0.0,60
13402,2025-11-13 22:00:00,원지(도),경부선,목표(결빙),37.4538,127.0488,35.0,1,10.513333333333332,9.9,11.2,0.0,60
13402,2025-11-13 23:00:00,원지(도),경부선,목표(결빙),37.4538,127.0488,35.0,1,9.876666666666667,8.8,10.8,0.0,60
13402,2025-11-14 00:00:00,원지(도),경부선,목표(결빙),37.4538,127.0488,35.0,1,8.635,7.8,9.3,0.0,60
13402,2025-11-14 01:00:00,원지(도),경부선,목표(결빙),37.4538,127.0488,35.0,1,7.510000000000001,6.5,8.4,0.0,60
13402,2025-11-14 02:00:00,원지(도),경부선,목표(결빙),37.4538,127.0488,35.0,1,6.511666666666667,5.7,7.9,0.0,60
13402,2025-11-14 03:00:00,원지(도),경부선,목표(결빙),37.4538,127.0488,35.0,1,5.701666666666667,4.9,6.4,0.0,60
13402,2025-11-14 04:00:00,원지(도),경부선,목표(결빙),37.4538,127.0488,35.0,1,5.16,4.6,5.8,0.0,60
13402,2025-11-14 05:00:00,원지(도),경부선,목표(결빙),37.4538,127.0488,35.0,1,4.555000000000001,4.1,5.1,0.0,60
13402,2025-11-14 06:00:00,원지(도),경부선,목표(결빙),37.4538,127.0488,35.0,1,4.415,3.9,5.3,0.0,60
13402,2025-11-14 07:00:00,원지(도),경부선,목표(결빙),37.4538,127.0488,35.0,1,4.3100000000000005,3.7,4.7,0.0,60
13402,2025-11-14 08:00:00,원지(도),경부선,목표(결빙),37.4538,127.0488,35.0,1,4.4783333333333335,4.0,5.9,0.0,60
13402,2025-11-14 09:00:00,원지(도),경부선,목표(결빙),37.4538,127.0488,35.0,1,7.260000000000001,5.6,9.5,0.0,60
13402,2025-11-14 10:00:00,원지(도),경부선,목표(결빙),37.4538,127.0488,35.0,1,11.598333333333333,9.6,13.8,0.0,60
13402,2025-11-14 11:00:00,원지(도),경부선,목표(결빙),37.4538,127.0488,35.0,1,15.871666666666666,13.9,17.5,0.0,60
13402,2025-11-14 12:00:00,원지(도),경부선,목표(결빙),37.4538,127.0488,35.0,1,18.686666666666667,17.5,19.9,0.0,60
13402,2025-11-14 13:00:00,원지(도),경부선,목표(결빙),37.4538,127.0488,35.0,1,20.103333333333335,19.6,20.5,0.0,60
13402,2025-11-14 14:00:00,원지(도),경부선,목표(결빙),37.4538,127.0488,35.0,1,18.566666666666666,16.2,20.5,0.0,60
13402,2025-11-14 15:00:00,원지(도),경부선,목표(결빙),37.4538,127.0488,35.0,1,14.995000000000001,14.0,16.1,0.0,60
13402,2025-11-14 16:00:00,원지(도),경부선,목표(결빙),37.4538,127.0488,35.0,1,13.718333333333334,13.3,14.3,0.0,60
13402,2025-11-14 17:00:00,원지(도),경부선,목표(결빙),37.4538,127.0488,35.0,1,13.423333333333334,13.0,13.9,0.0,60
13402,2025-11-14 18:00:00,원지(도),경부선,목표(결빙),37.4538,127.0488,35.0,1,12.41,11.7,13.3,0.0,60
13402,2025-11-14 19:00:00,원지(도),경부선,목표(결빙),37.4538,127.0488,35.0,1,12.656666666666666,10.4,13.7,0.0,60
13402,2025-11-14 20:00:00,원지(도),경부선,목표(결빙),37.4538,127.0488,35.0,1,10.483333333333333,9.1,12.0,0.0,60
13402,2025-11-14 21:00:00,원지(도),경부선,목표(결빙),37.4538,127.0488,35.0,1,9.011666666666667,8.3,9.9,0.0,60
13402,2025-11-14 22:00:00,원지(도),경부선,목표(결빙),37.4538,127.0488,35.0,1,7.953333333333333,7.4,8.6,0.0,60
13402,2025-11-14 23:00:00,원지(도),경부선,목표(결빙),37.4538,127.0488,35.0,1,7.486666666666666,6.6,8.1,0.0,60
13402,2025-11-15 00:00:00,원지(도),경부선,목표(결빙),37.4538,127.0488,35.0,1,6.746666666666667,6.0,8.0,0.0,60
13402,2025-11-15 01:00:00,원지(도),경부선,목표(결빙),37.4538,127.0488,35.0,1,5.845,5.0,6.4,0.0,60
13402,2025-11-15 02:00:00,원지(도),경부선,목표(결빙),37.4538,127.0488,35.0,1,5.066666666666666,4.2,5.8,0.0,60
13402,2025-11-15 03:00:00,원지(도),경부선,목표(결빙),37.4538,127.0488,35.0,1,4.5,4.1,5.3,0.0,60
13402,2025-11-15 04:00:00,원지(도),경부선,목표(결빙),37.4538,127.0488,35.0,1,3.985,3.5,4.4,0.0,60
13402,2025-11-15 05:00:00,원지(도),경부선,목표(결빙),37.4538,127.0488,35.0,1,3.5933333333333333,3.2,4.1,0.0,60
13402,2025-11-15 06:00:00,원지(도),경부선,목표(결빙),37.4538,127.0488,35.0,1,3.45,3.0,3.8,0.0,60
13402,2025-11-15 07:00:00,원지(도),경부선,목표(결빙),37.4538,127.0488,35.0,1,3.5883333333333334,3.4,3.9,0.0,60
13402,2025-11-15 08:00:00,원지(도),경부선,목표(결빙),37.4538,127.0488,35.0,1,3.7216666666666667,3.4,4.1,0.0,60
13402,2025-11-15 09:00:00,원지(도),경부선,목표(결빙),37.4538,127.0488,35.0,1,6.2266666666666675,4.0,8.6,0.0,60
13402,2025-11-15 10:00:00,원지(도),경부선,목표(결빙),37.4538,127.0488,35.0,1,10.556666666666667,8.7,12.7,0.0,60
13402,2025-11-15 11:00:00,원지(도),경부선,목표(결빙),37.4538,127.0488,35.0,1,14.861666666666668,12.7,16.9,0.0,60
13402,2025-11-15 12:00:00,원지(도),경부선,목표(결빙),37.4538,127.0488,35.0,1,17.55666666666667,16.8,18.7,0.0,60
13402,2025-11-15 13:00:00,원지(도),경부선,목표(결빙),37.4538,127.0488,35.0,1,19.935,18.8,20.6,0.0,60
13402,2025-11-15 14:00:00,원지(도),경부선,목표(결빙),37.4538,127.0488,35.0,1,18.925,16.6,20.7,0.0,60
13402,2025-11-15 15:00:00,원지(도),경부선,목표(결빙),37.4538,127.0488,35.0,1,15.748333333333333,15.0,16.7,0.0,60
13402,2025-11-15 16:00:00,원지(도),경부선,목표(결빙),37.4538,127.0488,35.0,1,15.021666666666667,14.6,15.3,0.0,60
13402,2025-11-15 17:00:00,원지(도),경부선,목표(결빙),37.4538,127.0488,35.0,1,13.411666666666667,12.5,14.8,0.0,60
13402,2025-11-15 18:00:00,원지(도),경부선,목표(결빙),37.4538,127.0488,35.0,1,12.403333333333334,11.6,12.9,0.0,60
13402,2025-11-15 19:00:00,원지(도),경부선,목표(결빙),37.4538,127.0488,35.0,1,11.926666666666668,11.1,12.6,0.0,60
13402,2025-11-15 20:00:00,원지(도),경부선,목표(결빙),37.4538,127.0488,35.0,1,10.966666666666667,9.6,12.0,0.0,60
13402,2025-11-15 21:00:00,원지(도),경부선,목표(결빙),37.4538,127.0488,35.0,1,9.268333333333334,8.3,10.3,0.0,60
13402,2025-11-15 22:00:00,원지(도),경부선,목표(결빙),37.4538,127.0488,35.0,1,8.368333333333334,7.5,9.2,0.0,60
13402,2025-11-15 23:00:00,원지(도),경부선,목표(결빙),37.4538,127.0488,35.0,1,7.63,7.0,8.3,0.0,60
13402,2025-11-16 00:00:00,원지(도),경부선,목표(결빙),37.4538,127.0488,35.0,1,6.9783333333333335,5.9,7.7,0.0,60
13402,2025-11-16 01:00:00,원지(도),경부선,목표(결빙),37.4538,127.0488,35.0,1,6.239999999999999,5.0,7.3,0.0,60
13402,2025-11-16 02:00:00,원지(도),경부선,목표(결빙),37.4538,127.0488,35.0,1,5.66,4.9,6.4,0.0,60
13402,2025-11-16 03:00:00,원지(도),경부선,목표(결빙),37.4538,127.0488,35.0,1,5.428333333333333,4.8,6.4,0.0,60
13402,2025-11-16 04:00:00,원지(도),경부선,목표(결빙),37.4538,127.0488,35.0,1,5.391666666666667,5.0,6.0,0.0,60
13402,2025-11-16 05:00:00,원지(도),경부선,목표(결빙),37.4538,127.0488,35.0,1,5.005,4.0,5.9,0.0,60
13402,2025-11-16 06:00:00,원지(도),경부선,목표(결빙),37.4538,127.0488,35.0,1,4.6866666666666665,4.1,5.3,0.0,60
13402,2025-11-16 07:00:00,원지(도),경부선,목표(결빙),37.4538,127.0488,35.0,1,4.72,4.1,5.7,0.0,60
13402,2025-11-16 08:00:00,원지(도),경부선,목표(결빙),37.4538,127.0488,35.0,1,5.128333333333333,4.1,5.8,0.0,60
13402,2025-11-16 09:00:00,원지(도),경부선,목표(결빙),37.4538,127.0488,35.0,1,6.89,5.0,8.9,0.0,60
13402,2025-11-16 10:00:00,원지(도),경부선,목표(결빙),37.4538,127.0488,35.0,1,11.488333333333333,9.2,13.6,0.0,60
13402,2025-11-16 11:00:00,원지(도),경부선,목표(결빙),37.4538,127.0488,35.0,1,16.273333333333333,13.6,18.7,0.0,60
13402,2025-11-16 12:00:00,원지(도),경부선,목표(결빙),37.4538,127.0488,35.0,1,19.95,18.6,21.3,0.0,60
13402,2025-11-16 13:00:00,원지(도),경부선,목표(결빙),37.4538,127.0488,35.0,1,22.246666666666666,21.1,22.9,0.0,60
13402,2025-11-16 14:00:00,원지(도),경부선,목표(결빙),37.4538,127.0488,35.0,1,21.243333333333332,18.8,22.9,0.0,60
13402,2025-11-16 15:00:00,원지(도),경부선,목표(결빙),37.4538,127.0488,35.0,1,17.58833333333333,16.1,19.0,0.0,60
13402,2025-11-16 16:00:00,원지(도),경부선,목표(결빙),37.4538,127.0488,35.0,1,15.963333333333333,15.1,16.7,0.0,60
13402,2025-11-16 17:00:00,원지(도),경부선,목표(결빙),37.4538,127.0488,35.0,1,15.888333333333332,15.1,17.0,0.0,60
13402,2025-11-16 18:00:00,원지(도),경부선,목표(결빙),37.4538,127.0488,35.0,1,16.9,16.5,17.2,0.0,60
13402,2025-11-16 19:00:00,원지(도),경부선,목표(결빙),37.4538,127.0488,35.0,1,16.585,15.9,17.4,0.0,60
13402,2025-11-16 20:00:00,원지(도),경부선,목표(결빙),37.4538,127.0488,35.0,1,16.011666666666667,15.3,17.1,0.0,60
13402,2025-11-16 21:00:00,원지(도),경부선,목표(결빙),37.4538,127.0488,35.0,1,14.868333333333334,14.1,16.2,0.0,60
13402,2025-11-16 22:00:00,원지(도),경부선,목표(결빙),37.4538,127.0488,35.0,1,14.623333333333333,14.2,15.0,0.0,60
13402,2025-11-16 23:00:00,원지(도),경부선,목표(결빙),37.4538,127.0488,35.0,1,14.26,13.4,14.8,0.0,60
13402,2025-11-17 00:00:00,원지(도),경부선,목표(결빙),37.4538,127.0488,35.0,1,12.623333333333333,11.8,13.3,0.0,60
13402,2025-11-17 01:00:00,원지(도),경부선,목표(결빙),37.4538,127.0488,35.0,1,10.968333333333334,10.2,11.8,0.0,60
13402,2025-11-17 02:00:00,원지(도),경부선,목표(결빙),37.4538,127.0488,35.0,1,9.806666666666667,9.3,10.2,0.0,60
13402,2025-11-17 03:00:00,원지(도),경부선,목표(결빙),37.4538,127.0488,35.0,1,8.74,8.2,9.4,0.0,60
13402,2025-11-17 04:00:00,원지(도),경부선,목표(결빙),37.4538,127.0488,35.0,1,7.756666666666666,7.3,8.2,0.0,60
13402,2025-11-17 05:00:00,원지(도),경부선,목표(결빙),37.4538,127.0488,35.0,1,7.086666666666667,6.9,7.3,0.0,60
13402,2025-11-17 06:00:00,원지(도),경부선,목표(결빙),37.4538,127.0488,35.0,1,6.8516666666666675,6.7,7.1,0.0,60
13402,2025-11-17 07:00:00,원지(도),경부선,목표(결빙),37.4538,127.0488,35.0,1,7.016666666666667,6.9,7.2,0.0,60
13402,2025-11-17 08:00:00,원지(도),경부선,목표(결빙),37.4538,127.0488,35.0,1,6.79,6.6,7.0,0.0,60
13402,2025-11-17 09:00:00,원지(도),경부선,목표(결빙),37.4538,127.0488,35.0,1,7.5649999999999995,6.5,8.2,0.0,60
13402,2025-11-17 10:00:00,원지(도),경부선,목표(결빙),37.4538,127.0488,35.0,1,8.514999999999999,7.6,10.0,0.0,60
13402,2025-11-17 11:00:00,원지(도),경부선,목표(결빙),37.4538,127.0488,35.0,1,10.356666666666666,9.2,11.1,0.0,60
13402,2025-11-17 12:00:00,원지(도),경부선,목표(결빙),37.4538,127.0488,35.0,1,11.066666666666666,10.2,11.9,0.0,60
13402,2025-11-17 13:00:00,원지(도),경부선,목표(결빙),37.4538,127.0488,35.0,1,11.348333333333333,10.5,12.1,0.0,60
13402,2025-11-17 14:00:00,원지(도),경부선,목표(결빙),37.4538,127.0488,35.0,1,10.768333333333334,9.1,12.0,0.0,60
13402,2025-11-17 15:00:00,원지(도),경부선,목표(결빙),37.4538,127.0488,35.0,1,8.096666666666668,7.4,9.6,0.0,60
13402,2025-11-17 16:00:00,원지(도),경부선,목표(결빙),37.4538,127.0488,35.0,1,7.13,6.8,7.6,0.0,60
13402,2025-11-17 17:00:00,원지(도),경부선,목표(결빙),37.4538,127.0488,35.0,1,6.705,6.4,7.1,0.0,60
13402,2025-11-17 18:00:00,원지(도),경부선,목표(결빙),37.4538,127.0488,35.0,1,6.346666666666667,5.9,6.7,0.0,60
13402,2025-11-17 19:00:00,원지(도),경부선,목표(결빙),37.4538,127.0488,35.0,1,5.825,5.7,6.0,0.0,60
13402,2025-11-17 20:00:00,원지(도),경부선,목표(결빙),37.4538,127.0488,35.0,1,5.265,4.6,5.9,0.0,60
13402,2025-11-17 21:00:00,원지(도),경부선,목표(결빙),37.4538,127.0488,35.0,1,4.135,3.6,4.7,0.0,60
13402,2025-11-17 22:00:00,원지(도),경부선,목표(결빙),37.4538,127.0488,35.0,1,3.555,3.3,3.8,0.0,60
13402,2025-11-17 23:00:00,원지(도),경부선,목표(결빙),37.4538,127.0488,35.0,1,3.0483333333333333,2.7,3.4,0.0,60
13402,2025-11-18 00:00:00,원지(도),경부선,목표(결빙),37.4538,127.0488,35.0,1,2.4099999999999997,2.1,2.8,0.0,60
13402,2025-11-18 01:00:00,원지(도),경부선,목표(결빙),37.4538,127.0488,35.0,1,1.7883333333333333,1.5,2.2,0.0,60
13402,2025-11-18 02:00:00,원지(도),경부선,목표(결빙),37.4538,127.0488,35.0,1,1.4333333333333333,1.2,1.6,0.0,60
13402,2025-11-18 03:00:00,원지(도),경부선,목표(결빙),37.4538,127.0488,35.0,1,1.1083333333333334,0.9,1.3,0.0,60
13402,2025-11-18 04:00:00,원지(도),경부선,목표(결빙),37.4538,127.0488,35.0,1,0.8,0.6,0.9,0.0,60
13402,2025-11-18 05:00:00,원지(도),경부선,목표(결빙),37.4538,127.0488,35.0,1,0.5833333333333334,0.4,0.7,0.0,60
13402,2025-11-18 06:00:00,원지(도),경부선,목표(결빙),37.4538,127.0488,35.0,1,0.275,-0.1,0.5,0.3,60
13402,2025-11-18 07:00:00,원지(도),경부선,목표(결빙),37.4538,127.0488,35.0,1,0.5850000000000001,0.3,0.8,0.0,60
13402,2025-11-18 08:00:00,원지(도),경부선,목표(결빙),37.4538,127.0488,35.0,1,0.5083333333333333,0.1,0.9,0.0,60
13402,2025-11-18 09:00:00,원지(도),경부선,목표(결빙),37.4538,127.0488,35.0,1,2.4566666666666666,0.9,3.8,0.0,60
13402,2025-11-18 10:00:00,원지(도),경부선,목표(결빙),37.4538,127.0488,35.0,1,5.401666666666667,3.8,7.1,0.0,60
13402,2025-11-18 11:00:00,원지(도),경부선,목표(결빙),37.4538,127.0488,35.0,1,8.603333333333333,7.1,10.1,0.0,60
13402,2025-11-18 12:00:00,원지(도),경부선,목표(결빙),37.4538,127.0488,35.0,1,11.096666666666666,10.0,12.1,0.0,60
13402,2025-11-18 13:00:00,원지(도),경부선,목표(결빙),37.4538,127.0488,35.0,1,12.653333333333334,11.9,13.1,0.0,60
13402,2025-11-18 14:00:00,원지(도),경부선,목표(결빙),37.4538,127.0488,35.0,1,10.96,8.8,12.8,0.0,60
13402,2025-11-18 15:00:00,원지(도),경부선,목표(결빙),37.4538,127.0488,35.0,1,7.678333333333333,6.7,8.9,0.0,60
13402,2025-11-18 16:00:00,원지(도),경부선,목표(결빙),37.4538,127.0488,35.0,1,6.801666666666667,6.4,7.2,0.0,60
13402,2025-11-18 17:00:00,원지(도),경부선,목표(결빙),37.4538,127.0488,35.0,1,6.745,6.2,7.1,0.0,60
13402,2025-11-18 18:00:00,원지(도),경부선,목표(결빙),37.4538,127.0488,35.0,1,5.5,4.9,6.3,0.0,60
13402,2025-11-18 19:00:00,원지(도),경부선,목표(결빙),37.4538,127.0488,35.0,1,4.756666666666666,3.8,5.2,0.0,60
13402,2025-11-18 20:00:00,원지(도),경부선,목표(결빙),37.4538,127.0488,35.0,1,3.575,2.8,4.1,0.0,60
13402,2025-11-18 21:00:00,원지(도),경부선,목표(결빙),37.4538,127.0488,35.0,1,3.1416666666666666,2.5,4.0,0.0,60
13402,2025-11-18 22:00:00,원지(도),경부선,목표(결빙),37.4538,127.0488,35.0,1,3.2666666666666666,2.5,4.1,0.0,60
13402,2025-11-18 23:00:00,원지(도),경부선,목표(결빙),37.4538,127.0488,35.0,1,3.6266666666666665,2.8,4.0,0.0,60
13402,2025-11-19 00:00:00,원지(도),경부선,목표(결빙),37.4538,127.0488,35.0,1,3.2,2.4,3.6,0.0,60
13402,2025-11-19 01:00:00,원지(도),경부선,목표(결빙),37.4538,127.0488,35.0,1,2.31,1.8,2.8,0.0,60
13402,2025-11-19 02:00:00,원지(도),경부선,목표(결빙),37.4538,127.0488,35.0,1,1.3033333333333335,0.8,2.1,0.0,60
13402,2025-11-19 03:00:00,원지(도),경부선,목표(결빙),37.4538,127.0488,35.0,1,0.46,0.0,0.9,0.016666666666666666,60
13402,2025-11-19 04:00:00,원지(도),경부선,목표(결빙),37.4538,127.0488,35.0,1,-0.20166666666666666,-0.7,0.1,0.9,60
13402,2025-11-19 05:00:00,원지(도),경부선,목표(결빙),37.4538,127.0488,35.0,1,-0.7266666666666667,-1.1,-0.2,1.0,60
13402,2025-11-19 06:00:00,원지(도),경부선,목표(결빙),37.4538,127.0488,35.0,1,-0.9633333333333334,-1.2,-0.7,1.0,60
13402,2025-11-19 07:00:00,원지(도),경부선,목표(결빙),37.4538,127.0488,35.0,1,-0.8833333333333333,-1.2,-0.6,1.0,60
13402,2025-11-19 08:00:00,원지(도),경부선,목표(결빙),37.4538,127.0488,35.0,1,-0.89,-1.2,-0.7,1.0,60
13402,2025-11-19 09:00:00,원지(도),경부선,목표(결빙),37.4538,127.0488,35.0,1,1.32,-0.6,3.3,0.15,60
13402,2025-11-19 10:00:00,원지(도),경부선,목표(결빙),37.4538,127.0488,35.0,1,5.183333333333334,3.4,7.1,0.0,60
13402,2025-11-19 11:00:00,원지(도),경부선,목표(결빙),37.4538,127.0488,35.0,1,8.473333333333334,7.0,9.8,0.0,60
13402,2025-11-19 12:00:00,원지(도),경부선,목표(결빙),37.4538,127.0488,35.0,1,11.175,9.8,12.4,0.0,60
13402,2025-11-19 13:00:00,원지(도),경부선,목표(결빙),37.4538,127.0488,35.0,1,13.036666666666667,12.3,13.8,0.0,60
13402,2025-11-19 14:00:00,원지(도),경부선,목표(결빙),37.4538,127.0488,35.0,1,11.583333333333334,9.4,13.2,0.0,60
13402,2025-11-19 15:00:00,원지(도),경부선,목표(결빙),37.4538,127.0488,35.0,1,8.770000000000001,8.4,9.3,0.0,60
13402,2025-11-19 16:00:00,원지(도),경부선,목표(결빙),37.4538,127.0488,35.0,1,8.086666666666666,7.7,8.5,0.0,60
13402,2025-11-19 17:00:00,원지(도),경부선,목표(결빙),37.4538,127.0488,35.0,1,7.751666666666667,7.4,8.1,0.0,60
13402,2025-11-19 18:00:00,원지(도),경부선,목표(결빙),37.4538,127.0488,35.0,1,6.8933333333333335,6.2,7.5,0.0,60
13402,2025-11-19 19:00:00,원지(도),경부선,목표(결빙),37.4538,127.0488,35.0,1,6.016666666666667,5.7,6.3,0.0,60
13402,2025-11-19 20:00:00,원지(도),경부선,목표(결빙),37.4538,127.0488,35.0,1,4.736666666666666,3.9,6.2,0.0,60
13402,2025-11-19 21:00:00,원지(도),경부선,목표(결빙),37.4538,127.0488,35.0,1,3.51,3.0,4.1,0.0,60
13402,2025-11-19 22:00:00,원지(도),경부선,목표(결빙),37.4538,127.0488,35.0,1,2.76,2.2,3.3,0.0,60
13402,2025-11-19 23:00:00,원지(도),경부선,목표(결빙),37.4538,127.0488,35.0,1,2.3133333333333335,1.9,2.8,0.0,60
13402,2025-11-20 00:00:00,원지(도),경부선,목표(결빙),37.4538,127.0488,35.0,1,1.8099999999999998,1.4,2.1,0.0,60
13402,2025-11-20 01:00:00,원지(도),경부선,목표(결빙),37.4538,127.0488,35.0,1,1.3066666666666669,0.8,1.7,0.0,60
13402,2025-11-20 02:00:00,원지(도),경부선,목표(결빙),37.4538,127.0488,35.0,1,1.0316666666666667,0.8,1.4,0.0,60
13402,2025-11-20 03:00:00,원지(도),경부선,목표(결빙),37.4538,127.0488,35.0,1,1.8866666666666667,1.0,2.6,0.0,60
13402,2025-11-20 04:00:00,원지(도),경부선,목표(결빙),37.4538,127.0488,35.0,1,2.8116666666666665,2.3,3.3,0.0,60
13402,2025-11-20 05:00:00,원지(도),경부선,목표(결빙),37.4538,127.0488,35.0,1,3.43,3.1,3.9,0.0,60
13402,2025-11-20 06:00:00,원지(도),경부선,목표(결빙),37.4538,127.0488,35.0,1,4.1433333333333335,3.6,4.5,0.0,60
13402,2025-11-20 07:00:00,원지(도),경부선,목표(결빙),37.4538,127.0488,35.0,1,5.191666666666666,4.4,6.0,0.0,60
13402,2025-11-20 08:00:00,원지(도),경부선,목표(결빙),37.4538,127.0488,35.0,1,5.718333333333334,5.2,6.1,0.0,60
13402,2025-11-20 09:00:00,원지(도),경부선,목표(결빙),37.4538,127.0488,35.0,1,6.531666666666666,5.3,7.3,0.0,60
13402,2025-11-20 10:00:00,원지(도),경부선,목표(결빙),37.4538,127.0488,35.0,1,8.275,7.1,9.3,0.0,60
13402,2025-11-20 11:00:00,원지(도),경부선,목표(결빙),37.4538,127.0488,35.0,1,12.163333333333332,9.3,14.3,0.0,60
13402,2025-11-20 12:00:00,원지(도),경부선,목표(결빙),37.4538,127.0488,35.0,1,15.156666666666666,13.8,16.5,0.0,60
13402,2025-11-20 13:00:00,원지(도),경부선,목표(결빙),37.4538,127.0488,35.0,1,16.275,15.3,17.4,0.0,60
13402,2025-11-20 14:00:00,원지(도),경부선,목표(결빙),37.4538,127.0488,35.0,1,14.754999999999999,14.2,15.4,0.0,60
13402,2025-11-20 15:00:00,원지(도),경부선,목표(결빙),37.4538,127.0488,35.0,1,13.971666666666666,13.6,14.4,0.0,60
13402,2025-11-20 16:00:00,원지(도),경부선,목표(결빙),37.4538,127.0488,35.0,1,13.506666666666666,13.1,14.0,0.0,60
13402,2025-11-20 17:00:00,원지(도),경부선,목표(결빙),37.4538,127.0488,35.0,1,12.896666666666667,12.6,13.3,0.0,60
13402,2025-11-20 18:00:00,원지(도),경부선,목표(결빙),37.4538,127.0488,35.0,1,12.101666666666667,11.3,12.7,0.0,60
13402,2025-11-20 19:00:00,원지(도),경부선,목표(결빙),37.4538,127.0488,35.0,1,11.388333333333332,11.1,11.7,0.0,60
13402,2025-11-20 20:00:00,원지(도),경부선,목표(결빙),37.4538,127.0488,35.0,1,10.548333333333334,9.8,11.2,0.0,60
13402,2025-11-20 21:00:00,원지(도),경부선,목표(결빙),37.4538,127.0488,35.0,1,9.333333333333334,9.1,9.7,0.0,60
13402,2025-11-20 22:00:00,원지(도),경부선,목표(결빙),37.4538,127.0488,35.0,1,8.338333333333333,7.7,9.0,0.0,60
13402,2025-11-20 23:00:00,원지(도),경부선,목표(결빙),37.4538,127.0488,35.0,1,7.391666666666667,6.9,7.9,0.0,60
13402,2025-11-21 00:00:00,원지(도),경부선,목표(결빙),37.4538,127.0488,35.0,1,6.3933333333333335,5.6,6.9,0.0,60
13402,2025-11-21 01:00:00,원지(도),경부선,목표(결빙),37.4538,127.0488,35.0,1,5.2716666666666665,4.6,6.2,0.0,60
13402,2025-11-21 02:00:00,원지(도),경부선,목표(결빙),37.4538,127.0488,35.0,1,4.11,3.2,5.1,0.0,60
13402,2025-11-21 03:00:00,원지(도),경부선,목표(결빙),37.4538,127.0488,35.0,1,3.04,2.4,3.8,0.0,60
13402,2025-11-21 04:00:00,원지(도),경부선,목표(결빙),37.4538,127.0488,35.0,1,2.3183333333333334,2.0,2.7,0.0,60
13402,2025-11-21 05:00:00,원지(도),경부선,목표(결빙),37.4538,127.0488,35.0,1,1.87,1.5,2.2,0.0,60
13402,2025-11-21 06:00:00,원지(도),경부선,목표(결빙),37.4538,127.0488,35.0,1,1.5833333333333333,1.2,2.5,0.0,60
13402,2025-11-21 07:00:00,원지(도),경부선,목표(결빙),37.4538,127.0488,35.0,1,1.4233333333333333,0.9,1.9,0.0,60
13402,2025-11-21 08:00:00,원지(도),경부선,목표(결빙),37.4538,127.0488,35.0,1,1.275,1.0,1.7,0.0,60
13402,2025-11-21 09:00:00,원지(도),경부선,목표(결빙),37.4538,127.0488,35.0,1,3.49,1.4,5.4,0.0,60
13402,2025-11-21 10:00:00,원지(도),경부선,목표(결빙),37.4538,127.0488,35.0,1,7.588333333333334,5.5,10.1,0.0,60
13402,2025-11-21 11:00:00,원지(도),경부선,목표(결빙),37.4538,127.0488,35.0,1,12.03,10.2,13.9,0.0,60
13402,2025-11-21 12:00:00,원지(도),경부선,목표(결빙),37.4538,127.0488,35.0,1,15.486666666666668,13.9,16.6,0.0,60
13402,2025-11-21 13:00:00,원지(도),경부선,목표(결빙),37.4538,127.0488,35.0,1,17.12,16.6,17.6,0.0,60
13402,2025-11-21 14:00:00,원지(도),경부선,목표(결빙),37.4538,127.0488,35.0,1,15.621666666666666,13.3,17.2,0.0,60
13402,2025-11-21 15:00:00,원지(도),경부선,목표(결빙),37.4538,127.0488,35.0,1,12.938333333333333,12.3,13.4,0.0,60
13402,2025-11-21 16:00:00,원지(도),경부선,목표(결빙),37.4538,127.0488,35.0,1,12.805,12.3,13.4,0.0,60
13402,2025-11-21 17:00:00,원지(도),경부선,목표(결빙),37.4538,127.0488,35.0,1,12.511666666666667,12.3,12.8,0.0,60
13402,2025-11-21 18:00:00,원지(도),경부선,목표(결빙),37.4538,127.0488,35.0,1,12.295,12.1,12.6,0.0,60
13402,2025-11-21 19:00:00,원지(도),경부선,목표(결빙),37.4538,127.0488,35.0,1,11.965,11.3,12.5,0.0,60
13402,2025-11-21 20:00:00,원지(도),경부선,목표(결빙),37.4538,127.0488,35.0,1,11.596666666666666,10.7,12.3,0.0,60
13402,2025-11-21 21:00:00,원지(도),경부선,목표(결빙),37.4538,127.0488,35.0,1,11.971666666666666,11.6,12.3,0.0,60
13402,2025-11-21 22:00:00,원지(도),경부선,목표(결빙),37.4538,127.0488,35.0,1,11.965,11.5,12.3,0.0,60
13402,2025-11-21 23:00:00,원지(도),경부선,목표(결빙),37.4538,127.0488,35.0,1,10.915,9.1,12.0,0.0,60
13402,2025-11-22 00:00:00,원지(도),경부선,목표(결빙),37.4538,127.0488,35.0,1,9.556666666666667,8.7,10.5,0.0,60
13402,2025-11-22 01:00:00,원지(도),경부선,목표(결빙),37.4538,127.0488,35.0,1,9.663333333333332,8.4,10.5,0.0,60
13402,2025-11-22 02:00:00,원지(도),경부선,목표(결빙),37.4538,127.0488,35.0,1,8.208333333333334,7.2,9.3,0.0,60
13402,2025-11-22 03:00:00,원지(도),경부선,목표(결빙),37.4538,127.0488,35.0,1,7.173333333333333,5.9,8.2,0.0,60
13402,2025-11-22 04:00:00,원지(도),경부선,목표(결빙),37.4538,127.0488,35.0,1,6.375,5.2,7.5,0.0,60
13402,2025-11-22 05:00:00,원지(도),경부선,목표(결빙),37.4538,127.0488,35.0,1,5.675,5.0,6.2,0.0,60
13402,2025-11-22 06:00:00,원지(도),경부선,목표(결빙),37.4538,127.0488,35.0,1,5.3516666666666675,4.9,6.0,0.0,60
13402,2025-11-22 07:00:00,원지(도),경부선,목표(결빙),37.4538,127.0488,35.0,1,5.4,4.8,6.4,0.0,60
13402,2025-11-22 08:00:00,원지(도),경부선,목표(결빙),37.4538,127.0488,35.0,1,5.211666666666667,4.7,5.8,0.0,60
13402,2025-11-22 09:00:00,원지(도),경부선,목표(결빙),37.4538,127.0488,35.0,1,7.3100000000000005,5.4,8.4,0.0,60
13402,2025-11-22 10:00:00,원지(도),경부선,목표(결빙),37.4538,127.0488,35.0,1,9.016666666666667,8.1,10.6,0.0,60
13402,2025-11-22 11:00:00,원지(도),경부선,목표(결빙),37.4538,127.0488,35.0,1,12.626666666666667,11.2,14.5,0.0,60
13402,2025-11-22 12:00:00,원지(도),경부선,목표(결빙),37.4538,127.0488,35.0,1,16.231666666666666,13.9,18.0,0.0,60
13402,2025-11-22 13:00:00,원지(도),경부선,목표(결빙),37.4538,127.0488,35.0,1,17.743333333333332,16.6,19.0,0.0,60
13402,2025-11-22 14:00:00,원지(도),경부선,목표(결빙),37.4538,127.0488,35.0,1,15.876666666666667,15.4,16.7,0.0,60
13402,2025-11-22 15:00:00,원지(도),경부선,목표(결빙),37.4538,127.0488,35.0,1,14.176666666666668,13.5,15.6,0.0,60
13402,2025-11-22 16:00:00,원지(도),경부선,목표(결빙),37.4538,127.0488,35.0,1,13.541666666666666,13.0,14.1,0.0,60
13402,2025-11-22 17:00:00,원지(도),경부선,목표(결빙),37.4538,127.0488,35.0,1,13.168333333333333,13.0,13.4,0.0,60
13402,2025-11-22 18:00:00,원지(도),경부선,목표(결빙),37.4538,127.0488,35.0,1,11.738333333333333,10.4,13.0,0.0,60
13402,2025-11-22 19:00:00,원지(도),경부선,목표(결빙),37.4538,127.0488,35.0,1,10.751666666666667,9.9,11.4,0.0,60
13402,2025-11-22 20:00:00,원지(도),경부선,목표(결빙),37.4538,127.0488,35.0,1,9.796666666666665,8.7,11.4,0.0,60
13402,2025-11-22 21:00:00,원지(도),경부선,목표(결빙),37.4538,127.0488,35.0,1,8.74,7.8,9.3,0.0,60
13402,2025-11-22 22:00:00,원지(도),경부선,목표(결빙),37.4538,127.0488,35.0,1,8.306666666666667,7.5,9.3,0.0,60
13402,2025-11-22 23:00:00,원지(도),경부선,목표(결빙),37.4538,127.0488,35.0,1,7.6433333333333335,6.8,8.4,0.0,60
13402,2025-11-23 00:00:00,원지(도),경부선,목표(결빙),37.4538,127.0488,35.0,1,7.511666666666667,6.8,8.3,0.0,60
13402,2025-11-23 01:00:00,원지(도),경부선,목표(결빙),37.4538,127.0488,35.0,1,7.181666666666667,6.5,7.7,0.0,60
13402,2025-11-23 02:00:00,원지(도),경부선,목표(결빙),37.4538,127.0488,35.0,1,7.09,6.4,8.0,0.0,60
13402,2025-11-23 03:00:00,원지(도),경부선,목표(결빙),37.4538,127.0488,35.0,1,6.968333333333334,6.2,8.0,0.0,60
13402,2025-11-23 04:00:00,원지(도),경부선,목표(결빙),37.4538,127.0488,35.0,1,7.338333333333334,6.2,8.4,0.0,60
13402,2025-11-23 05:00:00,원지(도),경부선,목표(결빙),37.4538,127.0488,35.0,1,7.116666666666666,6.0,7.9,0.0,60
13402,2025-11-23 06:00:00,원지(도),경부선,목표(결빙),37.4538,127.0488,35.0,1,8.031666666666666,7.4,8.7,0.0,60
13402,2025-11-23 07:00:00,원지(도),경부선,목표(결빙),37.4538,127.0488,35.0,1,8.733333333333333,8.1,9.3,0.0,60
13402,2025-11-23 08:00:00,원지(도),경부선,목표(결빙),37.4538,127.0488,35.0,1,8.506666666666666,7.7,9.6,0.0,60
13402,2025-11-23 09:00:00,원지(도),경부선,목표(결빙),37.4538,127.0488,35.0,1,9.658333333333333,8.3,10.8,0.0,60
13402,2025-11-23 10:00:00,원지(도),경부선,목표(결빙),37.4538,127.0488,35.0,1,11.6,10.4,12.9,0.0,60
13402,2025-11-23 11:00:00,원지(도),경부선,목표(결빙),37.4538,127.0488,35.0,1,14.268333333333334,12.9,15.2,0.0,60
13402,2025-11-23 12:00:00,원지(도),경부선,목표(결빙),37.4538,127.0488,35.0,1,15.911666666666667,14.7,18.5,0.0,60
13402,2025-11-23 13:00:00,원지(도),경부선,목표(결빙),37.4538,127.0488,35.0,1,15.668333333333333,15.2,16.6,0.0,60
13402,2025-11-23 14:00:00,원지(도),경부선,목표(결빙),37.4538,127.0488,35.0,1,16.195,15.5,17.1,0.0,60
13402,2025-11-23 15:00:00,원지(도),경부선,목표(결빙),37.4538,127.0488,35.0,1,16.266666666666666,15.7,16.8,0.0,60
13402,2025-11-23 16:00:00,원지(도),경부선,목표(결빙),37.4538,127.0488,35.0,1,16.006666666666668,15.1,16.5,0.0,60
13402,2025-11-23 17:00:00,원지(도),경부선,목표(결빙),37.4538,127.0488,35.0,1,15.01,14.4,15.4,0.0,60
13402,2025-11-23 18:00:00,원지(도),경부선,목표(결빙),37.4538,127.0488,35.0,1,14.514999999999999,13.6,15.4,0.0,60
13402,2025-11-23 19:00:00,원지(도),경부선,목표(결빙),37.4538,127.0488,35.0,1,13.838333333333333,13.0,14.8,0.0,60
13402,2025-11-23 20:00:00,원지(도),경부선,목표(결빙),37.4538,127.0488,35.0,1,14.004999999999999,13.0,14.7,0.0,60
13402,2025-11-23 21:00:00,원지(도),경부선,목표(결빙),37.4538,127.0488,35.0,1,14.014999999999999,13.6,14.4,0.0,60
13402,2025-11-23 22:00:00,원지(도),경부선,목표(결빙),37.4538,127.0488,35.0,1,13.851666666666667,13.3,14.2,0.0,60
13402,2025-11-23 23:00:00,원지(도),경부선,목표(결빙),37.4538,127.0488,35.0,1,13.504999999999999,12.9,14.0,0.0,60
13402,2025-11-24 00:00:00,원지(도),경부선,목표(결빙),37.4538,127.0488,35.0,1,12.831666666666667,11.8,13.4,0.0,60
13402,2025-11-24 01:00:00,원지(도),경부선,목표(결빙),37.4538,127.0488,35.0,1,11.78,11.0,12.9,0.0,60
13402,2025-11-24 02:00:00,원지(도),경부선,목표(결빙),37.4538,127.0488,35.0,1,11.196666666666665,10.4,12.0,0.0,60
13402,2025-11-24 03:00:00,원지(도),경부선,목표(결빙),37.4538,127.0488,35.0,1,10.738333333333333,10.0,11.7,0.0,60
13402,2025-11-24 04:00:00,원지(도),경부선,목표(결빙),37.4538,127.0488,35.0,1,10.506666666666666,10.0,11.1,0.0,60
13402,2025-11-24 05:00:00,원지(도),경부선,목표(결빙),37.4538,127.0488,35.0,1,10.075,9.4,10.7,0.0,60
13402,2025-11-24 06:00:00,원지(도),경부선,목표(결빙),37.4538,127.0488,35.0,1,10.17,8.8,11.3,0.0,60
13402,2025-11-24 07:00:00,원지(도),경부선,목표(결빙),37.4538,127.0488,35.0,1,9.955,9.3,10.9,0.0,60
13402,2025-11-24 08:00:00,원지(도),경부선,목표(결빙),37.4538,127.0488,35.0,1,12.09,10.3,12.9,0.0,60
13402,2025-11-24 09:00:00,원지(도),경부선,목표(결빙),37.4538,127.0488,35.0,1,12.916666666666666,12.3,13.6,0.0,60
13402,2025-11-24 10:00:00,원지(도),경부선,목표(결빙),37.4538,127.0488,35.0,1,13.701666666666666,13.3,14.6,0.0,60
13402,2025-11-24 11:00:00,원지(도),경부선,목표(결빙),37.4538,127.0488,35.0,1,14.946666666666665,14.4,15.8,0.0,60
13402,2025-11-24 12:00:00,원지(도),경부선,목표(결빙),37.4538,127.0488,35.0,1,16.798333333333332,15.6,18.9,0.0,60
13402,2025-11-24 13:00:00,원지(도),경부선,목표(결빙),37.4538,127.0488,35.0,1,18.235,17.7,19.1,0.0,60
13402,2025-11-24 14:00:00,원지(도),경부선,목표(결빙),37.4538,127.0488,35.0,1,18.68166666666667,17.8,19.4,0.0,60
13402,2025-11-24 15:00:00,원지(도),경부선,목표(결빙),37.4538,127.0488,35.0,1,17.745,17.3,18.2,0.0,60
13402,2025-11-24 16:00:00,원지(도),경부선,목표(결빙),37.4538,127.0488,35.0,1,16.788333333333334,16.2,17.6,0.0,60
13402,2025-11-24 17:00:00,원지(도),경부선,목표(결빙),37.4538,127.0488,35.0,1,16.035,15.4,16.5,0.0,60
13402,2025-11-24 18:00:00,원지(도),경부선,목표(결빙),37.4538,127.0488,35.0,1,14.566666666666666,13.3,15.6,0.0,60
13402,2025-11-24 19:00:00,원지(도),경부선,목표(결빙),37.4538,127.0488,35.0,1,14.57,13.5,15.4,0.0,60
13402,2025-11-24 20:00:00,원지(도),경부선,목표(결빙),37.4538,127.0488,35.0,1,13.775,12.9,14.5,0.0,60
13402,2025-11-24 21:00:00,원지(도),경부선,목표(결빙),37.4538,127.0488,35.0,1,11.208333333333334,10.2,13.4,0.0,60
13402,2025-11-24 22:00:00,원지(도),경부선,목표(결빙),37.4538,127.0488,35.0,1,10.66,9.9,12.1,0.0,60
13402,2025-11-24 23:00:00,원지(도),경부선,목표(결빙),37.4538,127.0488,35.0,1,10.063333333333333,8.7,11.2,0.0,60
13402,2025-11-25 00:00:00,원지(도),경부선,목표(결빙),37.4538,127.0488,35.0,1,8.931666666666667,8.1,10.1,0.0,60
13402,2025-11-25 01:00:00,원지(도),경부선,목표(결빙),37.4538,127.0488,35.0,1,8.241666666666667,7.2,8.9,0.0,60
13402,2025-11-25 02:00:00,원지(도),경부선,목표(결빙),37.4538,127.0488,35.0,1,7.428333333333333,6.8,8.0,0.0,60
13402,2025-11-25 03:00:00,원지(도),경부선,목표(결빙),37.4538,127.0488,35.0,1,7.253333333333333,6.5,8.0,0.0,60
13402,2025-11-25 04:00:00,원지(도),경부선,목표(결빙),37.4538,127.0488,35.0,1,7.295,6.8,7.9,0.0,60
13402,2025-11-25 05:00:00,원지(도),경부선,목표(결빙),37.4538,127.0488,35.0,1,7.48,6.7,8.3,0.0,60
13402,2025-11-25 06:00:00,원지(도),경부선,목표(결빙),37.4538,127.0488,35.0,1,8.131666666666666,7.2,8.9,0.0,60
13402,2025-11-25 07:00:00,원지(도),경부선,목표(결빙),37.4538,127.0488,35.0,2,9.345,8.5,9.9,0.0,60
13402,2025-11-25 08:00:00,원지(도),경부선,목표(결빙),37.4538,127.0488,35.0,2,9.129999999999999,8.7,9.5,0.0,60
13402,2025-11-25 09:00:00,원지(도),경부선,목표(결빙),37.4538,127.0488,35.0,2,9.383333333333333,8.9,9.8,0.0,60
13402,2025-11-25 10:00:00,원지(도),경부선,목표(결빙),37.4538,127.0488,35.0,2,10.028333333333334,9.3,10.8,0.0,60
13402,2025-11-25 11:00:00,원지(도),경부선,목표(결빙),37.4538,127.0488,35.0,2,9.758333333333333,9.0,10.4,0.0,60
13402,2025-11-25 12:00:00,원지(도),경부선,목표(결빙),37.4538,127.0488,35.0,2,10.175,9.4,11.4,0.0,60
13402,2025-11-25 13:00:00,원지(도),경부선,목표(결빙),37.4538,127.0488,35.0,1,10.226666666666667,9.7,10.9,0.0,60
13402,2025-11-25 14:00:00,원지(도),경부선,목표(결빙),37.4538,127.0488,35.0,1,10.796666666666665,10.3,11.3,0.0,60
13402,2025-11-25 15:00:00,원지(도),경부선,목표(결빙),37.4538,127.0488,35.0,1,10.523333333333333,10.2,10.9,0.0,60
13402,2025-11-25 16:00:00,원지(도),경부선,목표(결빙),37.4538,127.0488,35.0,1,10.315,9.8,10.8,0.0,60
13402,2025-11-25 17:00:00,원지(도),경부선,목표(결빙),37.4538,127.0488,35.0,1,9.651666666666667,9.3,10.0,0.0,60
13402,2025-11-25 18:00:00,원지(도),경부선,목표(결빙),37.4538,127.0488,35.0,1,9.6,9.2,9.9,0.0,60
13402,2025-11-25 19:00:00,원지(도),경부선,목표(결빙),37.4538,127.0488,35.0,1,9.068333333333333,8.6,9.7,0.0,60
13402,2025-11-25 20:00:00,원지(도),경부선,목표(결빙),37.4538,127.0488,35.0,1,8.875,8.5,9.2,0.0,60
13402,2025-11-25 21:00:00,원지(도),경부선,목표(결빙),37.4538,127.0488,35.0,1,8.501666666666667,8.3,8.9,0.0,60
13402,2025-11-25 22:00:00,원지(도),경부선,목표(결빙),37.4538,127.0488,35.0,1,8.47,8.2,8.8,0.0,60
13402,2025-11-25 23:00:00,원지(도),경부선,목표(결빙),37.4538,127.0488,35.0,1,8.411666666666667,8.2,8.7,0.0,60
13402,2025-11-26 00:00:00,원지(도),경부선,목표(결빙),37.4538,127.0488,35.0,1,8.105,7.8,8.5,0.0,60
13402,2025-11-26 01:00:00,원지(도),경부선,목표(결빙),37.4538,127.0488,35.0,1,7.73,7.5,8.0,0.0,60
13402,2025-11-26 02:00:00,원지(도),경부선,목표(결빙),37.4538,127.0488,35.0,1,7.34,7.1,7.5,0.0,60
13402,2025-11-26 03:00:00,원지(도),경부선,목표(결빙),37.4538,127.0488,35.0,1,7.0233333333333325,6.8,7.3,0.0,60
13402,2025-11-26 04:00:00,원지(도),경부선,목표(결빙),37.4538,127.0488,35.0,1,6.841666666666667,6.5,7.3,0.0,60
13402,2025-11-26 05:00:00,원지(도),경부선,목표(결빙),37.4538,127.0488,35.0,1,7.003333333333333,6.7,7.3,0.0,60
13402,2025-11-26 06:00:00,원지(도),경부선,목표(결빙),37.4538,127.0488,35.0,1,6.208333333333333,5.4,7.2,0.0,60
13402,2025-11-26 07:00:00,원지(도),경부선,목표(결빙),37.4538,127.0488,35.0,1,4.961666666666667,4.5,5.5,0.0,60
13402,2025-11-26 08:00:00,원지(도),경부선,목표(결빙),37.4538,127.0488,35.0,1,4.41,4.2,4.7,0.0,60
13402,2025-11-26 09:00:00,원지(도),경부선,목표(결빙),37.4538,127.0488,35.0,1,5.985,4.5,7.8,0.0,60
13402,2025-11-26 10:00:00,원지(도),경부선,목표(결빙),37.4538,127.0488,35.0,1,9.223333333333333,7.8,10.5,0.0,60
13402,2025-11-26 11:00:00,원지(도),경부선,목표(결빙),37.4538,127.0488,35.0,1,12.17,10.7,13.3,0.0,60
13402,2025-11-26 12:00:00,원지(도),경부선,목표(결빙),37.4538,127.0488,35.0,1,11.978333333333333,11.5,12.7,0.0,60
13402,2025-11-26 13:00:00,원지(도),경부선,목표(결빙),37.4538,127.0488,35.0,1,13.75,11.8,16.3,0.0,60
13402,2025-11-26 14:00:00,원지(도),경부선,목표(결빙),37.4538,127.0488,35.0,1,13.883333333333333,12.8,16.4,0.0,60
13402,2025-11-26 15:00:00,원지(도),경부선,목표(결빙),37.4538,127.0488,35.0,1,12.638333333333332,12.3,13.0,0.0,60
13402,2025-11-26 16:00:00,원지(도),경부선,목표(결빙),37.4538,127.0488,35.0,1,11.798333333333334,10.9,12.4,0.0,60
13402,2025-11-26 17:00:00,원지(도),경부선,목표(결빙),37.4538,127.0488,35.0,1,10.156666666666666,9.2,11.0,0.0,60
13402,2025-11-26 18:00:00,원지(도),경부선,목표(결빙),37.4538,127.0488,35.0,1,8.7,7.8,9.4,0.0,60
13402,2025-11-26 19:00:00,원지(도),경부선,목표(결빙),37.4538,127.0488,35.0,1,7.333333333333333,6.8,7.9,0.0,60
13402,2025-11-26 20:00:00,원지(도),경부선,목표(결빙),37.4538,127.0488,35.0,1,6.4366666666666665,5.7,7.2,0.0,60
13402,2025-11-26 21:00:00,원지(도),경부선,목표(결빙),37.4538,127.0488,35.0,1,5.538333333333333,5.0,6.2,0.0,60
13402,2025-11-26 22:00:00,원지(도),경부선,목표(결빙),37.4538,127.0488,35.0,1,4.9766666666666675,4.3,5.4,0.0,60
13402,2025-11-26 23:00:00,원지(도),경부선,목표(결빙),37.4538,127.0488,35.0,1,4.675,4.1,5.7,0.0,60
13402,2025-11-27 00:00:00,원지(도),경부선,목표(결빙),37.4538,127.0488,35.0,1,3.98,3.3,4.6,0.0,60
13402,2025-11-27 01:00:00,원지(도),경부선,목표(결빙),37.4538,127.0488,35.0,1,3.3266666666666667,2.6,4.6,0.0,60
13402,2025-11-27 02:00:00,원지(도),경부선,목표(결빙),37.4538,127.0488,35.0,1,3.185,2.6,4.2,0.0,60
13402,2025-11-27 03:00:00,원지(도),경부선,목표(결빙),37.4538,127.0488,35.0,1,4.2316666666666665,3.1,5.2,0.0,60
13402,2025-11-27 04:00:00,원지(도),경부선,목표(결빙),37.4538,127.0488,35.0,1,4.703333333333333,4.1,5.4,0.0,60
13402,2025-11-27 05:00:00,원지(도),경부선,목표(결빙),37.4538,127.0488,35.0,1,5.788333333333333,5.4,6.1,0.0,60
13402,2025-11-27 06:00:00,원지(도),경부선,목표(결빙),37.4538,127.0488,35.0,1,5.858333333333333,5.6,6.1,0.0,60
13402,2025-11-27 07:00:00,원지(도),경부선,목표(결빙),37.4538,127.0488,35.0,1,6.291666666666667,5.9,6.6,0.0,60
13402,2025-11-27 08:00:00,원지(도),경부선,목표(결빙),37.4538,127.0488,35.0,1,6.626666666666667,6.2,7.1,0.0,60
13402,2025-11-27 09:00:00,원지(도),경부선,목표(결빙),37.4538,127.0488,35.0,1,7.276666666666667,6.3,7.8,0.0,60
13402,2025-11-27 10:00:00,원지(도),경부선,목표(결빙),37.4538,127.0488,35.0,1,7.17,6.5,8.0,0.0,60
13402,2025-11-27 11:00:00,원지(도),경부선,목표(결빙),37.4538,127.0488,35.0,2,7.16,6.4,8.3,0.0,60
13402,2025-11-27 12:00:00,원지(도),경부선,목표(결빙),37.4538,127.0488,35.0,2,8.08,7.5,9.0,0.0,60
13402,2025-11-27 13:00:00,원지(도),경부선,목표(결빙),37.4538,127.0488,35.0,2,9.843333333333334,9.0,11.2,0.0,60
13402,2025-11-27 14:00:00,원지(도),경부선,목표(결빙),37.4538,127.0488,35.0,2,9.241666666666667,7.8,11.2,0.0,60
13402,2025-11-27 15:00:00,원지(도),경부선,목표(결빙),37.4538,127.0488,35.0,2,8.353333333333333,7.6,9.1,0.0,60
13402,2025-11-27 16:00:00,원지(도),경부선,목표(결빙),37.4538,127.0488,35.0,2,7.8149999999999995,7.5,8.1,0.0,60
13402,2025-11-27 17:00:00,원지(도),경부선,목표(결빙),37.4538,127.0488,35.0,2,7.553333333333333,7.1,7.9,0.0,60
13402,2025-11-27 18:00:00,원지(도),경부선,목표(결빙),37.4538,127.0488,35.0,2,6.218333333333334,5.8,7.1,0.0,60
13402,2025-11-27 19:00:00,원지(도),경부선,목표(결빙),37.4538,127.0488,35.0,1,5.698333333333333,5.3,6.0,0.0,60
13402,2025-11-27 20:00:00,원지(도),경부선,목표(결빙),37.4538,127.0488,35.0,1,5.538333333333333,5.3,5.9,0.0,60
13402,2025-11-27 21:00:00,원지(도),경부선,목표(결빙),37.4538,127.0488,35.0,1,5.916666666666667,5.6,6.3,0.0,60
13402,2025-11-27 22:00:00,원지(도),경부선,목표(결빙),37.4538,127.0488,35.0,1,5.493333333333334,5.0,6.0,0.0,60
13402,2025-11-27 23:00:00,원지(도),경부선,목표(결빙),37.4538,127.0488,35.0,1,4.868333333333334,4.7,5.2,0.0,60
13402,2025-11-28 00:00:00,원지(도),경부선,목표(결빙),37.4538,127.0488,35.0,1,4.3966666666666665,4.0,4.8,0.0,60
13402,2025-11-28 01:00:00,원지(도),경부선,목표(결빙),37.4538,127.0488,35.0,1,3.7633333333333336,3.4,4.1,0.0,60
13402,2025-11-28 02:00:00,원지(도),경부선,목표(결빙),37.4538,127.0488,35.0,1,3.2416666666666667,3.1,3.4,0.0,60
13402,2025-11-28 03:00:00,원지(도),경부선,목표(결빙),37.4538,127.0488,35.0,1,2.8366666666666664,2.6,3.2,0.0,60
13402,2025-11-28 04:00:00,원지(도),경부선,목표(결빙),37.4538,127.0488,35.0,1,2.14,1.7,2.5,0.0,60
13402,2025-11-28 05:00:00,원지(도),경부선,목표(결빙),37.4538,127.0488,35.0,1,1.2183333333333333,0.9,2.1,0.0,60
13402,2025-11-28 06:00:00,원지(도),경부선,목표(결빙),37.4538,127.0488,35.0,1,0.9216666666666666,0.6,1.3,0.0,60
13402,2025-11-28 07:00:00,원지(도),경부선,목표(결빙),37.4538,127.0488,35.0,1,0.8200000000000001,0.5,1.4,0.0,60
13402,2025-11-28 08:00:00,원지(도),경부선,목표(결빙),37.4538,127.0488,35.0,1,0.6699999999999999,0.4,1.2,0.0,60
13402,2025-11-28 09:00:00,원지(도),경부선,목표(결빙),37.4538,127.0488,35.0,1,2.328333333333333,0.6,3.8,0.0,60
13402,2025-11-28 10:00:00,원지(도),경부선,목표(결빙),37.4538,127.0488,35.0,1,5.125,3.8,6.6,0.0,60
13402,2025-11-28 11:00:00,원지(도),경부선,목표(결빙),37.4538,127.0488,35.0,1,8.096666666666668,6.7,9.6,0.0,60
13402,2025-11-28 12:00:00,원지(도),경부선,목표(결빙),37.4538,127.0488,35.0,1,10.626666666666667,9.7,11.6,0.0,60
13402,2025-11-28 13:00:00,원지(도),경부선,목표(결빙),37.4538,127.0488,35.0,1,12.466666666666667,11.7,13.1,0.0,60
13402,2025-11-28 14:00:00,원지(도),경부선,목표(결빙),37.4538,127.0488,35.0,1,10.581666666666667,8.7,12.7,0.0,60
13402,2025-11-28 15:00:00,원지(도),경부선,목표(결빙),37.4538,127.0488,35.0,1,7.683333333333334,6.9,8.7,0.0,60
13402,2025-11-28 16:00:00,원지(도),경부선,목표(결빙),37.4538,127.0488,35.0,1,7.001666666666667,6.8,7.2,0.0,60
13402,2025-11-28 17:00:00,원지(도),경부선,목표(결빙),37.4538,127.0488,35.0,1,6.368333333333334,5.7,7.0,0.0,60
13402,2025-11-28 18:00:00,원지(도),경부선,목표(결빙),37.4538,127.0488,35.0,1,5.248333333333333,4.7,5.7,0.0,60
13402,2025-11-28 19:00:00,원지(도),경부선,목표(결빙),37.4538,127.0488,35.0,1,4.63,4.1,5.2,0.0,60
13402,2025-11-28 20:00:00,원지(도),경부선,목표(결빙),37.4538,127.0488,35.0,1,4.078333333333333,3.1,4.8,0.0,60
13402,2025-11-28 21:00:00,원지(도),경부선,목표(결빙),37.4538,127.0488,35.0,1,2.775,2.4,3.2,0.0,60
13402,2025-11-28 22:00:00,원지(도),경부선,목표(결빙),37.4538,127.0488,35.0,1,2.0566666666666666,1.6,2.5,0.0,60
13402,2025-11-28 23:00:00,원지(도),경부선,목표(결빙),37.4538,127.0488,35.0,1,1.7033333333333334,1.2,2.0,0.0,60
13402,2025-11-29 00:00:00,원지(도),경부선,목표(결빙),37.4538,127.0488,35.0,1,1.2333333333333334,0.8,1.6,0.0,60
13402,2025-11-29 01:00:00,원지(도),경부선,목표(결빙),37.4538,127.0488,35.0,1,0.6266666666666667,0.1,1.1,0.0,60
13402,2025-11-29 02:00:00,원지(도),경부선,목표(결빙),37.4538,127.0488,35.0,1,0.19,-0.2,0.7,0.2833333333333333,60
13402,2025-11-29 03:00:00,원지(도),경부선,목표(결빙),37.4538,127.0488,35.0,1,-0.22666666666666666,-0.5,0.2,0.9333333333333333,60
13402,2025-11-29 04:00:00,원지(도),경부선,목표(결빙),37.4538,127.0488,35.0,1,-0.33,-0.9,0.4,0.9166666666666666,60
13402,2025-11-29 05:00:00,원지(도),경부선,목표(결빙),37.4538,127.0488,35.0,1,-0.37,-0.8,0.1,0.95,60
13402,2025-11-29 06:00:00,원지(도),경부선,목표(결빙),37.4538,127.0488,35.0,1,-0.4716666666666667,-0.9,0.5,0.9166666666666666,60
13402,2025-11-29 07:00:00,원지(도),경부선,목표(결빙),37.4538,127.0488,35.0,1,1.2,0.2,1.6,0.0,60
13402,2025-11-29 08:00:00,원지(도),경부선,목표(결빙),37.4538,127.0488,35.0,1,1.4166666666666667,1.1,1.7,0.0,60
13402,2025-11-29 09:00:00,원지(도),경부선,목표(결빙),37.4538,127.0488,35.0,1,2.5633333333333335,1.6,3.8,0.0,60
13402,2025-11-29 10:00:00,원지(도),경부선,목표(결빙),37.4538,127.0488,35.0,1,5.35,3.9,6.9,0.0,60
13402,2025-11-29 11:00:00,원지(도),경부선,목표(결빙),37.4538,127.0488,35.0,1,8.656666666666666,7.0,10.4,0.0,60
13402,2025-11-29 12:00:00,원지(도),경부선,목표(결빙),37.4538,127.0488,35.0,1,11.326666666666666,10.6,12.3,0.0,60
13402,2025-11-29 13:00:00,원지(도),경부선,목표(결빙),37.4538,127.0488,35.0,1,10.643333333333334,10.5,11.0,0.0,60
13402,2025-11-29 14:00:00,원지(도),경부선,목표(결빙),37.4538,127.0488,35.0,1,10.951666666666666,10.5,11.5,0.0,60
13402,2025-11-29 15:00:00,원지(도),경부선,목표(결빙),37.4538,127.0488,35.0,1,11.764999999999999,11.3,12.0,0.0,60
13402,2025-11-29 16:00:00,원지(도),경부선,목표(결빙),37.4538,127.0488,35.0,1,11.615,11.3,11.9,0.0,60
13402,2025-11-29 17:00:00,원지(도),경부선,목표(결빙),37.4538,127.0488,35.0,1,11.241666666666667,10.9,11.5,0.0,60
13402,2025-11-29 18:00:00,원지(도),경부선,목표(결빙),37.4538,127.0488,35.0,1,11.206666666666667,11.0,11.5,0.0,60
13402,2025-11-29 19:00:00,원지(도),경부선,목표(결빙),37.4538,127.0488,35.0,1,10.843333333333334,10.7,11.1,0.0,60
13402,2025-11-29 20:00:00,원지(도),경부선,목표(결빙),37.4538,127.0488,35.0,1,10.606666666666666,9.9,11.0,0.0,60
13402,2025-11-29 21:00:00,원지(도),경부선,목표(결빙),37.4538,127.0488,35.0,1,10.731666666666666,9.9,11.6,0.0,60
13402,2025-11-29 22:00:00,원지(도),경부선,목표(결빙),37.4538,127.0488,35.0,1,11.565,11.0,11.9,0.0,60
13402,2025-11-29 23:00:00,원지(도),경부선,목표(결빙),37.4538,127.0488,35.0,1,12.173333333333334,11.2,13.0,0.0,60
13402,2025-11-30 00:00:00,원지(도),경부선,목표(결빙),37.4538,127.0488,35.0,1,12.306666666666667,11.7,12.7,0.0,60
13402,2025-11-30 01:00:00,원지(도),경부선,목표(결빙),37.4538,127.0488,35.0,1,12.076666666666666,11.6,12.4,0.0,60
13402,2025-11-30 02:00:00,원지(도),경부선,목표(결빙),37.4538,127.0488,35.0,1,11.363333333333333,10.5,12.2,0.0,60
13402,2025-11-30 03:00:00,원지(도),경부선,목표(결빙),37.4538,127.0488,35.0,1,11.206666666666667,10.2,11.6,0.0,60
13402,2025-11-30 04:00:00,원지(도),경부선,목표(결빙),37.4538,127.0488,35.0,1,10.854999999999999,8.9,11.8,0.0,60
13402,2025-11-30 05:00:00,원지(도),경부선,목표(결빙),37.4538,127.0488,35.0,14,9.273333333333333,8.3,10.4,0.0,60
13402,2025-11-30 06:00:00,원지(도),경부선,목표(결빙),37.4538,127.0488,35.0,1,9.441666666666666,8.4,10.2,0.0,60
13402,2025-11-30 07:00:00,원지(도),경부선,목표(결빙),37.4538,127.0488,35.0,1,9.233333333333333,8.5,10.1,0.0,60
13402,2025-11-30 08:00:00,원지(도),경부선,목표(결빙),37.4538,127.0488,35.0,1,9.835,8.4,11.1,0.0,60
13402,2025-11-30 09:00:00,원지(도),경부선,목표(결빙),37.4538,127.0488,35.0,1,10.796666666666665,9.6,12.5,0.0,60
13402,2025-11-30 10:00:00,원지(도),경부선,목표(결빙),37.4538,127.0488,35.0,1,12.816666666666666,11.8,13.4,0.0,60
13402,2025-11-30 11:00:00,원지(도),경부선,목표(결빙),37.4538,127.0488,35.0,1,14.476666666666667,13.3,15.3,0.0,60
13402,2025-11-30 12:00:00,원지(도),경부선,목표(결빙),37.4538,127.0488,35.0,1,15.758333333333333,15.1,16.4,0.0,60
13402,2025-11-30 13:00:00,원지(도),경부선,목표(결빙),37.4538,127.0488,35.0,1,18.225,16.2,19.7,0.0,60
13402,2025-11-30 14:00:00,원지(도),경부선,목표(결빙),37.4538,127.0488,35.0,1,18.115000000000002,17.1,19.6,0.0,60
13402,2025-11-30 15:00:00,원지(도),경부선,목표(결빙),37.4538,127.0488,35.0,1,16.956666666666667,16.3,17.8,0.0,60
13402,2025-11-30 16:00:00,원지(도),경부선,목표(결빙),37.4538,127.0488,35.0,1,16.921666666666667,16.1,17.6,0.0,60
13402,2025-11-30 17:00:00,원지(도),경부선,목표(결빙),37.4538,127.0488,35.0,1,16.128333333333334,15.6,16.8,0.0,60
13402,2025-11-30 18:00:00,원지(도),경부선,목표(결빙),37.4538,127.0488,35.0,1,15.386666666666667,14.5,15.8,0.0,60
13402,2025-11-30 19:00:00,원지(도),경부선,목표(결빙),37.4538,127.0488,35.0,1,14.92,14.4,15.2,0.0,60
13402,2025-11-30 20:00:00,원지(도),경부선,목표(결빙),37.4538,127.0488,35.0,1,14.336666666666668,13.8,14.7,0.0,60
13402,2025-11-30 21:00:00,원지(도),경부선,목표(결빙),37.4538,127.0488,35.0,1,13.95,13.6,14.2,0.0,60
13402,2025-11-30 22:00:00,원지(도),경부선,목표(결빙),37.4538,127.0488,35.0,1,13.965,13.7,14.3,0.0,60
13402,2025-11-30 23:00:00,원지(도),경부선,목표(결빙),37.4538,127.0488,35.0,1,14.155,13.8,14.4,0.0,60
13402,2025-12-01 00:00:00,원지(도),경부선,목표(결빙),37.4538,127.0488,35.0,1,13.601666666666667,13.1,13.9,0.0,60
13402,2025-12-01 01:00:00,원지(도),경부선,목표(결빙),37.4538,127.0488,35.0,1,12.483333333333333,12.0,13.2,0.0,60
13402,2025-12-01 02:00:00,원지(도),경부선,목표(결빙),37.4538,127.0488,35.0,1,11.383333333333333,10.4,12.1,0.0,60
13402,2025-12-01 03:00:00,원지(도),경부선,목표(결빙),37.4538,127.0488,35.0,1,9.863333333333333,9.1,10.6,0.0,60
13402,2025-12-01 04:00:00,원지(도),경부선,목표(결빙),37.4538,127.0488,35.0,1,8.551666666666668,7.5,9.2,0.0,60
13402,2025-12-01 05:00:00,원지(도),경부선,목표(결빙),37.4538,127.0488,35.0,1,6.846666666666667,6.0,8.2,0.0,60
13402,2025-12-01 06:00:00,원지(도),경부선,목표(결빙),37.4538,127.0488,35.0,1,5.96,5.5,6.7,0.0,60
13402,2025-12-01 07:00:00,원지(도),경부선,목표(결빙),37.4538,127.0488,35.0,1,5.876666666666667,5.1,6.6,0.0,60
13402,2025-12-01 08:00:00,원지(도),경부선,목표(결빙),37.4538,127.0488,35.0,1,6.323333333333333,6.1,6.6,0.0,60
13402,2025-12-01 09:00:00,원지(도),경부선,목표(결빙),37.4538,127.0488,35.0,1,6.878333333333333,6.3,7.7,0.0,60
13402,2025-12-01 10:00:00,원지(도),경부선,목표(결빙),37.4538,127.0488,35.0,1,8.505,7.5,9.6,0.0,60
13402,2025-12-01 11:00:00,원지(도),경부선,목표(결빙),37.4538,127.0488,35.0,1,10.785,9.5,11.9,0.0,60
13402,2025-12-01 12:00:00,원지(도),경부선,목표(결빙),37.4538,127.0488,35.0,1,13.023333333333333,11.7,14.1,0.0,60
13402,2025-12-01 13:00:00,원지(도),경부선,목표(결빙),37.4538,127.0488,35.0,1,14.901666666666667,14.1,15.4,0.0,60
13402,2025-12-01 14:00:00,원지(도),경부선,목표(결빙),37.4538,127.0488,35.0,1,12.883333333333333,11.1,14.7,0.0,60
13402,2025-12-01 15:00:00,원지(도),경부선,목표(결빙),37.4538,127.0488,35.0,1,10.141666666666667,9.5,10.9,0.0,60
13402,2025-12-01 16:00:00,원지(도),경부선,목표(결빙),37.4538,127.0488,35.0,1,9.418333333333333,9.0,9.9,0.0,60
13402,2025-12-01 17:00:00,원지(도),경부선,목표(결빙),37.4538,127.0488,35.0,1,9.07,8.8,9.3,0.0,60
13402,2025-12-01 18:00:00,원지(도),경부선,목표(결빙),37.4538,127.0488,35.0,1,7.986666666666666,7.3,8.9,0.0,60
13402,2025-12-01 19:00:00,원지(도),경부선,목표(결빙),37.4538,127.0488,35.0,1,7.376666666666667,6.0,8.2,0.0,60
13402,2025-12-01 20:00:00,원지(도),경부선,목표(결빙),37.4538,127.0488,35.0,1,5.775,5.2,6.1,0.0,60
13402,2025-12-01 21:00:00,원지(도),경부선,목표(결빙),37.4538,127.0488,35.0,1,4.98,4.3,6.2,0.0,60
13402,2025-12-01 22:00:00,원지(도),경부선,목표(결빙),37.4538,127.0488,35.0,1,4.825,4.2,5.7,0.0,60
13402,2025-12-01 23:00:00,원지(도),경부선,목표(결빙),37.4538,127.0488,35.0,1,5.114999999999999,4.7,5.5,0.0,60
13402,2025-12-02 00:00:00,원지(도),경부선,목표(결빙),37.4538,127.0488,35.0,1,4.54,4.0,4.8,0.0,60
13402,2025-12-02 01:00:00,원지(도),경부선,목표(결빙),37.4538,127.0488,35.0,1,3.81,3.3,4.2,0.0,60
13402,2025-12-02 02:00:00,원지(도),경부선,목표(결빙),37.4538,127.0488,35.0,1,3.308333333333333,3.1,3.8,0.0,60
13402,2025-12-02 03:00:00,원지(도),경부선,목표(결빙),37.4538,127.0488,35.0,1,3.4,3.1,3.8,0.0,60
13402,2025-12-02 04:00:00,원지(도),경부선,목표(결빙),37.4538,127.0488,35.0,1,3.1116666666666664,2.8,3.4,0.0,60
13402,2025-12-02 05:00:00,원지(도),경부선,목표(결빙),37.4538,127.0488,35.0,1,3.5483333333333333,2.9,3.8,0.0,60
13402,2025-12-02 06:00:00,원지(도),경부선,목표(결빙),37.4538,127.0488,35.0,1,3.365,3.1,3.6,0.0,60
13402,2025-12-02 07:00:00,원지(도),경부선,목표(결빙),37.4538,127.0488,35.0,1,3.0716666666666668,2.8,3.3,0.0,60
13402,2025-12-02 08:00:00,원지(도),경부선,목표(결빙),37.4538,127.0488,35.0,1,2.355,1.8,3.2,0.0,60
13402,2025-12-02 09:00:00,원지(도),경부선,목표(결빙),37.4538,127.0488,35.0,1,3.5016666666666665,3.0,4.3,0.0,60
13402,2025-12-02 10:00:00,원지(도),경부선,목표(결빙),37.4538,127.0488,35.0,1,5.595,4.5,6.8,0.0,60
13402,2025-12-02 11:00:00,원지(도),경부선,목표(결빙),37.4538,127.0488,35.0,1,7.855,6.8,9.1,0.0,60
13402,2025-12-02 12:00:00,원지(도),경부선,목표(결빙),37.4538,127.0488,35.0,1,9.991666666666667,9.1,10.8,0.0,60
13402,2025-12-02 13:00:00,원지(도),경부선,목표(결빙),37.4538,127.0488,35.0,1,9.488333333333333,8.2,10.7,0.0,60
13402,2025-12-02 14:00:00,원지(도),경부선,목표(결빙),37.4538,127.0488,35.0,1,7.5183333333333335,6.0,8.6,0.0,60
13402,2025-12-02 15:00:00,원지(도),경부선,목표(결빙),37.4538,127.0488,35.0,1,5.536666666666666,4.9,6.2,0.0,60
13402,2025-12-02 16:00:00,원지(도),경부선,목표(결빙),37.4538,127.0488,35.0,1,4.693333333333333,4.0,5.1,0.0,60
13402,2025-12-02 17:00:00,원지(도),경부선,목표(결빙),37.4538,127.0488,35.0,1,3.7016666666666667,3.4,4.2,0.0,60
13402,2025-12-02 18:00:00,원지(도),경부선,목표(결빙),37.4538,127.0488,35.0,1,3.0983333333333336,2.8,3.5,0.0,60
13402,2025-12-02 19:00:00,원지(도),경부선,목표(결빙),37.4538,127.0488,35.0,1,2.3616666666666664,2.0,2.9,0.0,60
13402,2025-12-02 20:00:00,원지(도),경부선,목표(결빙),37.4538,127.0488,35.0,1,1.5883333333333334,1.0,2.1,0.0,60
13402,2025-12-02 21:00:00,원지(도),경부선,목표(결빙),37.4538,127.0488,35.0,1,0.5166666666666667,0.0,1.1,0.03333333333333333,60
13402,2025-12-02 22:00:00,원지(도),경부선,목표(결빙),37.4538,127.0488,35.0,1,-0.43166666666666664,-1.0,0.1,0.9,60
13402,2025-12-02 23:00:00,원지(도),경부선,목표(결빙),37.4538,127.0488,35.0,1,-1.4033333333333333,-1.8,-1.0,1.0,60
13402,2025-12-03 00:00:00,원지(도),경부선,목표(결빙),37.4538,127.0488,35.0,1,-2.0883333333333334,-2.5,-1.6,1.0,60
13402,2025-12-03 01:00:00,원지(도),경부선,목표(결빙),37.4538,127.0488,35.0,1,-2.7666666666666666,-3.1,-2.4,1.0,60
13402,2025-12-03 02:00:00,원지(도),경부선,목표(결빙),37.4538,127.0488,35.0,1,-3.271666666666667,-3.4,-3.1,1.0,60
13402,2025-12-03 03:00:00,원지(도),경부선,목표(결빙),37.4538,127.0488,35.0,1,-3.643333333333333,-3.8,-3.3,1.0,60
13402,2025-12-03 04:00:00,원지(도),경부선,목표(결빙),37.4538,127.0488,35.0,1,-4.121666666666667,-4.3,-3.8,1.0,60
13402,2025-12-03 05:00:00,원지(도),경부선,목표(결빙),37.4538,127.0488,35.0,1,-4.4350000000000005,-4.6,-4.3,1.0,60
13402,2025-12-03 06:00:00,원지(도),경부선,목표(결빙),37.4538,127.0488,35.0,1,-4.633333333333334,-4.8,-4.5,1.0,60
13402,2025-12-03 07:00:00,원지(도),경부선,목표(결빙),37.4538,127.0488,35.0,1,-4.998333333333333,-5.2,-4.8,1.0,60
13402,2025-12-03 08:00:00,원지(도),경부선,목표(결빙),37.4538,127.0488,35.0,1,-5.183333333333334,-5.4,-4.9,1.0,60
13402,2025-12-03 09:00:00,원지(도),경부선,목표(결빙),37.4538,127.0488,35.0,1,-3.8016666666666667,-5.1,-2.3,1.0,60
13402,2025-12-03 10:00:00,원지(도),경부선,목표(결빙),37.4538,127.0488,35.0,1,-1.2366666666666668,-2.3,-0.3,1.0,60
13402,2025-12-03 11:00:00,원지(도),경부선,목표(결빙),37.4538,127.0488,35.0,1,-0.7166666666666667,-1.5,0.0,1.0,60
13402,2025-12-03 12:00:00,원지(도),경부선,목표(결빙),37.4538,127.0488,35.0,1,1.4849999999999999,-0.2,3.4,0.08333333333333333,60
13402,2025-12-03 13:00:00,원지(도),경부선,목표(결빙),37.4538,127.0488,35.0,1,4.125,3.4,4.5,0.0,60
13402,2025-12-03 14:00:00,원지(도),경부선,목표(결빙),37.4538,127.0488,35.0,1,1.7133333333333334,0.0,3.7,0.016666666666666666,60
13402,2025-12-03 15:00:00,원지(도),경부선,목표(결빙),37.4538,127.0488,35.0,1,-0.825,-1.4,-0.1,1.0,60
13402,2025-12-03 16:00:00,원지(도),경부선,목표(결빙),37.4538,127.0488,35.0,1,-1.3266666666666667,-1.6,-1.0,1.0,60
13402,2025-12-03 17:00:00,원지(도),경부선,목표(결빙),37.4538,127.0488,35.0,1,-1.5383333333333333,-1.8,-1.2,1.0,60
13402,2025-12-03 18:00:00,원지(도),경부선,목표(결빙),37.4538,127.0488,35.0,1,-1.98,-2.2,-1.5,1.0,60
13402,2025-12-03 19:00:00,원지(도),경부선,목표(결빙),37.4538,127.0488,35.0,1,-2.0533333333333332,-2.4,-1.5,1.0,60
13402,2025-12-03 20:00:00,원지(도),경부선,목표(결빙),37.4538,127.0488,35.0,1,-2.81,-3.4,-2.2,1.0,60
13402,2025-12-03 21:00:00,원지(도),경부선,목표(결빙),37.4538,127.0488,35.0,1,-3.6333333333333333,-4.0,-3.3,1.0,60
13402,2025-12-03 22:00:00,원지(도),경부선,목표(결빙),37.4538,127.0488,35.0,1,-4.033333333333333,-4.2,-3.8,1.0,60
13402,2025-12-03 23:00:00,원지(도),경부선,목표(결빙),37.4538,127.0488,35.0,1,-4.326666666666667,-4.6,-4.0,1.0,60
13402,2025-12-04 00:00:00,원지(도),경부선,목표(결빙),37.4538,127.0488,35.0,1,-4.946666666666667,-5.6,-4.3,1.0,60
13402,2025-12-04 01:00:00,원지(도),경부선,목표(결빙),37.4538,127.0488,35.0,1,-5.863333333333333,-6.2,-5.5,1.0,60
13402,2025-12-04 02:00:00,원지(도),경부선,목표(결빙),37.4538,127.0488,35.0,1,-6.451666666666667,-6.7,-6.1,1.0,60
13402,2025-12-04 03:00:00,원지(도),경부선,목표(결빙),37.4538,127.0488,35.0,1,-6.848333333333334,-7.2,-6.6,1.0,60
13402,2025-12-04 04:00:00,원지(도),경부선,목표(결빙),37.4538,127.0488,35.0,1,-7.093333333333333,-7.3,-7.0,1.0,60
13402,2025-12-04 05:00:00,원지(도),경부선,목표(결빙),37.4538,127.0488,35.0,1,-7.211666666666667,-7.5,-7.0,1.0,60
13402,2025-12-04 06:00:00,원지(도),경부선,목표(결빙),37.4538,127.0488,35.0,1,-7.2316666666666665,-7.4,-7.0,1.0,60
13402,2025-12-04 07:00:00,원지(도),경부선,목표(결빙),37.4538,127.0488,35.0,1,-7.326666666666667,-7.5,-7.2,1.0,60
13402,2025-12-04 08:00:00,원지(도),경부선,목표(결빙),37.4538,127.0488,35.0,1,-7.376666666666667,-7.6,-7.1,1.0,60
13402,2025-12-04 09:00:00,원지(도),경부선,목표(결빙),37.4538,127.0488,35.0,1,-6.193333333333333,-7.3,-4.7,1.0,60
13402,2025-12-04 10:00:00,원지(도),경부선,목표(결빙),37.4538,127.0488,35.0,1,-2.9650000000000003,-4.7,-1.3,1.0,60
13402,2025-12-04 11:00:00,원지(도),경부선,목표(결빙),37.4538,127.0488,35.0,1,0.3416666666666667,-1.3,2.0,0.45,60
13402,2025-12-04 12:00:00,원지(도),경부선,목표(결빙),37.4538,127.0488,35.0,1,3.5966666666666667,2.0,4.9,0.0,60
13402,2025-12-04 13:00:00,원지(도),경부선,목표(결빙),37.4538,127.0488,35.0,1,5.963333333333334,4.9,6.4,0.0,60
13402,2025-12-04 14:00:00,원지(도),경부선,목표(결빙),37.4538,127.0488,35.0,1,4.180000000000001,2.6,6.1,0.0,60
13402,2025-12-04 15:00:00,원지(도),경부선,목표(결빙),37.4538,127.0488,35.0,1,2.1533333333333333,1.6,3.0,0.0,60
13402,2025-12-04 16:00:00,원지(도),경부선,목표(결빙),37.4538,127.0488,35.0,1,1.6333333333333333,1.4,1.9,0.0,60
13402,2025-12-04 17:00:00,원지(도),경부선,목표(결빙),37.4538,127.0488,35.0,1,2.0183333333333335,1.6,2.3,0.0,60
13402,2025-12-04 18:00:00,원지(도),경부선,목표(결빙),37.4538,127.0488,35.0,1,2.4916666666666667,1.9,2.9,0.0,60
13402,2025-12-04 19:00:00,원지(도),경부선,목표(결빙),37.4538,127.0488,35.0,1,1.3816666666666666,-0.9,2.9,0.1,60
13402,2025-12-04 20:00:00,원지(도),경부선,목표(결빙),37.4538,127.0488,35.0,3,-1.3816666666666668,-2.5,0.0,1.0,60
13402,2025-12-04 21:00:00,원지(도),경부선,목표(결빙),37.4538,127.0488,35.0,2,0.8533333333333334,-0.9,3.4,0.2833333333333333,60
13402,2025-12-04 22:00:00,원지(도),경부선,목표(결빙),37.4538,127.0488,35.0,2,-0.375,-0.7,0.6,0.9166666666666666,60
13402,2025-12-04 23:00:00,원지(도),경부선,목표(결빙),37.4538,127.0488,35.0,2,-0.9916666666666667,-1.6,0.1,0.9833333333333333,60
13402,2025-12-05 00:00:00,원지(도),경부선,목표(결빙),37.4538,127.0488,35.0,2,-1.6216666666666666,-2.2,-0.9,1.0,60
13402,2025-12-05 01:00:00,원지(도),경부선,목표(결빙),37.4538,127.0488,35.0,2,-3.1483333333333334,-3.8,-1.6,1.0,60
13402,2025-12-05 02:00:00,원지(도),경부선,목표(결빙),37.4538,127.0488,35.0,2,-4.145,-4.5,-3.9,1.0,60
13402,2025-12-05 03:00:00,원지(도),경부선,목표(결빙),37.4538,127.0488,35.0,2,-4.6850000000000005,-4.9,-4.4,1.0,60
13402,2025-12-05 04:00:00,원지(도),경부선,목표(결빙),37.4538,127.0488,35.0,2,-5.126666666666667,-5.4,-4.8,1.0,60
13402,2025-12-05 05:00:00,원지(도),경부선,목표(결빙),37.4538,127.0488,35.0,2,-5.288333333333333,-5.5,-5.1,1.0,60
13402,2025-12-05 06:00:00,원지(도),경부선,목표(결빙),37.4538,127.0488,35.0,2,-5.746666666666667,-6.3,-5.2,1.0,60
13402,2025-12-05 07:00:00,원지(도),경부선,목표(결빙),37.4538,127.0488,35.0,2,-6.263333333333334,-6.4,-6.1,1.0,60
13402,2025-12-05 08:00:00,원지(도),경부선,목표(결빙),37.4538,127.0488,35.0,2,-6.465,-6.9,-6.2,1.0,60
13402,2025-12-05 09:00:00,원지(도),경부선,목표(결빙),37.4538,127.0488,35.0,2,-5.39,-6.7,-4.0,1.0,60
13402,2025-12-05 10:00:00,원지(도),경부선,목표(결빙),37.4538,127.0488,35.0,2,-2.315,-4.0,-1.0,1.0,60
13402,2025-12-05 11:00:00,원지(도),경부선,목표(결빙),37.4538,127.0488,35.0,2,0.23166666666666666,-1.0,1.4,0.4166666666666667,60
13402,2025-12-05 12:00:00,원지(도),경부선,목표(결빙),37.4538,127.0488,35.0,2,2.675,1.4,3.8,0.0,60
13402,2025-12-05 13:00:00,원지(도),경부선,목표(결빙),37.4538,127.0488,35.0,1,4.613333333333333,3.8,5.2,0.0,60
13402,2025-12-05 14:00:00,원지(도),경부선,목표(결빙),37.4538,127.0488,35.0,1,2.8266666666666667,1.2,4.8,0.0,60
13402,2025-12-05 15:00:00,원지(도),경부선,목표(결빙),37.4538,127.0488,35.0,1,0.8016666666666666,0.5,1.4,0.0,60
13402,2025-12-05 16:00:00,원지(도),경부선,목표(결빙),37.4538,127.0488,35.0,1,0.5666666666666667,0.2,1.0,0.0,60
13402,2025-12-05 17:00:00,원지(도),경부선,목표(결빙),37.4538,127.0488,35.0,14,0.09166666666666666,-0.3,0.7,0.5666666666666667,60
13402,2025-12-05 18:00:00,원지(도),경부선,목표(결빙),37.4538,127.0488,35.0,14,-0.5316666666666666,-1.1,-0.2,1.0,60
13402,2025-12-05 19:00:00,원지(도),경부선,목표(결빙),37.4538,127.0488,35.0,14,-1.13,-1.8,-0.5,1.0,60
13402,2025-12-05 20:00:00,원지(도),경부선,목표(결빙),37.4538,127.0488,35.0,14,-2.1866666666666665,-2.9,-1.4,1.0,60
13402,2025-12-05 21:00:00,원지(도),경부선,목표(결빙),37.4538,127.0488,35.0,14,-2.8666666666666667,-3.2,-2.5,1.0,60
13402,2025-12-05 22:00:00,원지(도),경부선,목표(결빙),37.4538,127.0488,35.0,14,-2.6233333333333335,-3.2,-2.1,1.0,60
13402,2025-12-05 23:00:00,원지(도),경부선,목표(결빙),37.4538,127.0488,35.0,14,-2.8066666666666666,-3.3,-2.3,1.0,60
13402,2025-12-06 00:00:00,원지(도),경부선,목표(결빙),37.4538,127.0488,35.0,14,-2.9066666666666667,-3.4,-2.4,1.0,60
13402,2025-12-06 01:00:00,원지(도),경부선,목표(결빙),37.4538,127.0488,35.0,14,-1.8883333333333332,-2.7,-1.2,1.0,60
13402,2025-12-06 02:00:00,원지(도),경부선,목표(결빙),37.4538,127.0488,35.0,14,-1.245,-1.7,-0.8,1.0,60
13402,2025-12-06 03:00:00,원지(도),경부선,목표(결빙),37.4538,127.0488,35.0,14,-1.04,-1.4,-0.8,1.0,60
13402,2025-12-06 04:00:00,원지(도),경부선,목표(결빙),37.4538,127.0488,35.0,14,-0.6666666666666666,-0.9,-0.4,1.0,60
13402,2025-12-06 05:00:00,원지(도),경부선,목표(결빙),37.4538,127.0488,35.0,14,-0.4583333333333333,-0.6,-0.3,1.0,60
13402,2025-12-06 06:00:00,원지(도),경부선,목표(결빙),37.4538,127.0488,35.0,14,-0.49166666666666664,-0.8,-0.2,1.0,60
13402,2025-12-06 07:00:00,원지(도),경부선,목표(결빙),37.4538,127.0488,35.0,14,-0.4583333333333333,-1.0,0.0,1.0,60
13402,2025-12-06 08:00:00,원지(도),경부선,목표(결빙),37.4538,127.0488,35.0,14,-0.056666666666666664,-0.4,0.2,0.65,60
13402,2025-12-06 09:00:00,원지(도),경부선,목표(결빙),37.4538,127.0488,35.0,14,1.0333333333333334,-0.4,2.7,0.16666666666666666,60
13402,2025-12-06 10:00:00,원지(도),경부선,목표(결빙),37.4538,127.0488,35.0,14,3.3116666666666665,2.7,3.9,0.0,60
13402,2025-12-06 11:00:00,원지(도),경부선,목표(결빙),37.4538,127.0488,35.0,1,6.2683333333333335,3.7,8.6,0.0,60
13402,2025-12-06 12:00:00,원지(도),경부선,목표(결빙),37.4538,127.0488,35.0,1,6.0216666666666665,5.5,6.8,0.0,60
13402,2025-12-06 13:00:00,원지(도),경부선,목표(결빙),37.4538,127.0488,35.0,1,7.3933333333333335,6.3,8.7,0.0,60
13402,2025-12-06 14:00:00,원지(도),경부선,목표(결빙),37.4538,127.0488,35.0,1,8.035,7.2,8.8,0.0,60
13402,2025-12-06 15:00:00,원지(도),경부선,목표(결빙),37.4538,127.0488,35.0,1,8.55,8.1,9.3,0.0,60
13402,2025-12-06 16:00:00,원지(도),경부선,목표(결빙),37.4538,127.0488,35.0,1,8.568333333333333,7.6,9.2,0.0,60
13402,2025-12-06 17:00:00,원지(도),경부선,목표(결빙),37.4538,127.0488,35.0,14,8.146666666666667,7.4,9.1,0.0,60
13402,2025-12-06 18:00:00,원지(도),경부선,목표(결빙),37.4538,127.0488,35.0,2,8.065,7.0,9.0,0.0,60
13402,2025-12-06 19:00:00,원지(도),경부선,목표(결빙),37.4538,127.0488,35.0,2,7.8566666666666665,7.2,9.4,0.0,60
13402,2025-12-06 20:00:00,원지(도),경부선,목표(결빙),37.4538,127.0488,35.0,2,7.87,6.4,8.8,0.0,60
13402,2025-12-06 21:00:00,원지(도),경부선,목표(결빙),37.4538,127.0488,35.0,2,7.63,6.3,8.5,0.0,60
13402,2025-12-06 22:00:00,원지(도),경부선,목표(결빙),37.4538,127.0488,35.0,2,7.883333333333334,6.4,8.7,0.0,60
13402,2025-12-06 23:00:00,원지(도),경부선,목표(결빙),37.4538,127.0488,35.0,2,8.12,6.8,8.8,0.0,60
13402,2025-12-07 00:00:00,원지(도),경부선,목표(결빙),37.4538,127.0488,35.0,2,6.65,6.2,7.5,0.0,60
13402,2025-12-07 01:00:00,원지(도),경부선,목표(결빙),37.4538,127.0488,35.0,2,5.763333333333334,4.7,7.0,0.0,60
13402,2025-12-07 02:00:00,원지(도),경부선,목표(결빙),37.4538,127.0488,35.0,2,5.05,4.0,6.0,0.0,60
13402,2025-12-07 03:00:00,원지(도),경부선,목표(결빙),37.4538,127.0488,35.0,2,4.383333333333334,3.3,5.4,0.0,60
13402,2025-12-07 04:00:00,원지(도),경부선,목표(결빙),37.4538,127.0488,35.0,2,3.51,3.0,4.0,0.0,60
13402,2025-12-07 05:00:00,원지(도),경부선,목표(결빙),37.4538,127.0488,35.0,2,3.3233333333333333,2.9,3.9,0.0,60
13402,2025-12-07 06:00:00,원지(도),경부선,목표(결빙),37.4538,127.0488,35.0,2,3.3400000000000003,2.7,4.0,0.0,60
13402,2025-12-07 07:00:00,원지(도),경부선,목표(결빙),37.4538,127.0488,35.0,2,3.3033333333333332,2.7,4.0,0.0,60
13402,2025-12-07 08:00:00,원지(도),경부선,목표(결빙),37.4538,127.0488,35.0,2,2.8016666666666667,2.0,3.7,0.0,60
13402,2025-12-07 09:00:00,원지(도),경부선,목표(결빙),37.4538,127.0488,35.0,2,3.6566666666666667,2.6,4.8,0.0,60
13402,2025-12-07 10:00:00,원지(도),경부선,목표(결빙),37.4538,127.0488,35.0,2,6.871666666666667,4.8,8.6,0.0,60
13402,2025-12-07 11:00:00,원지(도),경부선,목표(결빙),37.4538,127.0488,35.0,2,10.213333333333333,8.6,11.6,0.0,60
13402,2025-12-07 12:00:00,원지(도),경부선,목표(결빙),37.4538,127.0488,35.0,2,12.726666666666667,11.5,13.7,0.0,60
13402,2025-12-07 13:00:00,원지(도),경부선,목표(결빙),37.4538,127.0488,35.0,14,14.348333333333333,13.7,14.8,0.0,60
13402,2025-12-07 14:00:00,원지(도),경부선,목표(결빙),37.4538,127.0488,35.0,14,13.626666666666667,12.9,14.6,0.0,60
13402,2025-12-07 15:00:00,원지(도),경부선,목표(결빙),37.4538,127.0488,35.0,14,12.791666666666666,12.5,13.2,0.0,60
13402,2025-12-07 16:00:00,원지(도),경부선,목표(결빙),37.4538,127.0488,35.0,14,13.081666666666667,12.4,13.5,0.0,60
13402,2025-12-07 17:00:00,원지(도),경부선,목표(결빙),37.4538,127.0488,35.0,14,13.213333333333333,13.0,13.4,0.0,60
13402,2025-12-07 18:00:00,원지(도),경부선,목표(결빙),37.4538,127.0488,35.0,14,12.84,12.3,13.4,0.0,60
13402,2025-12-07 19:00:00,원지(도),경부선,목표(결빙),37.4538,127.0488,35.0,14,12.496666666666666,12.0,12.9,0.0,60
13402,2025-12-07 20:00:00,원지(도),경부선,목표(결빙),37.4538,127.0488,35.0,2,11.991666666666667,11.6,12.5,0.0,60
13402,2025-12-07 21:00:00,원지(도),경부선,목표(결빙),37.4538,127.0488,35.0,2,11.258333333333333,10.7,11.9,0.0,60
13402,2025-12-07 22:00:00,원지(도),경부선,목표(결빙),37.4538,127.0488,35.0,14,10.411666666666667,9.9,10.9,0.0,60
13402,2025-12-07 23:00:00,원지(도),경부선,목표(결빙),37.4538,127.0488,35.0,14,9.51,9.0,10.0,0.0,60
13402,2025-12-08 00:00:00,원지(도),경부선,목표(결빙),37.4538,127.0488,35.0,14,8.456666666666667,7.8,9.0,0.0,60
13402,2025-12-08 01:00:00,원지(도),경부선,목표(결빙),37.4538,127.0488,35.0,1,7.33,6.7,7.9,0.0,60
13402,2025-12-08 02:00:00,원지(도),경부선,목표(결빙),37.4538,127.0488,35.0,1,6.276666666666667,5.7,6.7,0.0,60
13402,2025-12-08 03:00:00,원지(도),경부선,목표(결빙),37.4538,127.0488,35.0,1,5.403333333333333,4.8,6.0,0.0,60
13402,2025-12-08 04:00:00,원지(도),경부선,목표(결빙),37.4538,127.0488,35.0,1,4.991666666666666,4.7,5.4,0.0,60
13402,2025-12-08 05:00:00,원지(도),경부선,목표(결빙),37.4538,127.0488,35.0,1,3.8766666666666665,3.1,4.7,0.0,60
13402,2025-12-08 06:00:00,원지(도),경부선,목표(결빙),37.4538,127.0488,35.0,14,3.655,2.8,4.4,0.0,60
13402,2025-12-08 07:00:00,원지(도),경부선,목표(결빙),37.4538,127.0488,35.0,1,4.015,3.7,4.4,0.0,60
13402,2025-12-08 08:00:00,원지(도),경부선,목표(결빙),37.4538,127.0488,35.0,1,3.8316666666666666,3.6,4.0,0.0,60
13402,2025-12-08 09:00:00,원지(도),경부선,목표(결빙),37.4538,127.0488,35.0,1,4.358333333333333,3.5,5.3,0.0,60
13402,2025-12-08 10:00:00,원지(도),경부선,목표(결빙),37.4538,127.0488,35.0,1,6.333333333333333,5.3,7.6,0.0,60
13402,2025-12-08 11:00:00,원지(도),경부선,목표(결빙),37.4538,127.0488,35.0,1,8.913333333333332,7.6,10.0,0.0,60
13402,2025-12-08 12:00:00,원지(도),경부선,목표(결빙),37.4538,127.0488,35.0,1,11.2,10.0,12.1,0.0,60
13402,2025-12-08 13:00:00,원지(도),경부선,목표(결빙),37.4538,127.0488,35.0,1,12.613333333333333,12.0,13.3,0.0,60
13402,2025-12-08 14:00:00,원지(도),경부선,목표(결빙),37.4538,127.0488,35.0,1,10.156666666666666,8.4,12.4,0.0,60
13402,2025-12-08 15:00:00,원지(도),경부선,목표(결빙),37.4538,127.0488,35.0,1,7.485,6.8,8.3,0.0,60
13402,2025-12-08 16:00:00,원지(도),경부선,목표(결빙),37.4538,127.0488,35.0,1,6.7283333333333335,6.3,7.3,0.0,60
13402,2025-12-08 17:00:00,원지(도),경부선,목표(결빙),37.4538,127.0488,35.0,1,6.291666666666667,6.1,6.5,0.0,60
13402,2025-12-08 18:00:00,원지(도),경부선,목표(결빙),37.4538,127.0488,35.0,1,5.123333333333333,4.2,6.2,0.0,60
13402,2025-12-08 19:00:00,원지(도),경부선,목표(결빙),37.4538,127.0488,35.0,1,4.411666666666666,4.0,5.0,0.0,60
13402,2025-12-08 20:00:00,원지(도),경부선,목표(결빙),37.4538,127.0488,35.0,1,3.0983333333333336,2.4,4.2,0.0,60
13402,2025-12-08 21:00:00,원지(도),경부선,목표(결빙),37.4538,127.0488,35.0,1,1.915,1.2,2.5,0.0,60
13402,2025-12-08 22:00:00,원지(도),경부선,목표(결빙),37.4538,127.0488,35.0,1,1.2366666666666668,0.7,1.7,0.0,60
13402,2025-12-08 23:00:00,원지(도),경부선,목표(결빙),37.4538,127.0488,35.0,1,0.6549999999999999,0.0,1.0,0.016666666666666666,60
13402,2025-12-09 00:00:00,원지(도),경부선,목표(결빙),37.4538,127.0488,35.0,1,-0.011666666666666665,-0.7,0.6,0.6333333333333333,60
13402,2025-12-09 01:00:00,원지(도),경부선,목표(결빙),37.4538,127.0488,35.0,1,-0.35666666666666663,-1.1,0.1,0.9666666666666667,60
13402,2025-12-09 02:00:00,원지(도),경부선,목표(결빙),37.4538,127.0488,35.0,1,-1.015,-1.5,-0.5,1.0,60
13402,2025-12-09 03:00:00,원지(도),경부선,목표(결빙),37.4538,127.0488,35.0,1,-1.4266666666666665,-1.8,-0.7,1.0,60
13402,2025-12-09 04:00:00,원지(도),경부선,목표(결빙),37.4538,127.0488,35.0,1,-1.7816666666666667,-2.5,-1.1,1.0,60
13402,2025-12-09 05:00:00,원지(도),경부선,목표(결빙),37.4538,127.0488,35.0,1,-2.06,-2.6,-1.3,1.0,60
13402,2025-12-09 06:00:00,원지(도),경부선,목표(결빙),37.4538,127.0488,35.0,1,-2.12,-2.4,-1.8,1.0,60
13402,2025-12-09 07:00:00,원지(도),경부선,목표(결빙),37.4538,127.0488,35.0,1,-2.0266666666666664,-2.4,-1.8,1.0,60
13402,2025-12-09 08:00:00,원지(도),경부선,목표(결빙),37.4538,127.0488,35.0,1,-1.9066666666666667,-2.2,-1.5,1.0,60
13402,2025-12-09 09:00:00,원지(도),경부선,목표(결빙),37.4538,127.0488,35.0,1,-0.59,-1.8,1.0,0.7333333333333333,60
13402,2025-12-09 10:00:00,원지(도),경부선,목표(결빙),37.4538,127.0488,35.0,1,3.06,1.0,5.0,0.0,60
13402,2025-12-09 11:00:00,원지(도),경부선,목표(결빙),37.4538,127.0488,35.0,1,7.0616666666666665,5.0,9.2,0.0,60
13402,2025-12-09 12:00:00,원지(도),경부선,목표(결빙),37.4538,127.0488,35.0,1,9.44,8.4,10.5,0.0,60
13402,2025-12-09 13:00:00,원지(도),경부선,목표(결빙),37.4538,127.0488,35.0,1,9.34,8.9,9.8,0.0,60
13402,2025-12-09 14:00:00,원지(도),경부선,목표(결빙),37.4538,127.0488,35.0,1,9.268333333333334,8.5,10.1,0.0,60
13402,2025-12-09 15:00:00,원지(도),경부선,목표(결빙),37.4538,127.0488,35.0,1,8.508333333333333,8.2,8.9,0.0,60
13402,2025-12-09 16:00:00,원지(도),경부선,목표(결빙),37.4538,127.0488,35.0,1,8.763333333333332,8.3,9.0,0.0,60
13402,2025-12-09 17:00:00,원지(도),경부선,목표(결빙),37.4538,127.0488,35.0,1,8.291666666666666,7.9,8.9,0.0,60
13402,2025-12-09 18:00:00,원지(도),경부선,목표(결빙),37.4538,127.0488,35.0,1,7.383333333333334,6.4,7.8,0.0,60
13402,2025-12-09 19:00:00,원지(도),경부선,목표(결빙),37.4538,127.0488,35.0,1,5.86,5.1,7.3,0.0,60
13402,2025-12-09 20:00:00,원지(도),경부선,목표(결빙),37.4538,127.0488,35.0,14,4.6433333333333335,3.8,6.1,0.0,60
13402,2025-12-09 21:00:00,원지(도),경부선,목표(결빙),37.4538,127.0488,35.0,14,3.5900000000000003,2.9,4.4,0.0,60
13402,2025-12-09 22:00:00,원지(도),경부선,목표(결빙),37.4538,127.0488,35.0,14,2.8366666666666664,2.4,3.3,0.0,60
13402,2025-12-09 23:00:00,원지(도),경부선,목표(결빙),37.4538,127.0488,35.0,14,2.4016666666666664,1.9,2.9,0.0,60
13402,2025-12-10 00:00:00,원지(도),경부선,목표(결빙),37.4538,127.0488,35.0,14,1.9366666666666668,1.4,2.4,0.0,60
13402,2025-12-10 01:00:00,원지(도),경부선,목표(결빙),37.4538,127.0488,35.0,14,1.535,0.9,2.1,0.0,60
13402,2025-12-10 02:00:00,원지(도),경부선,목표(결빙),37.4538,127.0488,35.0,14,0.925,0.4,1.5,0.0,60
13402,2025-12-10 03:00:00,원지(도),경부선,목표(결빙),37.4538,127.0488,35.0,14,1.06,0.3,1.7,0.0,60
13402,2025-12-10 04:00:00,원지(도),경부선,목표(결빙),37.4538,127.0488,35.0,14,0.8733333333333333,0.3,1.4,0.0,60
13402,2025-12-10 05:00:00,원지(도),경부선,목표(결빙),37.4538,127.0488,35.0,14,0.9433333333333334,0.4,1.3,0.0,60
13402,2025-12-10 06:00:00,원지(도),경부선,목표(결빙),37.4538,127.0488,35.0,14,0.755,0.3,1.3,0.0,60
13402,2025-12-10 07:00:00,원지(도),경부선,목표(결빙),37.4538,127.0488,35.0,14,0.8183333333333334,0.4,1.2,0.0,60
13402,2025-12-10 08:00:00,원지(도),경부선,목표(결빙),37.4538,127.0488,35.0,14,1.0733333333333335,0.7,2.3,0.0,60
13402,2025-12-10 09:00:00,원지(도),경부선,목표(결빙),37.4538,127.0488,35.0,2,3.4283333333333332,2.1,4.2,0.0,60
13402,2025-12-10 10:00:00,원지(도),경부선,목표(결빙),37.4538,127.0488,35.0,14,4.825,4.0,5.8,0.0,60
13402,2025-12-10 11:00:00,원지(도),경부선,목표(결빙),37.4538,127.0488,35.0,14,6.805000000000001,5.5,8.0,0.0,60
13402,2025-12-10 12:00:00,원지(도),경부선,목표(결빙),37.4538,127.0488,35.0,14,8.218333333333334,6.9,9.1,0.0,60
13402,2025-12-10 13:00:00,원지(도),경부선,목표(결빙),37.4538,127.0488,35.0,14,9.285,8.5,10.3,0.0,60
13402,2025-12-10 14:00:00,원지(도),경부선,목표(결빙),37.4538,127.0488,35.0,1,10.514999999999999,10.1,10.8,0.0,60
13402,2025-12-10 15:00:00,원지(도),경부선,목표(결빙),37.4538,127.0488,35.0,1,10.253333333333332,9.7,11.2,0.0,60
13402,2025-12-10 16:00:00,원지(도),경부선,목표(결빙),37.4538,127.0488,35.0,14,10.446666666666665,9.6,10.9,0.0,60
13402,2025-12-10 17:00:00,원지(도),경부선,목표(결빙),37.4538,127.0488,35.0,14,10.606666666666666,9.7,11.0,0.0,60
13402,2025-12-10 18:00:00,원지(도),경부선,목표(결빙),37.4538,127.0488,35.0,14,9.845,9.5,10.4,0.0,60
13402,2025-12-10 19:00:00,원지(도),경부선,목표(결빙),37.4538,127.0488,35.0,14,9.495000000000001,8.3,10.4,0.0,60
13402,2025-12-10 20:00:00,원지(도),경부선,목표(결빙),37.4538,127.0488,35.0,14,8.921666666666665,7.9,9.6,0.0,60
13402,2025-12-10 21:00:00,원지(도),경부선,목표(결빙),37.4538,127.0488,35.0,14,7.418333333333334,6.4,8.3,0.0,60
13402,2025-12-10 22:00:00,원지(도),경부선,목표(결빙),37.4538,127.0488,35.0,14,6.83,5.6,7.7,0.0,60
13402,2025-12-10 23:00:00,원지(도),경부선,목표(결빙),37.4538,127.0488,35.0,14,5.535,4.6,6.2,0.0,60
13402,2025-12-11 00:00:00,원지(도),경부선,목표(결빙),37.4538,127.0488,35.0,14,5.39,4.4,6.1,0.0,60
13402,2025-12-11 01:00:00,원지(도),경부선,목표(결빙),37.4538,127.0488,35.0,14,4.848333333333333,4.2,5.6,0.0,60
13402,2025-12-11 02:00:00,원지(도),경부선,목표(결빙),37.4538,127.0488,35.0,14,5.180000000000001,4.5,5.7,0.0,60
13402,2025-12-11 03:00:00,원지(도),경부선,목표(결빙),37.4538,127.0488,35.0,2,5.011666666666667,4.5,5.8,0.0,60
13402,2025-12-11 04:00:00,원지(도),경부선,목표(결빙),37.4538,127.0488,35.0,2,4.795,4.5,5.1,0.0,60
13402,2025-12-11 05:00:00,원지(도),경부선,목표(결빙),37.4538,127.0488,35.0,2,5.303333333333333,4.9,5.6,0.0,60
13402,2025-12-11 06:00:00,원지(도),경부선,목표(결빙),37.4538,127.0488,35.0,2,5.653333333333333,5.5,5.9,0.0,60
13402,2025-12-11 07:00:00,원지(도),경부선,목표(결빙),37.4538,127.0488,35.0,2,6.068333333333333,5.7,6.7,0.0,60
13402,2025-12-11 08:00:00,원지(도),경부선,목표(결빙),37.4538,127.0488,35.0,2,6.61,6.4,7.1,0.0,60
13402,2025-12-11 09:00:00,원지(도),경부선,목표(결빙),37.4538,127.0488,35.0,2,6.948333333333333,6.4,7.3,0.0,60
13402,2025-12-11 10:00:00,원지(도),경부선,목표(결빙),37.4538,127.0488,35.0,2,7.5649999999999995,7.3,8.0,0.0,60
13402,2025-12-11 11:00:00,원지(도),경부선,목표(결빙),37.4538,127.0488,35.0,2,8.826666666666666,8.1,9.4,0.0,60
13402,2025-12-11 12:00:00,원지(도),경부선,목표(결빙),37.4538,127.0488,35.0,2,8.688333333333334,7.9,9.2,0.0,60
13402,2025-12-11 13:00:00,원지(도),경부선,목표(결빙),37.4538,127.0488,35.0,14,8.568333333333333,8.0,9.9,0.0,60
13402,2025-12-11 14:00:00,원지(도),경부선,목표(결빙),37.4538,127.0488,35.0,14,8.854999999999999,7.7,9.9,0.0,60
13402,2025-12-11 15:00:00,원지(도),경부선,목표(결빙),37.4538,127.0488,35.0,1,7.501666666666667,6.7,8.2,0.0,60
13402,2025-12-11 16:00:00,원지(도),경부선,목표(결빙),37.4538,127.0488,35.0,1,6.616666666666666,6.2,6.9,0.0,60
13402,2025-12-11 17:00:00,원지(도),경부선,목표(결빙),37.4538,127.0488,35.0,1,6.043333333333334,5.4,6.5,0.0,60
13402,2025-12-11 18:00:00,원지(도),경부선,목표(결빙),37.4538,127.0488,35.0,1,5.045,4.7,5.5,0.0,60
13402,2025-12-11 19:00:00,원지(도),경부선,목표(결빙),37.4538,127.0488,35.0,1,4.45,3.9,4.8,0.0,60
13402,2025-12-11 20:00:00,원지(도),경부선,목표(결빙),37.4538,127.0488,35.0,1,3.2183333333333333,2.8,3.9,0.0,60
13402,2025-12-11 21:00:00,원지(도),경부선,목표(결빙),37.4538,127.0488,35.0,1,2.315,1.9,2.8,0.0,60
13402,2025-12-11 22:00:00,원지(도),경부선,목표(결빙),37.4538,127.0488,35.0,1,1.6733333333333333,1.1,2.2,0.0,60
13402,2025-12-11 23:00:00,원지(도),경부선,목표(결빙),37.4538,127.0488,35.0,1,1.0033333333333334,0.8,1.2,0.0,60
13402,2025-12-12 00:00:00,원지(도),경부선,목표(결빙),37.4538,127.0488,35.0,1,0.26,-0.2,0.8,0.23333333333333334,60
13402,2025-12-12 01:00:00,원지(도),경부선,목표(결빙),37.4538,127.0488,35.0,1,-0.6233333333333333,-1.0,-0.2,1.0,60
13402,2025-12-12 02:00:00,원지(도),경부선,목표(결빙),37.4538,127.0488,35.0,1,-1.23,-1.6,-0.9,1.0,60
13402,2025-12-12 03:00:00,원지(도),경부선,목표(결빙),37.4538,127.0488,35.0,1,-1.7650000000000001,-2.1,-1.5,1.0,60
13402,2025-12-12 04:00:00,원지(도),경부선,목표(결빙),37.4538,127.0488,35.0,1,-1.9733333333333334,-2.4,-1.6,1.0,60
13402,2025-12-12 05:00:00,원지(도),경부선,목표(결빙),37.4538,127.0488,35.0,1,-2.038333333333333,-2.3,-1.6,1.0,60
13402,2025-12-12 06:00:00,원지(도),경부선,목표(결빙),37.4538,127.0488,35.0,1,-1.875,-2.2,-1.6,1.0,60
13402,2025-12-12 07:00:00,원지(도),경부선,목표(결빙),37.4538,127.0488,35.0,1,-1.7133333333333334,-1.9,-1.4,1.0,60
13402,2025-12-12 08:00:00,원지(도),경부선,목표(결빙),37.4538,127.0488,35.0,1,-1.8633333333333333,-2.2,-1.5,1.0,60
13402,2025-12-12 09:00:00,원지(도),경부선,목표(결빙),37.4538,127.0488,35.0,1,-0.8483333333333333,-1.8,0.4,0.9,60
13402,2025-12-12 10:00:00,원지(도),경부선,목표(결빙),37.4538,127.0488,35.0,1,2.1483333333333334,0.4,3.9,0.0,60
13402,2025-12-12 11:00:00,원지(도),경부선,목표(결빙),37.4538,127.0488,35.0,1,5.506666666666666,3.9,7.1,0.0,60
13402,2025-12-12 12:00:00,원지(도),경부선,목표(결빙),37.4538,127.0488,35.0,1,8.33,7.0,9.5,0.0,60
13402,2025-12-12 13:00:00,원지(도),경부선,목표(결빙),37.4538,127.0488,35.0,1,10.075,9.4,10.5,0.0,60
13402,2025-12-12 14:00:00,원지(도),경부선,목표(결빙),37.4538,127.0488,35.0,1,8.756666666666666,7.9,10.0,0.0,60
13402,2025-12-12 15:00:00,원지(도),경부선,목표(결빙),37.4538,127.0488,35.0,1,8.215,7.8,8.6,0.0,60
13402,2025-12-12 16:00:00,원지(도),경부선,목표(결빙),37.4538,127.0488,35.0,1,8.24,7.8,8.6,0.0,60
13402,2025-12-12 17:00:00,원지(도),경부선,목표(결빙),37.4538,127.0488,35.0,1,7.91,7.6,8.2,0.0,60
13402,2025-12-12 18:00:00,원지(도),경부선,목표(결빙),37.4538,127.0488,35.0,1,6.531666666666666,6.1,7.8,0.0,60
13402,2025-12-12 19:00:00,원지(도),경부선,목표(결빙),37.4538,127.0488,35.0,1,5.85,5.2,6.4,0.0,60
13402,2025-12-12 20:00:00,원지(도),경부선,목표(결빙),37.4538,127.0488,35.0,1,5.006666666666666,4.6,5.3,0.0,60
13402,2025-12-12 21:00:00,원지(도),경부선,목표(결빙),37.4538,127.0488,35.0,14,4.593333333333334,4.2,5.0,0.0,60
13402,2025-12-12 22:00:00,원지(도),경부선,목표(결빙),37.4538,127.0488,35.0,14,4.131666666666667,3.7,4.6,0.0,60
13402,2025-12-12 23:00:00,원지(도),경부선,목표(결빙),37.4538,127.0488,35.0,14,4.79,4.0,5.6,0.0,60
13402,2025-12-13 00:00:00,원지(도),경부선,목표(결빙),37.4538,127.0488,35.0,1,3.8433333333333333,2.7,4.9,0.0,60
13402,2025-12-13 01:00:00,원지(도),경부선,목표(결빙),37.4538,127.0488,35.0,14,2.981666666666667,2.5,3.4,0.0,60
13402,2025-12-13 02:00:00,원지(도),경부선,목표(결빙),37.4538,127.0488,35.0,14,3.6816666666666666,3.2,4.3,0.0,60
13402,2025-12-13 03:00:00,원지(도),경부선,목표(결빙),37.4538,127.0488,35.0,14,3.9366666666666665,3.6,4.2,0.0,60
13402,2025-12-13 04:00:00,원지(도),경부선,목표(결빙),37.4538,127.0488,35.0,1,4.383333333333334,3.8,4.7,0.0,60
13402,2025-12-13 05:00:00,원지(도),경부선,목표(결빙),37.4538,127.0488,35.0,1,4.3933333333333335,4.2,4.5,0.0,60
13402,2025-12-13 06:00:00,원지(도),경부선,목표(결빙),37.4538,127.0488,35.0,1,4.468333333333334,4.2,4.8,0.0,60
13402,2025-12-13 07:00:00,원지(도),경부선,목표(결빙),37.4538,127.0488,35.0,1,5.08,4.7,5.3,0.0,60
13402,2025-12-13 08:00:00,원지(도),경부선,목표(결빙),37.4538,127.0488,35.0,1,5.288333333333333,4.9,5.7,0.0,60
13402,2025-12-13 09:00:00,원지(도),경부선,목표(결빙),37.4538,127.0488,35.0,1,5.680000000000001,5.4,5.9,0.0,60
13402,2025-12-13 10:00:00,원지(도),경부선,목표(결빙),37.4538,127.0488,35.0,14,5.2283333333333335,4.7,5.5,0.0,60
13402,2025-12-13 11:00:00,원지(도),경부선,목표(결빙),37.4538,127.0488,35.0,2,4.415,4.1,4.7,0.0,60
13402,2025-12-13 12:00:00,원지(도),경부선,목표(결빙),37.4538,127.0488,35.0,2,4.706666666666666,4.5,5.1,0.0,60
13402,2025-12-13 13:00:00,원지(도),경부선,목표(결빙),37.4538,127.0488,35.0,2,4.676666666666666,4.5,4.8,0.0,60
13402,2025-12-13 14:00:00,원지(도),경부선,목표(결빙),37.4538,127.0488,35.0,2,4.446666666666667,4.3,4.7,0.0,60
13402,2025-12-13 15:00:00,원지(도),경부선,목표(결빙),37.4538,127.0488,35.0,2,4.466666666666667,4.3,4.6,0.0,60
13402,2025-12-13 16:00:00,원지(도),경부선,목표(결빙),37.4538,127.0488,35.0,2,4.336666666666667,4.0,4.5,0.0,60
13402,2025-12-13 17:00:00,원지(도),경부선,목표(결빙),37.4538,127.0488,35.0,2,3.5933333333333333,3.3,4.1,0.0,60
13402,2025-12-13 18:00:00,원지(도),경부선,목표(결빙),37.4538,127.0488,35.0,2,3.381666666666667,3.0,3.7,0.0,60
13402,2025-12-13 19:00:00,원지(도),경부선,목표(결빙),37.4538,127.0488,35.0,2,3.006666666666667,2.7,3.2,0.0,60
13402,2025-12-13 20:00:00,원지(도),경부선,목표(결빙),37.4538,127.0488,35.0,2,2.421666666666667,2.1,2.7,0.0,60
13402,2025-12-13 21:00:00,원지(도),경부선,목표(결빙),37.4538,127.0488,35.0,2,1.8733333333333335,1.6,2.2,0.0,60
13402,2025-12-13 22:00:00,원지(도),경부선,목표(결빙),37.4538,127.0488,35.0,2,1.775,1.6,2.0,0.0,60
13402,2025-12-13 23:00:00,원지(도),경부선,목표(결빙),37.4538,127.0488,35.0,2,1.5150000000000001,1.2,1.8,0.0,60
13402,2025-12-14 00:00:00,원지(도),경부선,목표(결빙),37.4538,127.0488,35.0,2,0.6683333333333333,0.3,1.2,0.0,60
13402,2025-12-14 01:00:00,원지(도),경부선,목표(결빙),37.4538,127.0488,35.0,2,-0.060000000000000005,-0.4,0.3,0.6666666666666666,60
13402,2025-12-14 02:00:00,원지(도),경부선,목표(결빙),37.4538,127.0488,35.0,2,-0.43333333333333335,-0.8,-0.2,1.0,60
13402,2025-12-14 03:00:00,원지(도),경부선,목표(결빙),37.4538,127.0488,35.0,2,-0.07,-0.2,0.2,0.95,60
13402,2025-12-14 04:00:00,원지(도),경부선,목표(결빙),37.4538,127.0488,35.0,2,0.14333333333333334,-0.1,0.3,0.15,60
13402,2025-12-14 05:00:00,원지(도),경부선,목표(결빙),37.4538,127.0488,35.0,2,0.10333333333333333,0.0,0.3,0.25,60
13402,2025-12-14 06:00:00,원지(도),경부선,목표(결빙),37.4538,127.0488,35.0,2,0.275,0.1,0.5,0.0,60
13402,2025-12-14 07:00:00,원지(도),경부선,목표(결빙),37.4538,127.0488,35.0,2,0.23833333333333334,0.0,0.5,0.11666666666666667,60
13402,2025-12-14 08:00:00,원지(도),경부선,목표(결빙),37.4538,127.0488,35.0,2,0.5033333333333333,0.4,0.7,0.0,60
13402,2025-12-14 09:00:00,원지(도),경부선,목표(결빙),37.4538,127.0488,35.0,2,0.6416666666666667,0.5,0.9,0.0,60
13402,2025-12-14 10:00:00,원지(도),경부선,목표(결빙),37.4538,127.0488,35.0,14,1.0333333333333334,0.7,1.7,0.0,60
13402,2025-12-14 11:00:00,원지(도),경부선,목표(결빙),37.4538,127.0488,35.0,14,1.9616666666666667,1.5,2.8,0.0,60
13402,2025-12-14 12:00:00,원지(도),경부선,목표(결빙),37.4538,127.0488,35.0,14,4.348333333333333,2.4,6.3,0.0,60
13402,2025-12-14 13:00:00,원지(도),경부선,목표(결빙),37.4538,127.0488,35.0,14,4.64,3.8,5.7,0.0,60
13402,2025-12-14 14:00:00,원지(도),경부선,목표(결빙),37.4538,127.0488,35.0,14,4.468333333333334,3.8,5.1,0.0,60
13402,2025-12-14 15:00:00,원지(도),경부선,목표(결빙),37.4538,127.0488,35.0,1,4.391666666666667,4.1,4.9,0.0,60
13402,2025-12-14 16:00:00,원지(도),경부선,목표(결빙),37.4538,127.0488,35.0,1,4.366666666666666,3.5,5.1,0.0,60
13402,2025-12-14 17:00:00,원지(도),경부선,목표(결빙),37.4538,127.0488,35.0,1,3.7416666666666667,3.4,4.1,0.0,60
13402,2025-12-14 18:00:00,원지(도),경부선,목표(결빙),37.4538,127.0488,35.0,14,2.6666666666666665,1.9,3.5,0.0,60
13402,2025-12-14 19:00:00,원지(도),경부선,목표(결빙),37.4538,127.0488,35.0,14,1.7049999999999998,1.2,2.1,0.0,60
13402,2025-12-14 20:00:00,원지(도),경부선,목표(결빙),37.4538,127.0488,35.0,14,0.9716666666666666,0.7,1.2,0.0,60
13402,2025-12-14 21:00:00,원지(도),경부선,목표(결빙),37.4538,127.0488,35.0,14,0.9149999999999999,0.2,1.6,0.0,60
13402,2025-12-14 22:00:00,원지(도),경부선,목표(결빙),37.4538,127.0488,35.0,14,0.24166666666666667,-0.1,0.6,0.11666666666666667,60
13402,2025-12-14 23:00:00,원지(도),경부선,목표(결빙),37.4538,127.0488,35.0,14,-0.19499999999999998,-0.6,0.2,0.8833333333333333,60
13402,2025-12-15 00:00:00,원지(도),경부선,목표(결빙),37.4538,127.0488,35.0,14,-0.6549999999999999,-1.0,-0.1,1.0,60
13402,2025-12-15 01:00:00,원지(도),경부선,목표(결빙),37.4538,127.0488,35.0,14,-1.3316666666666668,-1.9,-0.7,1.0,60
13402,2025-12-15 02:00:00,원지(도),경부선,목표(결빙),37.4538,127.0488,35.0,14,-1.7833333333333334,-2.0,-1.4,1.0,60
13402,2025-12-15 03:00:00,원지(도),경부선,목표(결빙),37.4538,127.0488,35.0,14,-2.2916666666666665,-2.7,-1.6,1.0,60
13402,2025-12-15 04:00:00,원지(도),경부선,목표(결빙),37.4538,127.0488,35.0,14,-2.6766666666666667,-3.0,-2.4,1.0,60
13402,2025-12-15 05:00:00,원지(도),경부선,목표(결빙),37.4538,127.0488,35.0,14,-2.6266666666666665,-2.9,-2.2,1.0,60
13402,2025-12-15 06:00:00,원지(도),경부선,목표(결빙),37.4538,127.0488,35.0,14,-2.5483333333333333,-2.7,-2.4,1.0,60
13402,2025-12-15 07:00:00,원지(도),경부선,목표(결빙),37.4538,127.0488,35.0,14,-2.475,-2.7,-2.2,1.0,60
13402,2025-12-15 08:00:00,원지(도),경부선,목표(결빙),37.4538,127.0488,35.0,14,-2.545,-2.7,-2.3,1.0,60
13402,2025-12-15 09:00:00,원지(도),경부선,목표(결빙),37.4538,127.0488,35.0,14,-1.4383333333333332,-2.3,-0.2,1.0,60
13402,2025-12-15 10:00:00,원지(도),경부선,목표(결빙),37.4538,127.0488,35.0,14,1.2416666666666667,-0.2,2.6,0.06666666666666667,60
13402,2025-12-15 11:00:00,원지(도),경부선,목표(결빙),37.4538,127.0488,35.0,14,4.08,2.4,5.6,0.0,60
13402,2025-12-15 12:00:00,원지(도),경부선,목표(결빙),37.4538,127.0488,35.0,1,5.178333333333333,4.6,5.8,0.0,60
13402,2025-12-15 13:00:00,원지(도),경부선,목표(결빙),37.4538,127.0488,35.0,1,5.631666666666666,5.2,6.2,0.0,60
13402,2025-12-15 14:00:00,원지(도),경부선,목표(결빙),37.4538,127.0488,35.0,1,6.005,5.7,6.2,0.0,60
13402,2025-12-15 15:00:00,원지(도),경부선,목표(결빙),37.4538,127.0488,35.0,1,6.1,5.7,6.4,0.0,60
13402,2025-12-15 16:00:00,원지(도),경부선,목표(결빙),37.4538,127.0488,35.0,1,5.796666666666667,5.5,6.3,0.0,60
13402,2025-12-15 17:00:00,원지(도),경부선,목표(결빙),37.4538,127.0488,35.0,1,5.151666666666667,4.4,5.7,0.0,60
13402,2025-12-15 18:00:00,원지(도),경부선,목표(결빙),37.4538,127.0488,35.0,14,3.8233333333333333,3.1,4.7,0.0,60
13402,2025-12-15 19:00:00,원지(도),경부선,목표(결빙),37.4538,127.0488,35.0,14,3.51,3.0,3.9,0.0,60
13402,2025-12-15 20:00:00,원지(도),경부선,목표(결빙),37.4538,127.0488,35.0,14,2.9483333333333333,2.1,3.4,0.0,60
13402,2025-12-15 21:00:00,원지(도),경부선,목표(결빙),37.4538,127.0488,35.0,14,2.0316666666666667,1.8,2.3,0.0,60
13402,2025-12-15 22:00:00,원지(도),경부선,목표(결빙),37.4538,127.0488,35.0,14,2.1266666666666665,1.8,2.9,0.0,60
13402,2025-12-15 23:00:00,원지(도),경부선,목표(결빙),37.4538,127.0488,35.0,14,2.9716666666666667,2.6,3.5,0.0,60
13402,2025-12-16 00:00:00,원지(도),경부선,목표(결빙),37.4538,127.0488,35.0,14,2.83,2.5,3.3,0.0,60
13402,2025-12-16 01:00:00,원지(도),경부선,목표(결빙),37.4538,127.0488,35.0,14,2.728333333333333,2.5,3.0,0.0,60
13402,2025-12-16 02:00:00,원지(도),경부선,목표(결빙),37.4538,127.0488,35.0,14,2.743333333333333,2.3,3.1,0.0,60
13402,2025-12-16 03:00:00,원지(도),경부선,목표(결빙),37.4538,127.0488,35.0,14,2.5266666666666664,2.1,2.9,0.0,60
13402,2025-12-16 04:00:00,원지(도),경부선,목표(결빙),37.4538,127.0488,35.0,14,2.3333333333333335,2.1,2.7,0.0,60
13402,2025-12-16 05:00:00,원지(도),경부선,목표(결빙),37.4538,127.0488,35.0,14,2.6566666666666667,2.4,3.0,0.0,60
13402,2025-12-16 06:00:00,원지(도),경부선,목표(결빙),37.4538,127.0488,35.0,14,2.89,2.5,3.6,0.0,60
13402,2025-12-16 07:00:00,원지(도),경부선,목표(결빙),37.4538,127.0488,35.0,14,3.575,3.0,4.0,0.0,60
13402,2025-12-16 08:00:00,원지(도),경부선,목표(결빙),37.4538,127.0488,35.0,14,3.9366666666666665,3.4,4.8,0.0,60
13402,2025-12-16 09:00:00,원지(도),경부선,목표(결빙),37.4538,127.0488,35.0,14,4.761666666666667,4.5,4.9,0.0,60
13402,2025-12-16 10:00:00,원지(도),경부선,목표(결빙),37.4538,127.0488,35.0,14,5.111864406779661,4.6,5.5,0.0,59
13402,2025-12-16 11:00:00,원지(도),경부선,목표(결빙),37.4538,127.0488,35.0,14,5.03,4.5,5.4,0.0,60
13402,2025-12-16 12:00:00,원지(도),경부선,목표(결빙),37.4538,127.0488,35.0,2,4.621666666666667,4.4,4.8,0.0,60
13402,2025-12-16 13:00:00,원지(도),경부선,목표(결빙),37.4538,127.0488,35.0,2,4.631666666666666,4.4,4.8,0.0,60
13402,2025-12-16 14:00:00,원지(도),경부선,목표(결빙),37.4538,127.0488,35.0,2,4.85,4.6,5.2,0.0,60
13402,2025-12-16 15:00:00,원지(도),경부선,목표(결빙),37.4538,127.0488,35.0,2,5.096666666666667,4.9,5.3,0.0,60
13402,2025-12-16 16:00:00,원지(도),경부선,목표(결빙),37.4538,127.0488,35.0,2,5.003333333333333,4.8,5.2,0.0,60
13402,2025-12-16 17:00:00,원지(도),경부선,목표(결빙),37.4538,127.0488,35.0,2,5.16,4.9,5.4,0.0,60
13402,2025-12-16 18:00:00,원지(도),경부선,목표(결빙),37.4538,127.0488,35.0,2,5.593333333333334,5.1,6.1,0.0,60
13402,2025-12-16 19:00:00,원지(도),경부선,목표(결빙),37.4538,127.0488,35.0,2,6.136666666666667,5.7,6.7,0.0,60
13402,2025-12-16 20:00:00,원지(도),경부선,목표(결빙),37.4538,127.0488,35.0,2,5.798333333333333,5.2,6.4,0.0,60
13402,2025-12-16 21:00:00,원지(도),경부선,목표(결빙),37.4538,127.0488,35.0,2,5.288333333333333,5.0,5.7,0.0,60
13402,2025-12-16 22:00:00,원지(도),경부선,목표(결빙),37.4538,127.0488,35.0,2,5.441666666666666,5.1,5.8,0.0,60
13402,2025-12-16 23:00:00,원지(도),경부선,목표(결빙),37.4538,127.0488,35.0,2,5.5216666666666665,5.3,5.8,0.0,60
13402,2025-12-17 00:00:00,원지(도),경부선,목표(결빙),37.4538,127.0488,35.0,2,5.281666666666666,5.0,5.7,0.0,60
13402,2025-12-17 01:00:00,원지(도),경부선,목표(결빙),37.4538,127.0488,35.0,2,5.069999999999999,4.8,5.6,0.0,60
13402,2025-12-17 02:00:00,원지(도),경부선,목표(결빙),37.4538,127.0488,35.0,2,4.891666666666667,4.7,5.3,0.0,60
13402,2025-12-17 03:00:00,원지(도),경부선,목표(결빙),37.4538,127.0488,35.0,2,4.683333333333334,4.4,4.9,0.0,60
13402,2025-12-17 04:00:00,원지(도),경부선,목표(결빙),37.4538,127.0488,35.0,2,5.051666666666666,4.7,5.2,0.0,60
13402,2025-12-17 05:00:00,원지(도),경부선,목표(결빙),37.4538,127.0488,35.0,2,5.0616666666666665,4.9,5.2,0.0,60
13402,2025-12-17 06:00:00,원지(도),경부선,목표(결빙),37.4538,127.0488,35.0,2,4.9,4.6,5.2,0.0,60
13402,2025-12-17 07:00:00,원지(도),경부선,목표(결빙),37.4538,127.0488,35.0,2,4.741666666666666,4.5,5.1,0.0,60
13402,2025-12-17 08:00:00,원지(도),경부선,목표(결빙),37.4538,127.0488,35.0,2,4.33,4.1,4.8,0.0,60
13402,2025-12-17 09:00:00,원지(도),경부선,목표(결빙),37.4538,127.0488,35.0,14,4.873333333333333,4.4,5.7,0.0,60
13402,2025-12-17 10:00:00,원지(도),경부선,목표(결빙),37.4538,127.0488,35.0,14,5.885000000000001,5.3,6.7,0.0,60
13402,2025-12-17 11:00:00,원지(도),경부선,목표(결빙),37.4538,127.0488,35.0,14,7.783333333333333,6.7,8.9,0.0,60
13402,2025-12-17 12:00:00,원지(도),경부선,목표(결빙),37.4538,127.0488,35.0,14,9.458333333333334,8.3,10.3,0.0,60
13402,2025-12-17 13:00:00,원지(도),경부선,목표(결빙),37.4538,127.0488,35.0,1,10.969999999999999,10.4,11.4,0.0,60
13402,2025-12-17 14:00:00,원지(도),경부선,목표(결빙),37.4538,127.0488,35.0,1,9.795,8.7,11.1,0.0,60
13402,2025-12-17 15:00:00,원지(도),경부선,목표(결빙),37.4538,127.0488,35.0,1,8.17,7.7,8.8,0.0,60
13402,2025-12-17 16:00:00,원지(도),경부선,목표(결빙),37.4538,127.0488,35.0,1,7.301666666666667,6.9,7.7,0.0,60
13402,2025-12-17 17:00:00,원지(도),경부선,목표(결빙),37.4538,127.0488,35.0,1,6.675,5.8,7.2,0.0,60
13402,2025-12-17 18:00:00,원지(도),경부선,목표(결빙),37.4538,127.0488,35.0,14,5.263333333333334,4.8,6.0,0.0,60
13402,2025-12-17 19:00:00,원지(도),경부선,목표(결빙),37.4538,127.0488,35.0,14,4.861666666666666,4.4,5.5,0.0,60
13402,2025-12-17 20:00:00,원지(도),경부선,목표(결빙),37.4538,127.0488,35.0,14,3.7266666666666666,3.1,4.4,0.0,60
13402,2025-12-17 21:00:00,원지(도),경부선,목표(결빙),37.4538,127.0488,35.0,14,2.878333333333333,2.3,3.4,0.0,60
13402,2025-12-17 22:00:00,원지(도),경부선,목표(결빙),37.4538,127.0488,35.0,14,2.246666666666667,1.6,3.4,0.0,60
13402,2025-12-17 23:00:00,원지(도),경부선,목표(결빙),37.4538,127.0488,35.0,14,1.6966666666666665,1.2,2.2,0.0,60
13402,2025-12-18 00:00:00,원지(도),경부선,목표(결빙),37.4538,127.0488,35.0,14,1.0383333333333333,0.3,1.6,0.0,60
13402,2025-12-18 01:00:00,원지(도),경부선,목표(결빙),37.4538,127.0488,35.0,14,0.20666666666666667,-0.5,0.8,0.3,60
13402,2025-12-18 02:00:00,원지(도),경부선,목표(결빙),37.4538,127.0488,35.0,14,-0.35333333333333333,-0.9,0.2,0.9333333333333333,60
13402,2025-12-18 03:00:00,원지(도),경부선,목표(결빙),37.4538,127.0488,35.0,1,-0.7100000000000001,-1.4,-0.1,1.0,60
13402,2025-12-18 04:00:00,원지(도),경부선,목표(결빙),37.4538,127.0488,35.0,1,-1.1466666666666667,-1.9,-0.6,1.0,60
13402,2025-12-18 05:00:00,원지(도),경부선,목표(결빙),37.4538,127.0488,35.0,14,-1.405,-1.8,-0.9,1.0,60
13402,2025-12-18 06:00:00,원지(도),경부선,목표(결빙),37.4538,127.0488,35.0,14,-1.595,-1.9,-1.1,1.0,60
13402,2025-12-18 07:00:00,원지(도),경부선,목표(결빙),37.4538,127.0488,35.0,14,-1.5916666666666666,-1.8,-1.1,1.0,60
13402,2025-12-18 08:00:00,원지(도),경부선,목표(결빙),37.4538,127.0488,35.0,14,-1.7233333333333334,-2.0,-1.3,1.0,60
13402,2025-12-18 09:00:00,원지(도),경부선,목표(결빙),37.4538,127.0488,35.0,14,-0.8016666666666666,-1.8,0.6,0.8,60
13402,2025-12-18 10:00:00,원지(도),경부선,목표(결빙),37.4538,127.0488,35.0,1,2.558333333333333,0.7,4.3,0.0,60
13402,2025-12-18 11:00:00,원지(도),경부선,목표(결빙),37.4538,127.0488,35.0,1,6.223333333333333,4.4,8.0,0.0,60
13402,2025-12-18 12:00:00,원지(도),경부선,목표(결빙),37.4538,127.0488,35.0,1,9.456666666666667,8.0,10.8,0.0,60
13402,2025-12-18 13:00:00,원지(도),경부선,목표(결빙),37.4538,127.0488,35.0,1,11.081666666666667,10.5,11.5,0.0,60
13402,2025-12-18 14:00:00,원지(도),경부선,목표(결빙),37.4538,127.0488,35.0,1,9.061666666666667,7.3,11.2,0.0,60
13402,2025-12-18 15:00:00,원지(도),경부선,목표(결빙),37.4538,127.0488,35.0,1,6.91,6.5,7.7,0.0,60
13402,2025-12-18 16:00:00,원지(도),경부선,목표(결빙),37.4538,127.0488,35.0,1,6.591666666666667,6.2,6.8,0.0,60
13402,2025-12-18 17:00:00,원지(도),경부선,목표(결빙),37.4538,127.0488,35.0,1,5.326666666666667,4.8,6.6,0.0,60
13402,2025-12-18 18:00:00,원지(도),경부선,목표(결빙),37.4538,127.0488,35.0,1,4.569999999999999,3.9,5.1,0.0,60
13402,2025-12-18 19:00:00,원지(도),경부선,목표(결빙),37.4538,127.0488,35.0,14,3.5533333333333332,2.8,4.1,0.0,60
13402,2025-12-18 20:00:00,원지(도),경부선,목표(결빙),37.4538,127.0488,35.0,1,2.615,2.0,3.1,0.0,60
13402,2025-12-18 21:00:00,원지(도),경부선,목표(결빙),37.4538,127.0488,35.0,1,1.8133333333333332,1.4,2.3,0.0,60
13402,2025-12-18 22:00:00,원지(도),경부선,목표(결빙),37.4538,127.0488,35.0,1,1.4483333333333335,1.0,2.0,0.0,60
13402,2025-12-18 23:00:00,원지(도),경부선,목표(결빙),37.4538,127.0488,35.0,1,1.3566666666666667,0.9,1.9,0.0,60
13402,2025-12-19 00:00:00,원지(도),경부선,목표(결빙),37.4538,127.0488,35.0,1,0.9266666666666666,0.4,1.6,0.0,60
13402,2025-12-19 01:00:00,원지(도),경부선,목표(결빙),37.4538,127.0488,35.0,1,0.051666666666666666,-0.5,0.6,0.5166666666666667,60
13402,2025-12-19 02:00:00,원지(도),경부선,목표(결빙),37.4538,127.0488,35.0,1,-0.3783333333333333,-0.7,-0.1,1.0,60
13402,2025-12-19 03:00:00,원지(도),경부선,목표(결빙),37.4538,127.0488,35.0,1,-0.76,-1.2,-0.3,1.0,60
13402,2025-12-19 04:00:00,원지(도),경부선,목표(결빙),37.4538,127.0488,35.0,1,-1.25,-1.7,-0.8,1.0,60
13402,2025-12-19 05:00:00,원지(도),경부선,목표(결빙),37.4538,127.0488,35.0,1,-1.5150000000000001,-1.8,-1.1,1.0,60
13402,2025-12-19 06:00:00,원지(도),경부선,목표(결빙),37.4538,127.0488,35.0,14,-1.395,-1.8,-0.9,1.0,60
13402,2025-12-19 07:00:00,원지(도),경부선,목표(결빙),37.4538,127.0488,35.0,14,-1.0766666666666667,-1.8,-0.1,1.0,60
13402,2025-12-19 08:00:00,원지(도),경부선,목표(결빙),37.4538,127.0488,35.0,14,0.5866666666666667,-0.2,1.3,0.06666666666666667,60
13402,2025-12-19 09:00:00,원지(도),경부선,목표(결빙),37.4538,127.0488,35.0,14,1.8299999999999998,1.1,2.4,0.0,60
13402,2025-12-19 10:00:00,원지(도),경부선,목표(결빙),37.4538,127.0488,35.0,14,3.0166666666666666,2.5,3.5,0.0,60
13402,2025-12-19 11:00:00,원지(도),경부선,목표(결빙),37.4538,127.0488,35.0,1,3.9916666666666667,3.5,4.5,0.0,60
13402,2025-12-19 12:00:00,원지(도),경부선,목표(결빙),37.4538,127.0488,35.0,1,5.633333333333334,4.5,7.1,0.0,60
13402,2025-12-19 13:00:00,원지(도),경부선,목표(결빙),37.4538,127.0488,35.0,1,8.7,7.1,10.7,0.0,60
13402,2025-12-19 14:00:00,원지(도),경부선,목표(결빙),37.4538,127.0488,35.0,1,9.668333333333333,9.0,10.4,0.0,60
13402,2025-12-19 15:00:00,원지(도),경부선,목표(결빙),37.4538,127.0488,35.0,1,9.65,8.6,10.3,0.0,60
13402,2025-12-19 16:00:00,원지(도),경부선,목표(결빙),37.4538,127.0488,35.0,1,9.283333333333333,8.5,9.9,0.0,60
13402,2025-12-19 17:00:00,원지(도),경부선,목표(결빙),37.4538,127.0488,35.0,1,8.056666666666667,7.1,8.5,0.0,60
13402,2025-12-19 18:00:00,원지(도),경부선,목표(결빙),37.4538,127.0488,35.0,1,7.78,6.1,9.0,0.0,60
13402,2025-12-19 19:00:00,원지(도),경부선,목표(결빙),37.4538,127.0488,35.0,1,7.093333333333334,5.9,8.8,0.0,60
13402,2025-12-19 20:00:00,원지(도),경부선,목표(결빙),37.4538,127.0488,35.0,1,5.801666666666667,5.0,6.9,0.0,60
13402,2025-12-19 21:00:00,원지(도),경부선,목표(결빙),37.4538,127.0488,35.0,14,5.538333333333333,4.8,6.4,0.0,60
13402,2025-12-19 22:00:00,원지(도),경부선,목표(결빙),37.4538,127.0488,35.0,14,5.698333333333333,5.2,6.4,0.0,60
13402,2025-12-19 23:00:00,원지(도),경부선,목표(결빙),37.4538,127.0488,35.0,14,6.181666666666667,5.4,7.3,0.0,60
13402,2025-12-20 00:00:00,원지(도),경부선,목표(결빙),37.4538,127.0488,35.0,14,6.641666666666667,6.2,7.3,0.0,60
13402,2025-12-20 01:00:00,원지(도),경부선,목표(결빙),37.4538,127.0488,35.0,14,6.783333333333333,6.3,7.3,0.0,60
13402,2025-12-20 02:00:00,원지(도),경부선,목표(결빙),37.4538,127.0488,35.0,14,6.713333333333334,6.2,7.2,0.0,60
13402,2025-12-20 03:00:00,원지(도),경부선,목표(결빙),37.4538,127.0488,35.0,14,6.595,6.1,7.2,0.0,60
13402,2025-12-20 04:00:00,원지(도),경부선,목표(결빙),37.4538,127.0488,35.0,2,6.138333333333334,5.4,8.1,0.0,60
13402,2025-12-20 05:00:00,원지(도),경부선,목표(결빙),37.4538,127.0488,35.0,14,6.973333333333333,6.2,7.7,0.0,60
13402,2025-12-20 06:00:00,원지(도),경부선,목표(결빙),37.4538,127.0488,35.0,2,7.194999999999999,6.6,8.6,0.0,60
13402,2025-12-20 07:00:00,원지(도),경부선,목표(결빙),37.4538,127.0488,35.0,14,7.835,7.2,8.8,0.0,60
13402,2025-12-20 08:00:00,원지(도),경부선,목표(결빙),37.4538,127.0488,35.0,2,8.415,8.0,8.7,0.0,60
13402,2025-12-20 09:00:00,원지(도),경부선,목표(결빙),37.4538,127.0488,35.0,2,8.778333333333334,8.3,9.3,0.0,60
13402,2025-12-20 10:00:00,원지(도),경부선,목표(결빙),37.4538,127.0488,35.0,2,9.011666666666667,8.6,9.3,0.0,60
13402,2025-12-20 11:00:00,원지(도),경부선,목표(결빙),37.4538,127.0488,35.0,2,9.483333333333333,8.9,10.3,0.0,60
13402,2025-12-20 12:00:00,원지(도),경부선,목표(결빙),37.4538,127.0488,35.0,2,10.66,9.8,11.7,0.0,60
13402,2025-12-20 13:00:00,원지(도),경부선,목표(결빙),37.4538,127.0488,35.0,2,11.193333333333333,10.9,11.8,0.0,60
13402,2025-12-20 14:00:00,원지(도),경부선,목표(결빙),37.4538,127.0488,35.0,2,11.71,11.2,12.3,0.0,60
13402,2025-12-20 15:00:00,원지(도),경부선,목표(결빙),37.4538,127.0488,35.0,2,10.620000000000001,10.3,11.6,0.0,60
13402,2025-12-20 16:00:00,원지(도),경부선,목표(결빙),37.4538,127.0488,35.0,2,10.205,9.9,10.5,0.0,60
13402,2025-12-20 17:00:00,원지(도),경부선,목표(결빙),37.4538,127.0488,35.0,14,9.985000000000001,9.7,10.4,0.0,60
13402,2025-12-20 18:00:00,원지(도),경부선,목표(결빙),37.4538,127.0488,35.0,14,9.746666666666666,9.3,10.1,0.0,60
13402,2025-12-20 19:00:00,원지(도),경부선,목표(결빙),37.4538,127.0488,35.0,14,9.0,8.7,9.3,0.0,60
13402,2025-12-20 20:00:00,원지(도),경부선,목표(결빙),37.4538,127.0488,35.0,14,8.238333333333333,7.7,9.1,0.0,60
13402,2025-12-20 21:00:00,원지(도),경부선,목표(결빙),37.4538,127.0488,35.0,14,7.5183333333333335,7.0,7.9,0.0,60
13402,2025-12-20 22:00:00,원지(도),경부선,목표(결빙),37.4538,127.0488,35.0,1,6.045,5.3,7.1,0.0,60
13402,2025-12-20 23:00:00,원지(도),경부선,목표(결빙),37.4538,127.0488,35.0,1,4.748333333333333,4.1,5.4,0.0,60
13402,2025-12-21 00:00:00,원지(도),경부선,목표(결빙),37.4538,127.0488,35.0,1,3.746666666666667,3.2,4.2,0.0,60
13402,2025-12-21 01:00:00,원지(도),경부선,목표(결빙),37.4538,127.0488,35.0,1,2.8,2.2,3.2,0.0,60
13402,2025-12-21 02:00:00,원지(도),경부선,목표(결빙),37.4538,127.0488,35.0,1,1.8583333333333334,1.4,2.3,0.0,60
13402,2025-12-21 03:00:00,원지(도),경부선,목표(결빙),37.4538,127.0488,35.0,1,1.0633333333333335,0.9,1.4,0.0,60
13402,2025-12-21 04:00:00,원지(도),경부선,목표(결빙),37.4538,127.0488,35.0,1,0.7083333333333334,0.4,0.9,0.0,60
13402,2025-12-21 05:00:00,원지(도),경부선,목표(결빙),37.4538,127.0488,35.0,1,0.14166666666666666,-0.2,0.4,0.4,60
13402,2025-12-21 06:00:00,원지(도),경부선,목표(결빙),37.4538,127.0488,35.0,1,-0.25833333333333336,-0.4,-0.2,1.0,60
13402,2025-12-21 07:00:00,원지(도),경부선,목표(결빙),37.4538,127.0488,35.0,1,-0.38,-0.6,-0.2,1.0,60
13402,2025-12-21 08:00:00,원지(도),경부선,목표(결빙),37.4538,127.0488,35.0,1,-0.5166666666666667,-0.7,-0.4,1.0,60
13402,2025-12-21 09:00:00,원지(도),경부선,목표(결빙),37.4538,127.0488,35.0,1,-0.14333333333333334,-0.5,0.3,0.65,60
13402,2025-12-21 10:00:00,원지(도),경부선,목표(결빙),37.4538,127.0488,35.0,1,1.365,0.1,2.1,0.0,60
13402,2025-12-21 11:00:00,원지(도),경부선,목표(결빙),37.4538,127.0488,35.0,1,3.308333333333333,2.1,4.3,0.0,60
13402,2025-12-21 12:00:00,원지(도),경부선,목표(결빙),37.4538,127.0488,35.0,1,5.036666666666666,4.4,6.0,0.0,60
13402,2025-12-21 13:00:00,원지(도),경부선,목표(결빙),37.4538,127.0488,35.0,1,7.466666666666667,6.1,8.0,0.0,60
13402,2025-12-21 14:00:00,원지(도),경부선,목표(결빙),37.4538,127.0488,35.0,1,5.451666666666667,3.6,7.8,0.0,60
13402,2025-12-21 15:00:00,원지(도),경부선,목표(결빙),37.4538,127.0488,35.0,1,3.058333333333333,2.6,3.6,0.0,60
13402,2025-12-21 16:00:00,원지(도),경부선,목표(결빙),37.4538,127.0488,35.0,1,2.5883333333333334,2.1,2.8,0.0,60
13402,2025-12-21 17:00:00,원지(도),경부선,목표(결빙),37.4538,127.0488,35.0,1,2.131666666666667,1.9,2.4,0.0,60
13402,2025-12-21 18:00:00,원지(도),경부선,목표(결빙),37.4538,127.0488,35.0,1,1.8966666666666667,1.0,2.2,0.0,60
13402,2025-12-21 19:00:00,원지(도),경부선,목표(결빙),37.4538,127.0488,35.0,1,0.4966666666666667,0.0,1.0,0.016666666666666666,60
13402,2025-12-21 20:00:00,원지(도),경부선,목표(결빙),37.4538,127.0488,35.0,1,0.008333333333333335,-0.5,0.4,0.5333333333333333,60
13402,2025-12-21 21:00:00,원지(도),경부선,목표(결빙),37.4538,127.0488,35.0,1,-0.4683333333333334,-0.9,-0.1,1.0,60
13402,2025-12-21 22:00:00,원지(도),경부선,목표(결빙),37.4538,127.0488,35.0,1,-0.6233333333333333,-1.1,-0.1,1.0,60
13402,2025-12-21 23:00:00,원지(도),경부선,목표(결빙),37.4538,127.0488,35.0,1,-1.035,-1.5,-0.4,1.0,60
13402,2025-12-22 00:00:00,원지(도),경부선,목표(결빙),37.4538,127.0488,35.0,1,-2.0566666666666666,-2.5,-1.6,1.0,60
13402,2025-12-22 01:00:00,원지(도),경부선,목표(결빙),37.4538,127.0488,35.0,1,-2.9433333333333334,-3.4,-2.5,1.0,60
13402,2025-12-22 02:00:00,원지(도),경부선,목표(결빙),37.4538,127.0488,35.0,1,-3.6599999999999997,-4.2,-2.9,1.0,60
13402,2025-12-22 03:00:00,원지(도),경부선,목표(결빙),37.4538,127.0488,35.0,1,-4.151666666666666,-4.7,-3.8,1.0,60
13402,2025-12-22 04:00:00,원지(도),경부선,목표(결빙),37.4538,127.0488,35.0,1,-4.641666666666667,-5.1,-4.2,1.0,60
13402,2025-12-22 05:00:00,원지(도),경부선,목표(결빙),37.4538,127.0488,35.0,1,-4.9383333333333335,-5.3,-4.6,1.0,60
13402,2025-12-22 06:00:00,원지(도),경부선,목표(결빙),37.4538,127.0488,35.0,1,-5.046666666666667,-5.2,-4.7,1.0,60
13402,2025-12-22 07:00:00,원지(도),경부선,목표(결빙),37.4538,127.0488,35.0,1,-4.855,-5.2,-4.6,1.0,60
13402,2025-12-22 08:00:00,원지(도),경부선,목표(결빙),37.4538,127.0488,35.0,1,-4.760000000000001,-5.1,-4.4,1.0,60
13402,2025-12-22 09:00:00,원지(도),경부선,목표(결빙),37.4538,127.0488,35.0,1,-3.8516666666666666,-4.8,-2.5,1.0,60
13402,2025-12-22 10:00:00,원지(도),경부선,목표(결빙),37.4538,127.0488,35.0,1,-0.6683333333333333,-2.5,1.1,0.7166666666666667,60
13402,2025-12-22 11:00:00,원지(도),경부선,목표(결빙),37.4538,127.0488,35.0,1,2.9233333333333333,1.2,4.4,0.0,60
13402,2025-12-22 12:00:00,원지(도),경부선,목표(결빙),37.4538,127.0488,35.0,1,6.175,4.5,7.4,0.0,60
13402,2025-12-22 13:00:00,원지(도),경부선,목표(결빙),37.4538,127.0488,35.0,1,8.076666666666666,7.2,8.5,0.0,60
13402,2025-12-22 14:00:00,원지(도),경부선,목표(결빙),37.4538,127.0488,35.0,1,6.571666666666667,5.0,8.1,0.0,60
13402,2025-12-22 15:00:00,원지(도),경부선,목표(결빙),37.4538,127.0488,35.0,1,4.54,3.9,4.9,0.0,60
13402,2025-12-22 16:00:00,원지(도),경부선,목표(결빙),37.4538,127.0488,35.0,1,4.336666666666667,3.8,4.7,0.0,60
13402,2025-12-22 17:00:00,원지(도),경부선,목표(결빙),37.4538,127.0488,35.0,1,2.7766666666666664,2.4,3.8,0.0,60
13402,2025-12-22 18:00:00,원지(도),경부선,목표(결빙),37.4538,127.0488,35.0,1,1.995,1.4,2.6,0.0,60
13402,2025-12-22 19:00:00,원지(도),경부선,목표(결빙),37.4538,127.0488,35.0,1,1.2316666666666667,0.9,1.5,0.0,60
13402,2025-12-22 20:00:00,원지(도),경부선,목표(결빙),37.4538,127.0488,35.0,1,0.32,-0.4,1.2,0.23333333333333334,60
13402,2025-12-22 21:00:00,원지(도),경부선,목표(결빙),37.4538,127.0488,35.0,1,-0.09666666666666666,-0.4,0.2,0.8333333333333334,60
13402,2025-12-22 22:00:00,원지(도),경부선,목표(결빙),37.4538,127.0488,35.0,1,0.04833333333333333,-0.5,0.5,0.5166666666666667,60
13402,2025-12-22 23:00:00,원지(도),경부선,목표(결빙),37.4538,127.0488,35.0,1,-0.73,-1.3,-0.2,1.0,60
13402,2025-12-23 00:00:00,원지(도),경부선,목표(결빙),37.4538,127.0488,35.0,1,-0.11166666666666666,-0.6,0.2,0.7333333333333333,60
13402,2025-12-23 01:00:00,원지(도),경부선,목표(결빙),37.4538,127.0488,35.0,1,-0.4033333333333333,-0.9,0.0,1.0,60
13402,2025-12-23 02:00:00,원지(도),경부선,목표(결빙),37.4538,127.0488,35.0,1,-0.64,-1.5,0.2,0.9333333333333333,60
13402,2025-12-23 03:00:00,원지(도),경부선,목표(결빙),37.4538,127.0488,35.0,1,-1.655,-2.0,-1.3,1.0,60
13402,2025-12-23 04:00:00,원지(도),경부선,목표(결빙),37.4538,127.0488,35.0,1,-1.2333333333333334,-2.1,-0.6,1.0,60
13402,2025-12-23 05:00:00,원지(도),경부선,목표(결빙),37.4538,127.0488,35.0,1,-1.015,-1.7,-0.4,1.0,60
13402,2025-12-23 06:00:00,원지(도),경부선,목표(결빙),37.4538,127.0488,35.0,1,0.08166666666666668,-0.9,0.7,0.4666666666666667,60
13402,2025-12-23 07:00:00,원지(도),경부선,목표(결빙),37.4538,127.0488,35.0,1,1.4866666666666668,0.7,2.3,0.0,60
13402,2025-12-23 08:00:00,원지(도),경부선,목표(결빙),37.4538,127.0488,35.0,1,2.7616666666666663,2.3,3.3,0.0,60
13402,2025-12-23 09:00:00,원지(도),경부선,목표(결빙),37.4538,127.0488,35.0,1,3.356666666666667,3.2,3.7,0.0,60
13402,2025-12-23 10:00:00,원지(도),경부선,목표(결빙),37.4538,127.0488,35.0,1,3.9683333333333333,3.5,4.7,0.0,60
13402,2025-12-23 11:00:00,원지(도),경부선,목표(결빙),37.4538,127.0488,35.0,1,5.28,4.7,6.1,0.0,60
13402,2025-12-23 12:00:00,원지(도),경부선,목표(결빙),37.4538,127.0488,35.0,1,6.083333333333333,5.8,6.5,0.0,60
13402,2025-12-23 13:00:00,원지(도),경부선,목표(결빙),37.4538,127.0488,35.0,1,6.17,5.8,6.5,0.0,60
13402,2025-12-23 14:00:00,원지(도),경부선,목표(결빙),37.4538,127.0488,35.0,1,5.2266666666666675,4.0,6.3,0.0,60
13402,2025-12-23 15:00:00,원지(도),경부선,목표(결빙),37.4538,127.0488,35.0,2,3.56,3.1,3.9,0.0,60
13402,2025-12-23 16:00:00,원지(도),경부선,목표(결빙),37.4538,127.0488,35.0,2,3.6766666666666667,3.4,3.9,0.0,60
13402,2025-12-23 17:00:00,원지(도),경부선,목표(결빙),37.4538,127.0488,35.0,2,3.75,3.6,3.9,0.0,60
13402,2025-12-23 18:00:00,원지(도),경부선,목표(결빙),37.4538,127.0488,35.0,2,3.7266666666666666,3.6,3.9,0.0,60
13402,2025-12-23 19:00:00,원지(도),경부선,목표(결빙),37.4538,127.0488,35.0,2,3.9616666666666664,3.7,4.3,0.0,60
13402,2025-12-23 20:00:00,원지(도),경부선,목표(결빙),37.4538,127.0488,35.0,2,4.056666666666667,3.7,4.4,0.0,60
13402,2025-12-23 21:00:00,원지(도),경부선,목표(결빙),37.4538,127.0488,35.0,2,3.9866666666666664,3.7,4.3,0.0,60
13402,2025-12-23 22:00:00,원지(도),경부선,목표(결빙),37.4538,127.0488,35.0,2,3.9949999999999997,3.7,4.3,0.0,60
13402,2025-12-23 23:00:00,원지(도),경부선,목표(결빙),37.4538,127.0488,35.0,2,4.071666666666666,3.8,4.4,0.0,60
13402,2025-12-24 00:00:00,원지(도),경부선,목표(결빙),37.4538,127.0488,35.0,2,3.935,3.7,4.3,0.0,60
13402,2025-12-24 01:00:00,원지(도),경부선,목표(결빙),37.4538,127.0488,35.0,2,3.9949999999999997,3.8,4.2,0.0,60
13402,2025-12-24 02:00:00,원지(도),경부선,목표(결빙),37.4538,127.0488,35.0,2,3.9183333333333334,3.8,4.2,0.0,60
13402,2025-12-24 03:00:00,원지(도),경부선,목표(결빙),37.4538,127.0488,35.0,2,3.9,3.7,4.2,0.0,60
13402,2025-12-24 04:00:00,원지(도),경부선,목표(결빙),37.4538,127.0488,35.0,2,3.853333333333333,3.7,4.1,0.0,60
13402,2025-12-24 05:00:00,원지(도),경부선,목표(결빙),37.4538,127.0488,35.0,2,3.905,3.7,4.1,0.0,60
13402,2025-12-24 06:00:00,원지(도),경부선,목표(결빙),37.4538,127.0488,35.0,2,4.408333333333333,4.1,4.6,0.0,60
13402,2025-12-24 07:00:00,원지(도),경부선,목표(결빙),37.4538,127.0488,35.0,2,4.541666666666667,4.3,4.9,0.0,60
13402,2025-12-24 08:00:00,원지(도),경부선,목표(결빙),37.4538,127.0488,35.0,2,4.666666666666667,4.5,4.8,0.0,60
13402,2025-12-24 09:00:00,원지(도),경부선,목표(결빙),37.4538,127.0488,35.0,2,4.5233333333333325,4.4,4.7,0.0,60
13402,2025-12-24 10:00:00,원지(도),경부선,목표(결빙),37.4538,127.0488,35.0,2,4.6483333333333325,4.4,4.8,0.0,60
13402,2025-12-24 11:00:00,원지(도),경부선,목표(결빙),37.4538,127.0488,35.0,2,4.983333333333333,4.6,5.4,0.0,60
13402,2025-12-24 12:00:00,원지(도),경부선,목표(결빙),37.4538,127.0488,35.0,2,5.506666666666666,4.9,6.4,0.0,60
13402,2025-12-24 13:00:00,원지(도),경부선,목표(결빙),37.4538,127.0488,35.0,14,7.236666666666666,6.0,8.6,0.0,60
13402,2025-12-24 14:00:00,원지(도),경부선,목표(결빙),37.4538,127.0488,35.0,1,7.308333333333334,6.7,8.1,0.0,60
13402,2025-12-24 15:00:00,원지(도),경부선,목표(결빙),37.4538,127.0488,35.0,1,6.906666666666666,6.4,7.5,0.0,60
13402,2025-12-24 16:00:00,원지(도),경부선,목표(결빙),37.4538,127.0488,35.0,1,6.011666666666667,5.7,6.6,0.0,60
13402,2025-12-24 17:00:00,원지(도),경부선,목표(결빙),37.4538,127.0488,35.0,1,5.41,4.8,6.1,0.0,60
13402,2025-12-24 18:00:00,원지(도),경부선,목표(결빙),37.4538,127.0488,35.0,1,3.966666666666667,3.4,4.9,0.0,60
13402,2025-12-24 19:00:00,원지(도),경부선,목표(결빙),37.4538,127.0488,35.0,1,3.5166666666666666,3.4,3.8,0.0,60
13402,2025-12-24 20:00:00,원지(도),경부선,목표(결빙),37.4538,127.0488,35.0,1,3.0300000000000002,2.2,3.6,0.0,60
13402,2025-12-24 21:00:00,원지(도),경부선,목표(결빙),37.4538,127.0488,35.0,1,1.8883333333333332,1.3,2.4,0.0,60
13402,2025-12-24 22:00:00,원지(도),경부선,목표(결빙),37.4538,127.0488,35.0,1,1.1283333333333334,1.0,1.3,0.0,60
13402,2025-12-24 23:00:00,원지(도),경부선,목표(결빙),37.4538,127.0488,35.0,14,0.9066666666666666,0.7,1.2,0.0,60
13402,2025-12-25 00:00:00,원지(도),경부선,목표(결빙),37.4538,127.0488,35.0,14,0.6483333333333333,0.3,0.9,0.0,60
13402,2025-12-25 01:00:00,원지(도),경부선,목표(결빙),37.4538,127.0488,35.0,14,0.34833333333333333,0.1,0.7,0.0,60
13402,2025-12-25 02:00:00,원지(도),경부선,목표(결빙),37.4538,127.0488,35.0,14,-0.12666666666666668,-0.4,0.1,0.85,60
13402,2025-12-25 03:00:00,원지(도),경부선,목표(결빙),37.4538,127.0488,35.0,14,-0.575,-0.8,-0.3,1.0,60
13402,2025-12-25 04:00:00,원지(도),경부선,목표(결빙),37.4538,127.0488,35.0,14,-0.9016666666666667,-1.3,-0.5,1.0,60
13402,2025-12-25 05:00:00,원지(도),경부선,목표(결빙),37.4538,127.0488,35.0,14,-1.3566666666666665,-1.6,-1.2,1.0,60
13402,2025-12-25 06:00:00,원지(도),경부선,목표(결빙),37.4538,127.0488,35.0,14,-1.6483333333333334,-2.1,-1.4,1.0,60
13402,2025-12-25 07:00:00,원지(도),경부선,목표(결빙),37.4538,127.0488,35.0,1,-1.9849999999999999,-2.4,-1.6,1.0,60
13402,2025-12-25 08:00:00,원지(도),경부선,목표(결빙),37.4538,127.0488,35.0,1,-2.3,-2.6,-2.0,1.0,60
13402,2025-12-25 09:00:00,원지(도),경부선,목표(결빙),37.4538,127.0488,35.0,1,-1.6916666666666667,-2.4,-0.7,1.0,60
13402,2025-12-25 10:00:00,원지(도),경부선,목표(결빙),37.4538,127.0488,35.0,1,0.5883333333333333,-0.7,1.9,0.31666666666666665,60
13402,2025-12-25 11:00:00,원지(도),경부선,목표(결빙),37.4538,127.0488,35.0,1,3.3316666666666666,1.9,4.4,0.0,60
13402,2025-12-25 12:00:00,원지(도),경부선,목표(결빙),37.4538,127.0488,35.0,1,5.5216666666666665,4.5,6.2,0.0,60
13402,2025-12-25 13:00:00,원지(도),경부선,목표(결빙),37.4538,127.0488,35.0,1,5.855,4.8,6.5,0.0,60
13402,2025-12-25 14:00:00,원지(도),경부선,목표(결빙),37.4538,127.0488,35.0,1,3.6533333333333333,1.9,5.1,0.0,60
13402,2025-12-25 15:00:00,원지(도),경부선,목표(결빙),37.4538,127.0488,35.0,1,1.2983333333333333,0.8,2.1,0.0,60
13402,2025-12-25 16:00:00,원지(도),경부선,목표(결빙),37.4538,127.0488,35.0,1,0.7933333333333333,-0.1,1.3,0.06666666666666667,60
13402,2025-12-25 17:00:00,원지(도),경부선,목표(결빙),37.4538,127.0488,35.0,1,-0.495,-0.9,0.0,1.0,60
13402,2025-12-25 18:00:00,원지(도),경부선,목표(결빙),37.4538,127.0488,35.0,1,-1.6183333333333332,-2.1,-0.9,1.0,60
13402,2025-12-25 19:00:00,원지(도),경부선,목표(결빙),37.4538,127.0488,35.0,1,-2.695,-3.2,-2.1,1.0,60
13402,2025-12-25 20:00:00,원지(도),경부선,목표(결빙),37.4538,127.0488,35.0,1,-3.5833333333333335,-4.1,-3.2,1.0,60
13402,2025-12-25 21:00:00,원지(도),경부선,목표(결빙),37.4538,127.0488,35.0,1,-4.489999999999999,-4.9,-4.1,1.0,60
13402,2025-12-25 22:00:00,원지(도),경부선,목표(결빙),37.4538,127.0488,35.0,1,-4.925,-5.4,-4.6,1.0,60
13402,2025-12-25 23:00:00,원지(도),경부선,목표(결빙),37.4538,127.0488,35.0,1,-5.65,-6.0,-5.2,1.0,60
13402,2025-12-26 00:00:00,원지(도),경부선,목표(결빙),37.4538,127.0488,35.0,1,-6.33,-6.7,-5.9,1.0,60
13402,2025-12-26 01:00:00,원지(도),경부선,목표(결빙),37.4538,127.0488,35.0,1,-6.948333333333333,-7.3,-6.6,1.0,60
13402,2025-12-26 02:00:00,원지(도),경부선,목표(결빙),37.4538,127.0488,35.0,1,-7.596666666666667,-7.8,-7.3,1.0,60
13402,2025-12-26 03:00:00,원지(도),경부선,목표(결빙),37.4538,127.0488,35.0,1,-7.933333333333334,-8.3,-7.7,1.0,60
13402,2025-12-26 04:00:00,원지(도),경부선,목표(결빙),37.4538,127.0488,35.0,1,-8.321666666666667,-8.5,-8.1,1.0,60
13402,2025-12-26 05:00:00,원지(도),경부선,목표(결빙),37.4538,127.0488,35.0,1,-8.655,-8.8,-8.5,1.0,60
13402,2025-12-26 06:00:00,원지(도),경부선,목표(결빙),37.4538,127.0488,35.0,1,-8.841666666666667,-8.9,-8.7,1.0,60
13402,2025-12-26 07:00:00,원지(도),경부선,목표(결빙),37.4538,127.0488,35.0,1,-8.776666666666667,-8.9,-8.6,1.0,60
13402,2025-12-26 08:00:00,원지(도),경부선,목표(결빙),37.4538,127.0488,35.0,1,-8.846666666666668,-9.0,-8.7,1.0,60
13402,2025-12-26 09:00:00,원지(도),경부선,목표(결빙),37.4538,127.0488,35.0,1,-8.458333333333334,-8.9,-7.4,1.0,60
13402,2025-12-26 10:00:00,원지(도),경부선,목표(결빙),37.4538,127.0488,35.0,1,-6.2716666666666665,-7.5,-5.0,1.0,60
13402,2025-12-26 11:00:00,원지(도),경부선,목표(결빙),37.4538,127.0488,35.0,1,-3.5016666666666665,-4.9,-2.0,1.0,60
13402,2025-12-26 12:00:00,원지(도),경부선,목표(결빙),37.4538,127.0488,35.0,1,-0.925,-1.9,0.2,0.9833333333333333,60
13402,2025-12-26 13:00:00,원지(도),경부선,목표(결빙),37.4538,127.0488,35.0,1,0.8583333333333333,0.2,1.3,0.0,60
13402,2025-12-26 14:00:00,원지(도),경부선,목표(결빙),37.4538,127.0488,35.0,1,-0.6966666666666667,-2.7,0.9,0.7166666666666667,60
13402,2025-12-26 15:00:00,원지(도),경부선,목표(결빙),37.4538,127.0488,35.0,1,-3.1266666666666665,-3.7,-2.2,1.0,60
13402,2025-12-26 16:00:00,원지(도),경부선,목표(결빙),37.4538,127.0488,35.0,1,-3.585,-3.8,-3.3,1.0,60
13402,2025-12-26 17:00:00,원지(도),경부선,목표(결빙),37.4538,127.0488,35.0,1,-3.6516666666666664,-3.9,-3.4,1.0,60
13402,2025-12-26 18:00:00,원지(도),경부선,목표(결빙),37.4538,127.0488,35.0,1,-3.606666666666667,-4.1,-3.4,1.0,60
13402,2025-12-26 19:00:00,원지(도),경부선,목표(결빙),37.4538,127.0488,35.0,1,-4.443333333333333,-5.0,-4.1,1.0,60
13402,2025-12-26 20:00:00,원지(도),경부선,목표(결빙),37.4538,127.0488,35.0,1,-5.348333333333333,-5.8,-4.9,1.0,60
13402,2025-12-26 21:00:00,원지(도),경부선,목표(결빙),37.4538,127.0488,35.0,1,-5.968333333333334,-6.4,-5.5,1.0,60
13402,2025-12-26 22:00:00,원지(도),경부선,목표(결빙),37.4538,127.0488,35.0,1,-6.430000000000001,-6.6,-6.2,1.0,60
13402,2025-12-26 23:00:00,원지(도),경부선,목표(결빙),37.4538,127.0488,35.0,1,-6.693333333333333,-7.0,-6.4,1.0,60
13402,2025-12-27 00:00:00,원지(도),경부선,목표(결빙),37.4538,127.0488,35.0,1,-7.1066666666666665,-7.3,-6.8,1.0,60
13402,2025-12-27 01:00:00,원지(도),경부선,목표(결빙),37.4538,127.0488,35.0,1,-7.17,-7.5,-6.8,1.0,60
13402,2025-12-27 02:00:00,원지(도),경부선,목표(결빙),37.4538,127.0488,35.0,1,-6.7316666666666665,-7.0,-6.5,1.0,60
13402,2025-12-27 03:00:00,원지(도),경부선,목표(결빙),37.4538,127.0488,35.0,1,-6.176666666666667,-6.6,-5.8,1.0,60
13402,2025-12-27 04:00:00,원지(도),경부선,목표(결빙),37.4538,127.0488,35.0,1,-5.776666666666667,-5.9,-5.7,1.0,60
13402,2025-12-27 05:00:00,원지(도),경부선,목표(결빙),37.4538,127.0488,35.0,1,-5.738333333333333,-5.9,-5.6,1.0,60
13402,2025-12-27 06:00:00,원지(도),경부선,목표(결빙),37.4538,127.0488,35.0,1,-5.723333333333333,-5.9,-5.6,1.0,60
13402,2025-12-27 07:00:00,원지(도),경부선,목표(결빙),37.4538,127.0488,35.0,1,-5.348333333333333,-5.7,-4.9,1.0,60
13402,2025-12-27 08:00:00,원지(도),경부선,목표(결빙),37.4538,127.0488,35.0,1,-4.8100000000000005,-5.0,-4.6,1.0,60
13402,2025-12-27 09:00:00,원지(도),경부선,목표(결빙),37.4538,127.0488,35.0,1,-4.526666666666667,-4.9,-3.7,1.0,60
13402,2025-12-27 10:00:00,원지(도),경부선,목표(결빙),37.4538,127.0488,35.0,1,-2.5966666666666667,-3.8,-1.3,1.0,60
13402,2025-12-27 11:00:00,원지(도),경부선,목표(결빙),37.4538,127.0488,35.0,1,-0.19166666666666668,-1.1,0.6,0.55,60
13402,2025-12-27 12:00:00,원지(도),경부선,목표(결빙),37.4538,127.0488,35.0,1,0.8866666666666667,0.5,1.4,0.0,60
13402,2025-12-27 13:00:00,원지(도),경부선,목표(결빙),37.4538,127.0488,35.0,1,1.285,1.1,1.5,0.0,60
13402,2025-12-27 14:00:00,원지(도),경부선,목표(결빙),37.4538,127.0488,35.0,1,1.57,1.1,2.0,0.0,60
13402,2025-12-27 15:00:00,원지(도),경부선,목표(결빙),37.4538,127.0488,35.0,1,2.0733333333333333,1.8,2.3,0.0,60
13402,2025-12-27 16:00:00,원지(도),경부선,목표(결빙),37.4538,127.0488,35.0,1,2.18,1.9,2.5,0.0,60
13402,2025-12-27 17:00:00,원지(도),경부선,목표(결빙),37.4538,127.0488,35.0,1,1.9549999999999998,1.6,2.5,0.0,60
13402,2025-12-27 18:00:00,원지(도),경부선,목표(결빙),37.4538,127.0488,35.0,1,1.3599999999999999,1.1,1.6,0.0,60
13402,2025-12-27 19:00:00,원지(도),경부선,목표(결빙),37.4538,127.0488,35.0,1,1.2366666666666668,1.1,1.4,0.0,60
13402,2025-12-27 20:00:00,원지(도),경부선,목표(결빙),37.4538,127.0488,35.0,1,1.0183333333333333,0.8,1.4,0.0,60
13402,2025-12-27 21:00:00,원지(도),경부선,목표(결빙),37.4538,127.0488,35.0,1,0.8066666666666666,0.6,1.1,0.0,60
13402,2025-12-27 22:00:00,원지(도),경부선,목표(결빙),37.4538,127.0488,35.0,1,0.965,0.8,1.1,0.0,60
13402,2025-12-27 23:00:00,원지(도),경부선,목표(결빙),37.4538,127.0488,35.0,1,0.9766666666666667,0.8,1.2,0.0,60
13402,2025-12-28 00:00:00,원지(도),경부선,목표(결빙),37.4538,127.0488,35.0,1,0.935,0.8,1.1,0.0,60
13402,2025-12-28 01:00:00,원지(도),경부선,목표(결빙),37.4538,127.0488,35.0,1,0.8166666666666667,0.7,1.0,0.0,60
13402,2025-12-28 02:00:00,원지(도),경부선,목표(결빙),37.4538,127.0488,35.0,1,0.685,0.5,0.9,0.0,60
13402,2025-12-28 03:00:00,원지(도),경부선,목표(결빙),37.4538,127.0488,35.0,1,0.5616666666666666,0.4,0.7,0.0,60
13402,2025-12-28 04:00:00,원지(도),경부선,목표(결빙),37.4538,127.0488,35.0,1,0.66,0.5,0.8,0.0,60
13402,2025-12-28 05:00:00,원지(도),경부선,목표(결빙),37.4538,127.0488,35.0,1,0.7066666666666667,0.6,0.9,0.0,60
13402,2025-12-28 06:00:00,원지(도),경부선,목표(결빙),37.4538,127.0488,35.0,1,0.7233333333333333,0.6,0.8,0.0,60
13402,2025-12-28 07:00:00,원지(도),경부선,목표(결빙),37.4538,127.0488,35.0,1,0.8216666666666667,0.6,1.0,0.0,60
13402,2025-12-28 08:00:00,원지(도),경부선,목표(결빙),37.4538,127.0488,35.0,1,0.7366666666666667,0.5,1.0,0.0,60
13402,2025-12-28 09:00:00,원지(도),경부선,목표(결빙),37.4538,127.0488,35.0,1,1.51,0.9,2.1,0.0,60
13402,2025-12-28 10:00:00,원지(도),경부선,목표(결빙),37.4538,127.0488,35.0,1,2.7550000000000003,1.9,3.4,0.0,60
13402,2025-12-28 11:00:00,원지(도),경부선,목표(결빙),37.4538,127.0488,35.0,1,4.6016666666666675,3.1,5.7,0.0,60
13402,2025-12-28 12:00:00,원지(도),경부선,목표(결빙),37.4538,127.0488,35.0,1,5.876666666666667,5.1,6.7,0.0,60
13402,2025-12-28 13:00:00,원지(도),경부선,목표(결빙),37.4538,127.0488,35.0,1,6.760000000000001,6.3,7.4,0.0,60
13402,2025-12-28 14:00:00,원지(도),경부선,목표(결빙),37.4538,127.0488,35.0,1,7.545,6.8,8.2,0.0,60
13402,2025-12-28 15:00:00,원지(도),경부선,목표(결빙),37.4538,127.0488,35.0,1,7.628333333333333,7.2,8.1,0.0,60
13402,2025-12-28 16:00:00,원지(도),경부선,목표(결빙),37.4538,127.0488,35.0,1,7.5616666666666665,6.8,8.2,0.0,60
13402,2025-12-28 17:00:00,원지(도),경부선,목표(결빙),37.4538,127.0488,35.0,1,7.944999999999999,7.3,8.4,0.0,60
13402,2025-12-28 18:00:00,원지(도),경부선,목표(결빙),37.4538,127.0488,35.0,1,6.715,6.0,7.6,0.0,60
13402,2025-12-28 19:00:00,원지(도),경부선,목표(결빙),37.4538,127.0488,35.0,1,6.006666666666666,5.5,6.5,0.0,60
13402,2025-12-28 20:00:00,원지(도),경부선,목표(결빙),37.4538,127.0488,35.0,1,5.625,5.1,6.4,0.0,60
13402,2025-12-28 21:00:00,원지(도),경부선,목표(결빙),37.4538,127.0488,35.0,14,6.035,5.0,7.2,0.0,60
13402,2025-12-28 22:00:00,원지(도),경부선,목표(결빙),37.4538,127.0488,35.0,14,6.586666666666667,6.2,6.9,0.0,60
13402,2025-12-28 23:00:00,원지(도),경부선,목표(결빙),37.4538,127.0488,35.0,2,5.98,5.1,6.8,0.0,60
13402,2025-12-29 00:00:00,원지(도),경부선,목표(결빙),37.4538,127.0488,35.0,2,5.125,4.6,6.1,0.0,60
13402,2025-12-29 01:00:00,원지(도),경부선,목표(결빙),37.4538,127.0488,35.0,2,4.303333333333333,3.9,4.8,0.0,60
13402,2025-12-29 02:00:00,원지(도),경부선,목표(결빙),37.4538,127.0488,35.0,2,3.75,3.3,4.3,0.0,60
13402,2025-12-29 03:00:00,원지(도),경부선,목표(결빙),37.4538,127.0488,35.0,2,3.3183333333333334,2.9,4.2,0.0,60
13402,2025-12-29 04:00:00,원지(도),경부선,목표(결빙),37.4538,127.0488,35.0,2,2.935,2.5,3.7,0.0,60
13402,2025-12-29 05:00:00,원지(도),경부선,목표(결빙),37.4538,127.0488,35.0,2,3.5633333333333335,2.7,4.9,0.0,60
13402,2025-12-29 06:00:00,원지(도),경부선,목표(결빙),37.4538,127.0488,35.0,2,4.988333333333333,4.5,5.5,0.0,60
13402,2025-12-29 07:00:00,원지(도),경부선,목표(결빙),37.4538,127.0488,35.0,2,5.241666666666666,4.5,6.1,0.0,60
13402,2025-12-29 08:00:00,원지(도),경부선,목표(결빙),37.4538,127.0488,35.0,2,5.806666666666667,5.1,6.2,0.0,60
13402,2025-12-29 09:00:00,원지(도),경부선,목표(결빙),37.4538,127.0488,35.0,2,5.613333333333333,5.2,6.1,0.0,60
13402,2025-12-29 10:00:00,원지(도),경부선,목표(결빙),37.4538,127.0488,35.0,2,6.466666666666667,5.7,7.5,0.0,60
13402,2025-12-29 11:00:00,원지(도),경부선,목표(결빙),37.4538,127.0488,35.0,2,8.085,7.0,8.9,0.0,60
13402,2025-12-29 12:00:00,원지(도),경부선,목표(결빙),37.4538,127.0488,35.0,2,8.75,8.2,9.2,0.0,60
13402,2025-12-29 13:00:00,원지(도),경부선,목표(결빙),37.4538,127.0488,35.0,2,8.683333333333334,8.4,9.0,0.0,60
13402,2025-12-29 14:00:00,원지(도),경부선,목표(결빙),37.4538,127.0488,35.0,14,8.823333333333332,8.4,9.2,0.0,60
13402,2025-12-29 15:00:00,원지(도),경부선,목표(결빙),37.4538,127.0488,35.0,14,8.94,8.5,9.3,0.0,60
13402,2025-12-29 16:00:00,원지(도),경부선,목표(결빙),37.4538,127.0488,35.0,14,8.418333333333333,7.9,8.7,0.0,60
13402,2025-12-29 17:00:00,원지(도),경부선,목표(결빙),37.4538,127.0488,35.0,14,7.788333333333333,7.6,8.1,0.0,60
13402,2025-12-29 18:00:00,원지(도),경부선,목표(결빙),37.4538,127.0488,35.0,14,6.111666666666666,5.0,7.6,0.0,60
13402,2025-12-29 19:00:00,원지(도),경부선,목표(결빙),37.4538,127.0488,35.0,14,5.118333333333334,4.6,5.7,0.0,60
13402,2025-12-29 20:00:00,원지(도),경부선,목표(결빙),37.4538,127.0488,35.0,14,4.364999999999999,3.4,5.0,0.0,60
13402,2025-12-29 21:00:00,원지(도),경부선,목표(결빙),37.4538,127.0488,35.0,14,3.93,2.7,4.6,0.0,60
13402,2025-12-29 22:00:00,원지(도),경부선,목표(결빙),37.4538,127.0488,35.0,14,2.7016666666666667,2.3,3.2,0.0,60
13402,2025-12-29 23:00:00,원지(도),경부선,목표(결빙),37.4538,127.0488,35.0,14,1.8566666666666667,1.2,2.8,0.0,60
13402,2025-12-30 00:00:00,원지(도),경부선,목표(결빙),37.4538,127.0488,35.0,1,1.2950000000000002,0.9,1.8,0.0,60
13402,2025-12-30 01:00:00,원지(도),경부선,목표(결빙),37.4538,127.0488,35.0,1,0.7533333333333334,0.1,1.2,0.0,60
13402,2025-12-30 02:00:00,원지(도),경부선,목표(결빙),37.4538,127.0488,35.0,1,-0.06833333333333333,-0.7,0.5,0.55,60
13402,2025-12-30 03:00:00,원지(도),경부선,목표(결빙),37.4538,127.0488,35.0,1,-0.7633333333333333,-1.2,-0.3,1.0,60
13402,2025-12-30 04:00:00,원지(도),경부선,목표(결빙),37.4538,127.0488,35.0,1,-1.195,-1.5,-0.7,1.0,60
13402,2025-12-30 05:00:00,원지(도),경부선,목표(결빙),37.4538,127.0488,35.0,1,-1.9683333333333333,-2.4,-1.5,1.0,60
13402,2025-12-30 06:00:00,원지(도),경부선,목표(결빙),37.4538,127.0488,35.0,1,-2.29,-2.6,-2.0,1.0,60
13402,2025-12-30 07:00:00,원지(도),경부선,목표(결빙),37.4538,127.0488,35.0,1,-2.4116666666666666,-2.7,-2.0,1.0,60
13402,2025-12-30 08:00:00,원지(도),경부선,목표(결빙),37.4538,127.0488,35.0,1,-1.8916666666666666,-2.4,-1.3,1.0,60
13402,2025-12-30 09:00:00,원지(도),경부선,목표(결빙),37.4538,127.0488,35.0,1,-0.9516666666666667,-1.5,0.2,0.9333333333333333,60
13402,2025-12-30 10:00:00,원지(도),경부선,목표(결빙),37.4538,127.0488,35.0,1,1.6383333333333332,0.2,3.0,0.0,60
13402,2025-12-30 11:00:00,원지(도),경부선,목표(결빙),37.4538,127.0488,35.0,1,4.53,3.0,6.0,0.0,60
13402,2025-12-30 12:00:00,원지(도),경부선,목표(결빙),37.4538,127.0488,35.0,1,7.296666666666667,6.0,8.3,0.0,60
13402,2025-12-30 13:00:00,원지(도),경부선,목표(결빙),37.4538,127.0488,35.0,1,8.985000000000001,8.3,9.5,0.0,60
13402,2025-12-30 14:00:00,원지(도),경부선,목표(결빙),37.4538,127.0488,35.0,1,7.165,5.1,9.2,0.0,60
13402,2025-12-30 15:00:00,원지(도),경부선,목표(결빙),37.4538,127.0488,35.0,1,4.3183333333333325,3.6,5.1,0.0,60
13402,2025-12-30 16:00:00,원지(도),경부선,목표(결빙),37.4538,127.0488,35.0,1,3.408333333333333,3.2,3.8,0.0,60
13402,2025-12-30 17:00:00,원지(도),경부선,목표(결빙),37.4538,127.0488,35.0,1,3.17,3.0,3.5,0.0,60
13402,2025-12-30 18:00:00,원지(도),경부선,목표(결빙),37.4538,127.0488,35.0,1,2.4233333333333333,1.3,3.2,0.0,60
13402,2025-12-30 19:00:00,원지(도),경부선,목표(결빙),37.4538,127.0488,35.0,1,1.66,1.4,1.9,0.0,60
13402,2025-12-30 20:00:00,원지(도),경부선,목표(결빙),37.4538,127.0488,35.0,1,0.8416666666666667,0.1,1.7,0.0,60
13402,2025-12-30 21:00:00,원지(도),경부선,목표(결빙),37.4538,127.0488,35.0,1,0.21166666666666664,-0.1,0.7,0.23333333333333334,60
13402,2025-12-30 22:00:00,원지(도),경부선,목표(결빙),37.4538,127.0488,35.0,1,0.91,0.6,1.3,0.0,60
13402,2025-12-30 23:00:00,원지(도),경부선,목표(결빙),37.4538,127.0488,35.0,1,1.035,0.9,1.2,0.0,60
13402,2025-12-31 00:00:00,원지(도),경부선,목표(결빙),37.4538,127.0488,35.0,1,0.8466666666666666,0.6,1.0,0.0,60
13402,2025-12-31 01:00:00,원지(도),경부선,목표(결빙),37.4538,127.0488,35.0,1,0.5416666666666666,0.2,0.7,0.0,60
13402,2025-12-31 02:00:00,원지(도),경부선,목표(결빙),37.4538,127.0488,35.0,1,-0.5549999999999999,-1.3,0.3,0.85,60
13402,2025-12-31 03:00:00,원지(도),경부선,목표(결빙),37.4538,127.0488,35.0,1,-1.7666666666666666,-2.2,-1.2,1.0,60
13402,2025-12-31 04:00:00,원지(도),경부선,목표(결빙),37.4538,127.0488,35.0,1,-2.591666666666667,-3.0,-2.1,1.0,60
13402,2025-12-31 05:00:00,원지(도),경부선,목표(결빙),37.4538,127.0488,35.0,1,-3.27,-3.6,-3.0,1.0,60
13402,2025-12-31 06:00:00,원지(도),경부선,목표(결빙),37.4538,127.0488,35.0,1,-3.7066666666666666,-3.9,-3.5,1.0,60
13402,2025-12-31 07:00:00,원지(도),경부선,목표(결빙),37.4538,127.0488,35.0,1,-3.8733333333333335,-4.1,-3.6,1.0,60
13402,2025-12-31 08:00:00,원지(도),경부선,목표(결빙),37.4538,127.0488,35.0,1,-4.295,-4.6,-4.0,1.0,60
13402,2025-12-31 09:00:00,원지(도),경부선,목표(결빙),37.4538,127.0488,35.0,1,-4.303333333333333,-4.7,-3.4,1.0,60
13402,2025-12-31 10:00:00,원지(도),경부선,목표(결빙),37.4538,127.0488,35.0,1,-2.3616666666666664,-3.6,-1.1,1.0,60
13402,2025-12-31 11:00:00,원지(도),경부선,목표(결빙),37.4538,127.0488,35.0,1,0.44833333333333336,-1.0,1.6,0.36666666666666664,60
13402,2025-12-31 12:00:00,원지(도),경부선,목표(결빙),37.4538,127.0488,35.0,1,2.875,1.5,3.9,0.0,60
13402,2025-12-31 13:00:00,원지(도),경부선,목표(결빙),37.4538,127.0488,35.0,1,4.586666666666667,3.9,5.2,0.0,60
13402,2025-12-31 14:00:00,원지(도),경부선,목표(결빙),37.4538,127.0488,35.0,1,2.4916666666666667,0.3,4.9,0.0,60
13402,2025-12-31 15:00:00,원지(도),경부선,목표(결빙),37.4538,127.0488,35.0,1,-0.605,-1.3,0.2,0.9666666666666667,60
13402,2025-12-31 16:00:00,원지(도),경부선,목표(결빙),37.4538,127.0488,35.0,1,-1.4483333333333335,-1.6,-1.2,1.0,60
13402,2025-12-31 17:00:00,원지(도),경부선,목표(결빙),37.4538,127.0488,35.0,1,-1.6766666666666665,-1.9,-1.4,1.0,60
13402,2025-12-31 18:00:00,원지(도),경부선,목표(결빙),37.4538,127.0488,35.0,1,-1.91,-2.1,-1.7,1.0,60
13402,2025-12-31 19:00:00,원지(도),경부선,목표(결빙),37.4538,127.0488,35.0,1,-2.225,-3.0,-1.9,1.0,60
13402,2025-12-31 20:00:00,원지(도),경부선,목표(결빙),37.4538,127.0488,35.0,1,-3.0633333333333335,-3.5,-2.8,1.0,60
13402,2025-12-31 21:00:00,원지(도),경부선,목표(결빙),37.4538,127.0488,35.0,1,-4.051666666666667,-4.6,-3.5,1.0,60
13402,2025-12-31 22:00:00,원지(도),경부선,목표(결빙),37.4538,127.0488,35.0,1,-4.803333333333333,-5.1,-4.5,1.0,60
13402,2025-12-31 23:00:00,원지(도),경부선,목표(결빙),37.4538,127.0488,35.0,1,-5.425,-5.7,-5.1,1.0,60
13402,2026-01-01 00:00:00,원지(도),경부선,목표(결빙),37.4538,127.0488,35.0,1,-6.036666666666666,-6.4,-5.7,1.0,60
13402,2026-01-01 01:00:00,원지(도),경부선,목표(결빙),37.4538,127.0488,35.0,1,-6.618333333333334,-6.8,-6.4,1.0,60
13402,2026-01-01 02:00:00,원지(도),경부선,목표(결빙),37.4538,127.0488,35.0,1,-6.861666666666666,-7.2,-6.6,1.0,60
13402,2026-01-01 03:00:00,원지(도),경부선,목표(결빙),37.4538,127.0488,35.0,1,-7.1899999999999995,-7.4,-7.0,1.0,60
13402,2026-01-01 04:00:00,원지(도),경부선,목표(결빙),37.4538,127.0488,35.0,1,-7.535,-7.7,-7.3,1.0,60
13402,2026-01-01 05:00:00,원지(도),경부선,목표(결빙),37.4538,127.0488,35.0,1,-7.765,-7.9,-7.6,1.0,60
13402,2026-01-01 06:00:00,원지(도),경부선,목표(결빙),37.4538,127.0488,35.0,1,-7.965000000000001,-8.1,-7.9,1.0,60
13402,2026-01-01 07:00:00,원지(도),경부선,목표(결빙),37.4538,127.0488,35.0,1,-7.993333333333334,-8.1,-7.9,1.0,60
13402,2026-01-01 08:00:00,원지(도),경부선,목표(결빙),37.4538,127.0488,35.0,1,-7.995,-8.1,-7.9,1.0,60
13402,2026-01-01 09:00:00,원지(도),경부선,목표(결빙),37.4538,127.0488,35.0,1,-7.6033333333333335,-8.1,-6.8,1.0,60
13402,2026-01-01 10:00:00,원지(도),경부선,목표(결빙),37.4538,127.0488,35.0,1,-5.958333333333333,-6.9,-4.4,1.0,60
13402,2026-01-01 11:00:00,원지(도),경부선,목표(결빙),37.4538,127.0488,35.0,1,-2.753333333333333,-4.2,-1.1,1.0,60
13402,2026-01-01 12:00:00,원지(도),경부선,목표(결빙),37.4538,127.0488,35.0,1,0.21666666666666667,-1.0,1.5,0.4,60
13402,2026-01-01 13:00:00,원지(도),경부선,목표(결빙),37.4538,127.0488,35.0,1,2.2983333333333333,1.5,2.9,0.0,60
13402,2026-01-01 14:00:00,원지(도),경부선,목표(결빙),37.4538,127.0488,35.0,1,0.7766666666666667,-1.4,2.6,0.38333333333333336,60
13402,2026-01-01 15:00:00,원지(도),경부선,목표(결빙),37.4538,127.0488,35.0,1,-2.0816666666666666,-2.6,-1.4,1.0,60
13402,2026-01-01 16:00:00,원지(도),경부선,목표(결빙),37.4538,127.0488,35.0,1,-2.6333333333333333,-2.9,-2.1,1.0,60
13402,2026-01-01 17:00:00,원지(도),경부선,목표(결빙),37.4538,127.0488,35.0,1,-2.863333333333333,-3.0,-2.5,1.0,60
13402,2026-01-01 18:00:00,원지(도),경부선,목표(결빙),37.4538,127.0488,35.0,1,-3.393333333333333,-3.8,-2.9,1.0,60
13402,2026-01-01 19:00:00,원지(도),경부선,목표(결빙),37.4538,127.0488,35.0,1,-4.21,-4.6,-3.8,1.0,60
13402,2026-01-01 20:00:00,원지(도),경부선,목표(결빙),37.4538,127.0488,35.0,1,-4.783333333333333,-5.1,-4.5,1.0,60
13402,2026-01-01 21:00:00,원지(도),경부선,목표(결빙),37.4538,127.0488,35.0,1,-5.3149999999999995,-5.6,-5.0,1.0,60
13402,2026-01-01 22:00:00,원지(도),경부선,목표(결빙),37.4538,127.0488,35.0,1,-5.863333333333333,-6.1,-5.6,1.0,60
13402,2026-01-01 23:00:00,원지(도),경부선,목표(결빙),37.4538,127.0488,35.0,1,-6.456666666666666,-6.7,-6.2,1.0,60
13402,2026-01-02 00:00:00,원지(도),경부선,목표(결빙),37.4538,127.0488,35.0,1,-6.961666666666667,-7.3,-6.7,1.0,60
13402,2026-01-02 01:00:00,원지(도),경부선,목표(결빙),37.4538,127.0488,35.0,1,-7.415,-7.7,-7.2,1.0,60
13402,2026-01-02 02:00:00,원지(도),경부선,목표(결빙),37.4538,127.0488,35.0,1,-7.883333333333334,-8.1,-7.7,1.0,60
13402,2026-01-02 03:00:00,원지(도),경부선,목표(결빙),37.4538,127.0488,35.0,1,-8.378333333333334,-8.7,-8.1,1.0,60
13402,2026-01-02 04:00:00,원지(도),경부선,목표(결빙),37.4538,127.0488,35.0,1,-8.668333333333333,-8.9,-8.4,1.0,60
13402,2026-01-02 05:00:00,원지(도),경부선,목표(결빙),37.4538,127.0488,35.0,1,-8.978333333333333,-9.2,-8.8,1.0,60
13402,2026-01-02 06:00:00,원지(도),경부선,목표(결빙),37.4538,127.0488,35.0,1,-9.118333333333334,-9.2,-9.0,1.0,60
13402,2026-01-02 07:00:00,원지(도),경부선,목표(결빙),37.4538,127.0488,35.0,1,-9.386666666666667,-9.6,-9.2,1.0,60
13402,2026-01-02 08:00:00,원지(도),경부선,목표(결빙),37.4538,127.0488,35.0,1,-9.376666666666667,-9.5,-9.2,1.0,60
13402,2026-01-02 09:00:00,원지(도),경부선,목표(결빙),37.4538,127.0488,35.0,1,-8.505,-9.2,-7.4,1.0,60
13402,2026-01-02 10:00:00,원지(도),경부선,목표(결빙),37.4538,127.0488,35.0,1,-6.048333333333333,-7.4,-4.7,1.0,60
13402,2026-01-02 11:00:00,원지(도),경부선,목표(결빙),37.4538,127.0488,35.0,1,-3.11,-4.7,-1.6,1.0,60
13402,2026-01-02 12:00:00,원지(도),경부선,목표(결빙),37.4538,127.0488,35.0,1,-0.325,-1.4,0.7,0.6333333333333333,60
13402,2026-01-02 13:00:00,원지(도),경부선,목표(결빙),37.4538,127.0488,35.0,1,1.79,0.6,2.5,0.0,60
13402,2026-01-02 14:00:00,원지(도),경부선,목표(결빙),37.4538,127.0488,35.0,1,0.475,-1.5,2.0,0.38333333333333336,60
13402,2026-01-02 15:00:00,원지(도),경부선,목표(결빙),37.4538,127.0488,35.0,1,-2.5716666666666668,-3.1,-1.7,1.0,60
13402,2026-01-02 16:00:00,원지(도),경부선,목표(결빙),37.4538,127.0488,35.0,1,-3.275,-3.5,-3.0,1.0,60
13402,2026-01-02 17:00:00,원지(도),경부선,목표(결빙),37.4538,127.0488,35.0,1,-3.6116666666666664,-3.9,-3.3,1.0,60
13402,2026-01-02 18:00:00,원지(도),경부선,목표(결빙),37.4538,127.0488,35.0,1,-3.8216666666666668,-4.1,-3.4,1.0,60
13402,2026-01-02 19:00:00,원지(도),경부선,목표(결빙),37.4538,127.0488,35.0,1,-4.053333333333333,-4.4,-3.7,1.0,60
13402,2026-01-02 20:00:00,원지(도),경부선,목표(결빙),37.4538,127.0488,35.0,1,-4.6483333333333325,-4.9,-4.3,1.0,60
13402,2026-01-02 21:00:00,원지(도),경부선,목표(결빙),37.4538,127.0488,35.0,1,-5.125,-5.5,-4.8,1.0,60
13402,2026-01-02 22:00:00,원지(도),경부선,목표(결빙),37.4538,127.0488,35.0,1,-5.79,-6.3,-5.4,1.0,60
13402,2026-01-02 23:00:00,원지(도),경부선,목표(결빙),37.4538,127.0488,35.0,1,-6.5183333333333335,-6.9,-6.1,1.0,60
13402,2026-01-03 00:00:00,원지(도),경부선,목표(결빙),37.4538,127.0488,35.0,1,-7.173333333333333,-7.4,-6.8,1.0,60
13402,2026-01-03 01:00:00,원지(도),경부선,목표(결빙),37.4538,127.0488,35.0,1,-7.766666666666667,-8.3,-7.4,1.0,60
13402,2026-01-03 02:00:00,원지(도),경부선,목표(결빙),37.4538,127.0488,35.0,1,-8.613333333333333,-9.0,-8.2,1.0,60
13402,2026-01-03 03:00:00,원지(도),경부선,목표(결빙),37.4538,127.0488,35.0,1,-9.206666666666667,-9.5,-8.8,1.0,60
13402,2026-01-03 04:00:00,원지(도),경부선,목표(결빙),37.4538,127.0488,35.0,1,-9.658333333333333,-9.9,-9.4,1.0,60
13402,2026-01-03 05:00:00,원지(도),경부선,목표(결빙),37.4538,127.0488,35.0,1,-9.933333333333334,-10.1,-9.4,1.0,60
13402,2026-01-03 06:00:00,원지(도),경부선,목표(결빙),37.4538,127.0488,35.0,1,-10.071666666666665,-10.2,-9.9,1.0,60
13402,2026-01-03 07:00:00,원지(도),경부선,목표(결빙),37.4538,127.0488,35.0,1,-10.008333333333333,-10.2,-9.8,1.0,60
13402,2026-01-03 08:00:00,원지(도),경부선,목표(결빙),37.4538,127.0488,35.0,1,-9.893333333333334,-10.1,-9.6,1.0,60
13402,2026-01-03 09:00:00,원지(도),경부선,목표(결빙),37.4538,127.0488,35.0,1,-9.03,-9.9,-7.6,1.0,60
13402,2026-01-03 10:00:00,원지(도),경부선,목표(결빙),37.4538,127.0488,35.0,1,-5.598333333333333,-7.3,-3.9,1.0,60
13402,2026-01-03 11:00:00,원지(도),경부선,목표(결빙),37.4538,127.0488,35.0,1,-2.231666666666667,-3.7,-0.8,1.0,60
13402,2026-01-03 12:00:00,원지(도),경부선,목표(결빙),37.4538,127.0488,35.0,1,-0.029999999999999992,-1.4,1.7,0.55,60
13402,2026-01-03 13:00:00,원지(도),경부선,목표(결빙),37.4538,127.0488,35.0,1,2.5949999999999998,1.7,3.8,0.0,60
13402,2026-01-03 14:00:00,원지(도),경부선,목표(결빙),37.4538,127.0488,35.0,1,2.2,1.7,2.8,0.0,60
13402,2026-01-03 15:00:00,원지(도),경부선,목표(결빙),37.4538,127.0488,35.0,1,2.2383333333333337,2.0,2.5,0.0,60
13402,2026-01-03 16:00:00,원지(도),경부선,목표(결빙),37.4538,127.0488,35.0,1,2.015,1.6,2.3,0.0,60
13402,2026-01-03 17:00:00,원지(도),경부선,목표(결빙),37.4538,127.0488,35.0,1,1.305,1.1,1.6,0.0,60
13402,2026-01-03 18:00:00,원지(도),경부선,목표(결빙),37.4538,127.0488,35.0,1,0.51,-0.4,1.3,0.3,60
13402,2026-01-03 19:00:00,원지(도),경부선,목표(결빙),37.4538,127.0488,35.0,1,-0.5583333333333333,-1.2,-0.3,1.0,60
13402,2026-01-03 20:00:00,원지(도),경부선,목표(결빙),37.4538,127.0488,35.0,1,-1.6700000000000002,-2.0,-1.2,1.0,60
13402,2026-01-03 21:00:00,원지(도),경부선,목표(결빙),37.4538,127.0488,35.0,1,-2.0416666666666665,-2.5,-1.6,1.0,60
13402,2026-01-03 22:00:00,원지(도),경부선,목표(결빙),37.4538,127.0488,35.0,1,-1.44,-2.0,-1.1,1.0,60
13402,2026-01-03 23:00:00,원지(도),경부선,목표(결빙),37.4538,127.0488,35.0,1,-1.2966666666666666,-1.5,-0.9,1.0,60
13402,2026-01-04 00:00:00,원지(도),경부선,목표(결빙),37.4538,127.0488,35.0,1,-1.5916666666666666,-2.3,-1.0,1.0,60
13402,2026-01-04 01:00:00,원지(도),경부선,목표(결빙),37.4538,127.0488,35.0,1,-2.4733333333333336,-2.7,-2.2,1.0,60
13402,2026-01-04 02:00:00,원지(도),경부선,목표(결빙),37.4538,127.0488,35.0,1,-2.7616666666666663,-3.0,-2.5,1.0,60
13402,2026-01-04 03:00:00,원지(도),경부선,목표(결빙),37.4538,127.0488,35.0,1,-2.3883333333333336,-2.8,-2.1,1.0,60
13402,2026-01-04 04:00:00,원지(도),경부선,목표(결빙),37.4538,127.0488,35.0,1,-2.6550000000000002,-3.5,-2.1,1.0,60
13402,2026-01-04 05:00:00,원지(도),경부선,목표(결빙),37.4538,127.0488,35.0,1,-3.5283333333333333,-4.1,-3.0,1.0,60
13402,2026-01-04 06:00:00,원지(도),경부선,목표(결빙),37.4538,127.0488,35.0,1,-3.14,-3.4,-2.8,1.0,60
13402,2026-01-04 07:00:00,원지(도),경부선,목표(결빙),37.4538,127.0488,35.0,1,-3.8266666666666667,-4.2,-3.1,1.0,60
13402,2026-01-04 08:00:00,원지(도),경부선,목표(결빙),37.4538,127.0488,35.0,1,-3.7933333333333334,-4.2,-3.1,1.0,60
13402,2026-01-04 09:00:00,원지(도),경부선,목표(결빙),37.4538,127.0488,35.0,1,-3.6683333333333334,-4.0,-3.2,1.0,60
13402,2026-01-04 10:00:00,원지(도),경부선,목표(결빙),37.4538,127.0488,35.0,1,-1.3383333333333334,-3.3,0.6,0.8833333333333333,60
13402,2026-01-04 11:00:00,원지(도),경부선,목표(결빙),37.4538,127.0488,35.0,1,2.856666666666667,0.8,4.5,0.0,60
13402,2026-01-04 12:00:00,원지(도),경부선,목표(결빙),37.4538,127.0488,35.0,1,6.015,4.7,7.2,0.0,60
13402,2026-01-04 13:00:00,원지(도),경부선,목표(결빙),37.4538,127.0488,35.0,1,7.776666666666667,6.9,8.7,0.0,60
13402,2026-01-04 14:00:00,원지(도),경부선,목표(결빙),37.4538,127.0488,35.0,1,6.781666666666666,5.0,8.5,0.0,60
13402,2026-01-04 15:00:00,원지(도),경부선,목표(결빙),37.4538,127.0488,35.0,1,4.798333333333333,4.3,5.2,0.0,60
13402,2026-01-04 16:00:00,원지(도),경부선,목표(결빙),37.4538,127.0488,35.0,1,4.113333333333333,3.8,4.5,0.0,60
13402,2026-01-04 17:00:00,원지(도),경부선,목표(결빙),37.4538,127.0488,35.0,1,4.306666666666667,3.5,4.7,0.0,60
13402,2026-01-04 18:00:00,원지(도),경부선,목표(결빙),37.4538,127.0488,35.0,1,3.0016666666666665,2.5,3.5,0.0,60
13402,2026-01-04 19:00:00,원지(도),경부선,목표(결빙),37.4538,127.0488,35.0,1,2.5283333333333333,2.0,2.8,0.0,60
13402,2026-01-04 20:00:00,원지(도),경부선,목표(결빙),37.4538,127.0488,35.0,1,2.0216666666666665,1.4,2.5,0.0,60
13402,2026-01-04 21:00:00,원지(도),경부선,목표(결빙),37.4538,127.0488,35.0,1,0.8416666666666667,0.4,1.5,0.0,60
13402,2026-01-04 22:00:00,원지(도),경부선,목표(결빙),37.4538,127.0488,35.0,1,0.5433333333333333,0.0,1.1,0.06666666666666667,60
13402,2026-01-04 23:00:00,원지(도),경부선,목표(결빙),37.4538,127.0488,35.0,1,0.035,-0.4,0.3,0.5333333333333333,60
13402,2026-01-05 00:00:00,원지(도),경부선,목표(결빙),37.4538,127.0488,35.0,1,-0.12333333333333332,-0.7,0.4,0.7,60
13402,2026-01-05 01:00:00,원지(도),경부선,목표(결빙),37.4538,127.0488,35.0,1,0.025,-0.5,0.4,0.5333333333333333,60
13402,2026-01-05 02:00:00,원지(도),경부선,목표(결빙),37.4538,127.0488,35.0,1,-0.5883333333333333,-1.0,-0.3,1.0,60
13402,2026-01-05 03:00:00,원지(도),경부선,목표(결빙),37.4538,127.0488,35.0,1,-0.9483333333333334,-1.4,-0.5,1.0,60
13402,2026-01-05 04:00:00,원지(도),경부선,목표(결빙),37.4538,127.0488,35.0,1,-2.0483333333333333,-2.6,-1.5,1.0,60
13402,2026-01-05 05:00:00,원지(도),경부선,목표(결빙),37.4538,127.0488,35.0,1,-3.0433333333333334,-3.5,-2.5,1.0,60
13402,2026-01-05 06:00:00,원지(도),경부선,목표(결빙),37.4538,127.0488,35.0,1,-3.315,-3.7,-2.9,1.0,60
13402,2026-01-05 07:00:00,원지(도),경부선,목표(결빙),37.4538,127.0488,35.0,1,-3.671666666666667,-4.0,-3.4,1.0,60
13402,2026-01-05 08:00:00,원지(도),경부선,목표(결빙),37.4538,127.0488,35.0,1,-3.8333333333333335,-4.2,-3.5,1.0,60
13402,2026-01-05 09:00:00,원지(도),경부선,목표(결빙),37.4538,127.0488,35.0,1,-3.2066666666666666,-4.0,-1.8,1.0,60
13402,2026-01-05 10:00:00,원지(도),경부선,목표(결빙),37.4538,127.0488,35.0,1,-0.13333333333333333,-1.8,1.1,0.5666666666666667,60
13402,2026-01-05 11:00:00,원지(도),경부선,목표(결빙),37.4538,127.0488,35.0,1,2.625,1.2,3.9,0.0,60
13402,2026-01-05 12:00:00,원지(도),경부선,목표(결빙),37.4538,127.0488,35.0,1,5.223333333333333,3.7,6.6,0.0,60
13402,2026-01-05 13:00:00,원지(도),경부선,목표(결빙),37.4538,127.0488,35.0,1,6.891666666666667,6.4,7.4,0.0,60
13402,2026-01-05 14:00:00,원지(도),경부선,목표(결빙),37.4538,127.0488,35.0,1,5.5633333333333335,3.3,7.2,0.0,60
13402,2026-01-05 15:00:00,원지(도),경부선,목표(결빙),37.4538,127.0488,35.0,1,2.4233333333333333,1.8,3.3,0.0,60
13402,2026-01-05 16:00:00,원지(도),경부선,목표(결빙),37.4538,127.0488,35.0,1,1.5433333333333332,1.3,2.0,0.0,60
13402,2026-01-05 17:00:00,원지(도),경부선,목표(결빙),37.4538,127.0488,35.0,1,1.1400000000000001,0.9,1.5,0.0,60
13402,2026-01-05 18:00:00,원지(도),경부선,목표(결빙),37.4538,127.0488,35.0,1,0.8583333333333333,0.5,1.2,0.0,60
13402,2026-01-05 19:00:00,원지(도),경부선,목표(결빙),37.4538,127.0488,35.0,1,0.13833333333333334,-0.2,0.5,0.4,60
13402,2026-01-05 20:00:00,원지(도),경부선,목표(결빙),37.4538,127.0488,35.0,1,-0.46499999999999997,-0.8,-0.1,1.0,60
13402,2026-01-05 21:00:00,원지(도),경부선,목표(결빙),37.4538,127.0488,35.0,1,-0.9716666666666668,-1.4,-0.7,1.0,60
13402,2026-01-05 22:00:00,원지(도),경부선,목표(결빙),37.4538,127.0488,35.0,1,-1.5716666666666665,-1.9,-1.3,1.0,60
13402,2026-01-05 23:00:00,원지(도),경부선,목표(결빙),37.4538,127.0488,35.0,1,-2.205,-2.7,-1.8,1.0,60
13402,2026-01-06 00:00:00,원지(도),경부선,목표(결빙),37.4538,127.0488,35.0,1,-2.8366666666666664,-3.1,-2.5,1.0,60
13402,2026-01-06 01:00:00,원지(도),경부선,목표(결빙),37.4538,127.0488,35.0,1,-3.8583333333333334,-4.4,-3.1,1.0,60
13402,2026-01-06 02:00:00,원지(도),경부선,목표(결빙),37.4538,127.0488,35.0,1,-4.708333333333333,-5.7,-4.2,1.0,60
13402,2026-01-06 03:00:00,원지(도),경부선,목표(결빙),37.4538,127.0488,35.0,1,-5.461666666666667,-6.0,-4.9,1.0,60
13402,2026-01-06 04:00:00,원지(도),경부선,목표(결빙),37.4538,127.0488,35.0,1,-6.108333333333333,-6.6,-5.6,1.0,60
13402,2026-01-06 05:00:00,원지(도),경부선,목표(결빙),37.4538,127.0488,35.0,1,-6.543333333333334,-6.8,-6.2,1.0,60
13402,2026-01-06 06:00:00,원지(도),경부선,목표(결빙),37.4538,127.0488,35.0,1,-6.765,-7.0,-6.5,1.0,60
13402,2026-01-06 07:00:00,원지(도),경부선,목표(결빙),37.4538,127.0488,35.0,1,-6.733333333333333,-6.9,-6.6,1.0,60
13402,2026-01-06 08:00:00,원지(도),경부선,목표(결빙),37.4538,127.0488,35.0,1,-6.8516666666666675,-7.1,-6.6,1.0,60
13402,2026-01-06 09:00:00,원지(도),경부선,목표(결빙),37.4538,127.0488,35.0,1,-5.885000000000001,-6.7,-4.2,1.0,60
13402,2026-01-06 10:00:00,원지(도),경부선,목표(결빙),37.4538,127.0488,35.0,1,-2.6516666666666664,-4.3,-0.9,1.0,60
13402,2026-01-06 11:00:00,원지(도),경부선,목표(결빙),37.4538,127.0488,35.0,1,1.0683333333333331,-0.9,3.0,0.2,60
13402,2026-01-06 12:00:00,원지(도),경부선,목표(결빙),37.4538,127.0488,35.0,1,4.706666666666666,3.0,6.3,0.0,60
13402,2026-01-06 13:00:00,원지(도),경부선,목표(결빙),37.4538,127.0488,35.0,1,7.2716666666666665,6.3,7.9,0.0,60
13402,2026-01-06 14:00:00,원지(도),경부선,목표(결빙),37.4538,127.0488,35.0,1,6.8566666666666665,6.2,8.1,0.0,60
13402,2026-01-06 15:00:00,원지(도),경부선,목표(결빙),37.4538,127.0488,35.0,1,6.2283333333333335,6.0,6.5,0.0,60
13402,2026-01-06 16:00:00,원지(도),경부선,목표(결빙),37.4538,127.0488,35.0,1,5.5633333333333335,4.8,6.2,0.0,60
13402,2026-01-06 17:00:00,원지(도),경부선,목표(결빙),37.4538,127.0488,35.0,1,5.085,4.7,5.4,0.0,60
13402,2026-01-06 18:00:00,원지(도),경부선,목표(결빙),37.4538,127.0488,35.0,1,4.223333333333334,3.5,4.6,0.0,60
13402,2026-01-06 19:00:00,원지(도),경부선,목표(결빙),37.4538,127.0488,35.0,1,2.89,2.3,3.5,0.0,60
13402,2026-01-06 20:00:00,원지(도),경부선,목표(결빙),37.4538,127.0488,35.0,1,1.6133333333333333,1.0,2.3,0.0,60
13402,2026-01-06 21:00:00,원지(도),경부선,목표(결빙),37.4538,127.0488,35.0,1,1.1266666666666667,0.6,1.6,0.0,60
13402,2026-01-06 22:00:00,원지(도),경부선,목표(결빙),37.4538,127.0488,35.0,1,1.6866666666666668,0.9,2.3,0.0,60
13402,2026-01-06 23:00:00,원지(도),경부선,목표(결빙),37.4538,127.0488,35.0,1,1.9200000000000002,1.5,2.1,0.0,60
13402,2026-01-07 00:00:00,원지(도),경부선,목표(결빙),37.4538,127.0488,35.0,14,2.07,1.4,2.5,0.0,60
13402,2026-01-07 01:00:00,원지(도),경부선,목표(결빙),37.4538,127.0488,35.0,14,1.3166666666666667,0.3,1.9,0.0,60
13402,2026-01-07 02:00:00,원지(도),경부선,목표(결빙),37.4538,127.0488,35.0,14,0.045000000000000005,-0.7,0.7,0.4666666666666667,60
13402,2026-01-07 03:00:00,원지(도),경부선,목표(결빙),37.4538,127.0488,35.0,1,-0.64,-1.0,-0.3,1.0,60
13402,2026-01-07 04:00:00,원지(도),경부선,목표(결빙),37.4538,127.0488,35.0,1,-1.0666666666666667,-1.6,-0.6,1.0,60
13402,2026-01-07 05:00:00,원지(도),경부선,목표(결빙),37.4538,127.0488,35.0,14,-0.63,-1.0,-0.3,1.0,60
13402,2026-01-07 06:00:00,원지(도),경부선,목표(결빙),37.4538,127.0488,35.0,14,0.5950000000000001,-0.3,2.1,0.23333333333333334,60
13402,2026-01-07 07:00:00,원지(도),경부선,목표(결빙),37.4538,127.0488,35.0,14,2.8833333333333333,2.1,3.4,0.0,60
13402,2026-01-07 08:00:00,원지(도),경부선,목표(결빙),37.4538,127.0488,35.0,1,2.8433333333333333,2.4,3.2,0.0,60
13402,2026-01-07 09:00:00,원지(도),경부선,목표(결빙),37.4538,127.0488,35.0,1,2.4033333333333333,2.2,2.7,0.0,60
13402,2026-01-07 10:00:00,원지(도),경부선,목표(결빙),37.4538,127.0488,35.0,1,3.175,2.3,4.1,0.0,60
13402,2026-01-07 11:00:00,원지(도),경부선,목표(결빙),37.4538,127.0488,35.0,1,5.121666666666667,4.0,6.4,0.0,60
13402,2026-01-07 12:00:00,원지(도),경부선,목표(결빙),37.4538,127.0488,35.0,1,7.421666666666667,6.2,8.6,0.0,60
13402,2026-01-07 13:00:00,원지(도),경부선,목표(결빙),37.4538,127.0488,35.0,1,9.148333333333333,8.4,10.0,0.0,60
13402,2026-01-07 14:00:00,원지(도),경부선,목표(결빙),37.4538,127.0488,35.0,1,7.645,5.3,9.7,0.0,60
13402,2026-01-07 15:00:00,원지(도),경부선,목표(결빙),37.4538,127.0488,35.0,1,4.298333333333333,3.5,5.3,0.0,60
13402,2026-01-07 16:00:00,원지(도),경부선,목표(결빙),37.4538,127.0488,35.0,1,3.2150000000000003,2.8,3.9,0.0,60
13402,2026-01-07 17:00:00,원지(도),경부선,목표(결빙),37.4538,127.0488,35.0,1,2.6216666666666666,2.3,3.1,0.0,60
13402,2026-01-07 18:00:00,원지(도),경부선,목표(결빙),37.4538,127.0488,35.0,1,1.8933333333333333,1.5,2.3,0.0,60
13402,2026-01-07 19:00:00,원지(도),경부선,목표(결빙),37.4538,127.0488,35.0,1,0.8916666666666667,0.3,1.5,0.0,60
13402,2026-01-07 20:00:00,원지(도),경부선,목표(결빙),37.4538,127.0488,35.0,1,-0.3,-0.9,0.3,0.6833333333333333,60
13402,2026-01-07 21:00:00,원지(도),경부선,목표(결빙),37.4538,127.0488,35.0,1,-1.445,-1.9,-1.0,1.0,60
13402,2026-01-07 22:00:00,원지(도),경부선,목표(결빙),37.4538,127.0488,35.0,1,-2.0733333333333333,-2.3,-1.7,1.0,60
13402,2026-01-07 23:00:00,원지(도),경부선,목표(결빙),37.4538,127.0488,35.0,1,-2.521666666666667,-2.8,-2.2,1.0,60
13402,2026-01-08 00:00:00,원지(도),경부선,목표(결빙),37.4538,127.0488,35.0,1,-2.9949999999999997,-3.3,-2.7,1.0,60
13402,2026-01-08 01:00:00,원지(도),경부선,목표(결빙),37.4538,127.0488,35.0,1,-3.5616666666666665,-3.9,-3.2,1.0,60
13402,2026-01-08 02:00:00,원지(도),경부선,목표(결빙),37.4538,127.0488,35.0,1,-4.161666666666666,-4.4,-3.9,1.0,60
13402,2026-01-08 03:00:00,원지(도),경부선,목표(결빙),37.4538,127.0488,35.0,1,-4.661666666666666,-4.8,-4.5,1.0,60
13402,2026-01-08 04:00:00,원지(도),경부선,목표(결빙),37.4538,127.0488,35.0,1,-5.036666666666666,-5.2,-4.8,1.0,60
13402,2026-01-08 05:00:00,원지(도),경부선,목표(결빙),37.4538,127.0488,35.0,1,-5.378333333333333,-5.5,-5.2,1.0,60
13402,2026-01-08 06:00:00,원지(도),경부선,목표(결빙),37.4538,127.0488,35.0,1,-5.528333333333333,-5.6,-5.4,1.0,60
13402,2026-01-08 07:00:00,원지(도),경부선,목표(결빙),37.4538,127.0488,35.0,1,-5.448333333333334,-5.6,-5.3,1.0,60
13402,2026-01-08 08:00:00,원지(도),경부선,목표(결빙),37.4538,127.0488,35.0,1,-5.595,-5.8,-5.4,1.0,60
13402,2026-01-08 09:00:00,원지(도),경부선,목표(결빙),37.4538,127.0488,35.0,1,-5.128333333333333,-5.5,-4.4,1.0,60
13402,2026-01-08 10:00:00,원지(도),경부선,목표(결빙),37.4538,127.0488,35.0,1,-3.1383333333333336,-4.3,-1.9,1.0,60
13402,2026-01-08 11:00:00,원지(도),경부선,목표(결빙),37.4538,127.0488,35.0,1,-0.3266666666666667,-1.8,1.2,0.6333333333333333,60
13402,2026-01-08 12:00:00,원지(도),경부선,목표(결빙),37.4538,127.0488,35.0,1,2.445,1.4,3.6,0.0,60
13402,2026-01-08 13:00:00,원지(도),경부선,목표(결빙),37.4538,127.0488,35.0,1,4.348333333333333,3.5,5.0,0.0,60
13402,2026-01-08 14:00:00,원지(도),경부선,목표(결빙),37.4538,127.0488,35.0,1,3.3983333333333334,1.0,5.2,0.0,60
13402,2026-01-08 15:00:00,원지(도),경부선,목표(결빙),37.4538,127.0488,35.0,1,-0.22833333333333333,-1.0,1.1,0.75,60
13402,2026-01-08 16:00:00,원지(도),경부선,목표(결빙),37.4538,127.0488,35.0,1,-1.1700000000000002,-1.4,-0.9,1.0,60
13402,2026-01-08 17:00:00,원지(도),경부선,목표(결빙),37.4538,127.0488,35.0,1,-1.28,-1.5,-1.1,1.0,60
13402,2026-01-08 18:00:00,원지(도),경부선,목표(결빙),37.4538,127.0488,35.0,1,-1.7066666666666668,-2.5,-1.1,1.0,60
13402,2026-01-08 19:00:00,원지(도),경부선,목표(결빙),37.4538,127.0488,35.0,1,-2.685,-3.0,-2.3,1.0,60
13402,2026-01-08 20:00:00,원지(도),경부선,목표(결빙),37.4538,127.0488,35.0,1,-2.9233333333333333,-3.6,-2.4,1.0,60
13402,2026-01-08 21:00:00,원지(도),경부선,목표(결빙),37.4538,127.0488,35.0,1,-4.173333333333334,-4.9,-3.4,1.0,60
13402,2026-01-08 22:00:00,원지(도),경부선,목표(결빙),37.4538,127.0488,35.0,1,-5.003333333333333,-5.5,-4.7,1.0,60
13402,2026-01-08 23:00:00,원지(도),경부선,목표(결빙),37.4538,127.0488,35.0,1,-5.581666666666666,-5.9,-5.3,1.0,60
13402,2026-01-09 00:00:00,원지(도),경부선,목표(결빙),37.4538,127.0488,35.0,1,-6.0600000000000005,-6.5,-5.7,1.0,60
13402,2026-01-09 01:00:00,원지(도),경부선,목표(결빙),37.4538,127.0488,35.0,1,-6.505,-6.9,-6.2,1.0,60
13402,2026-01-09 02:00:00,원지(도),경부선,목표(결빙),37.4538,127.0488,35.0,1,-6.83,-7.2,-6.4,1.0,60
13402,2026-01-09 03:00:00,원지(도),경부선,목표(결빙),37.4538,127.0488,35.0,1,-6.971666666666667,-7.3,-6.7,1.0,60
13402,2026-01-09 04:00:00,원지(도),경부선,목표(결빙),37.4538,127.0488,35.0,1,-7.073333333333333,-7.3,-6.8,1.0,60
13402,2026-01-09 05:00:00,원지(도),경부선,목표(결빙),37.4538,127.0488,35.0,1,-7.048333333333333,-7.2,-6.8,1.0,60
13402,2026-01-09 06:00:00,원지(도),경부선,목표(결빙),37.4538,127.0488,35.0,1,-6.836666666666667,-7.1,-6.4,1.0,60
13402,2026-01-09 07:00:00,원지(도),경부선,목표(결빙),37.4538,127.0488,35.0,1,-5.239999999999999,-6.6,-4.6,1.0,60
13402,2026-01-09 08:00:00,원지(도),경부선,목표(결빙),37.4538,127.0488,35.0,1,-4.42,-4.9,-3.8,1.0,60
13402,2026-01-09 09:00:00,원지(도),경부선,목표(결빙),37.4538,127.0488,35.0,1,-3.146666666666667,-3.7,-2.7,1.0,60
13402,2026-01-09 10:00:00,원지(도),경부선,목표(결빙),37.4538,127.0488,35.0,1,-1.4849999999999999,-2.7,0.6,0.9166666666666666,60
13402,2026-01-09 11:00:00,원지(도),경부선,목표(결빙),37.4538,127.0488,35.0,1,2.5733333333333333,0.8,4.3,0.0,60
13402,2026-01-09 12:00:00,원지(도),경부선,목표(결빙),37.4538,127.0488,35.0,1,4.2683333333333335,3.6,5.4,0.0,60
13402,2026-01-09 13:00:00,원지(도),경부선,목표(결빙),37.4538,127.0488,35.0,1,4.345,3.2,5.4,0.0,60
13402,2026-01-09 14:00:00,원지(도),경부선,목표(결빙),37.4538,127.0488,35.0,1,5.21,4.2,6.0,0.0,60
13402,2026-01-09 15:00:00,원지(도),경부선,목표(결빙),37.4538,127.0488,35.0,1,5.416666666666667,5.1,5.9,0.0,60
13402,2026-01-09 16:00:00,원지(도),경부선,목표(결빙),37.4538,127.0488,35.0,1,5.301666666666667,5.1,5.5,0.0,60
13402,2026-01-09 17:00:00,원지(도),경부선,목표(결빙),37.4538,127.0488,35.0,1,5.0616666666666665,4.9,5.2,0.0,60
13402,2026-01-09 18:00:00,원지(도),경부선,목표(결빙),37.4538,127.0488,35.0,1,5.158333333333333,4.9,5.4,0.0,60
13402,2026-01-09 19:00:00,원지(도),경부선,목표(결빙),37.4538,127.0488,35.0,1,5.155,5.0,5.5,0.0,60
13402,2026-01-09 20:00:00,원지(도),경부선,목표(결빙),37.4538,127.0488,35.0,1,4.943333333333333,4.7,5.2,0.0,60
13402,2026-01-09 21:00:00,원지(도),경부선,목표(결빙),37.4538,127.0488,35.0,1,4.681666666666667,4.4,5.0,0.0,60
13402,2026-01-09 22:00:00,원지(도),경부선,목표(결빙),37.4538,127.0488,35.0,1,4.843333333333334,4.5,5.3,0.0,60
13402,2026-01-09 23:00:00,원지(도),경부선,목표(결빙),37.4538,127.0488,35.0,1,4.933333333333334,4.7,5.2,0.0,60
13402,2026-01-10 00:00:00,원지(도),경부선,목표(결빙),37.4538,127.0488,35.0,1,4.805000000000001,4.6,5.1,0.0,60
13402,2026-01-10 01:00:00,원지(도),경부선,목표(결빙),37.4538,127.0488,35.0,1,4.738333333333333,4.6,4.9,0.0,60
13402,2026-01-10 02:00:00,원지(도),경부선,목표(결빙),37.4538,127.0488,35.0,14,4.256666666666667,3.7,4.9,0.0,60
13402,2026-01-10 03:00:00,원지(도),경부선,목표(결빙),37.4538,127.0488,35.0,2,4.711666666666667,4.1,5.1,0.0,60
13402,2026-01-10 04:00:00,원지(도),경부선,목표(결빙),37.4538,127.0488,35.0,2,4.921666666666667,3.8,5.3,0.0,60
13402,2026-01-10 05:00:00,원지(도),경부선,목표(결빙),37.4538,127.0488,35.0,2,5.3983333333333325,5.1,5.6,0.0,60
13402,2026-01-10 06:00:00,원지(도),경부선,목표(결빙),37.4538,127.0488,35.0,2,5.5649999999999995,5.4,5.7,0.0,60
13402,2026-01-10 07:00:00,원지(도),경부선,목표(결빙),37.4538,127.0488,35.0,2,5.928333333333333,5.6,6.3,0.0,60
13402,2026-01-10 08:00:00,원지(도),경부선,목표(결빙),37.4538,127.0488,35.0,2,5.53,5.1,6.1,0.0,60
13402,2026-01-10 09:00:00,원지(도),경부선,목표(결빙),37.4538,127.0488,35.0,2,5.011666666666667,4.6,5.3,0.0,60
13402,2026-01-10 10:00:00,원지(도),경부선,목표(결빙),37.4538,127.0488,35.0,14,4.886666666666667,4.5,5.4,0.0,60
13402,2026-01-10 11:00:00,원지(도),경부선,목표(결빙),37.4538,127.0488,35.0,1,6.128333333333333,5.3,7.2,0.0,60
13402,2026-01-10 12:00:00,원지(도),경부선,목표(결빙),37.4538,127.0488,35.0,1,6.998333333333333,6.1,8.2,0.0,60
13402,2026-01-10 13:00:00,원지(도),경부선,목표(결빙),37.4538,127.0488,35.0,1,5.883333333333334,4.9,6.9,0.0,60
13402,2026-01-10 14:00:00,원지(도),경부선,목표(결빙),37.4538,127.0488,35.0,1,6.993333333333334,6.1,8.4,0.0,60
13402,2026-01-10 15:00:00,원지(도),경부선,목표(결빙),37.4538,127.0488,35.0,1,5.261666666666667,4.5,6.0,0.0,60
13402,2026-01-10 16:00:00,원지(도),경부선,목표(결빙),37.4538,127.0488,35.0,1,4.321666666666667,3.8,4.9,0.0,60
13402,2026-01-10 17:00:00,원지(도),경부선,목표(결빙),37.4538,127.0488,35.0,1,2.8766666666666665,1.9,3.8,0.0,60
13402,2026-01-10 18:00:00,원지(도),경부선,목표(결빙),37.4538,127.0488,35.0,14,1.3116666666666668,0.4,2.0,0.0,60
13402,2026-01-10 19:00:00,원지(도),경부선,목표(결빙),37.4538,127.0488,35.0,14,0.8450000000000001,0.5,1.2,0.0,60
13402,2026-01-10 20:00:00,원지(도),경부선,목표(결빙),37.4538,127.0488,35.0,14,0.11166666666666665,-0.5,0.7,0.48333333333333334,60
13402,2026-01-10 21:00:00,원지(도),경부선,목표(결빙),37.4538,127.0488,35.0,1,-0.5566666666666666,-0.8,-0.2,1.0,60
13402,2026-01-10 22:00:00,원지(도),경부선,목표(결빙),37.4538,127.0488,35.0,1,-1.1233333333333335,-1.7,-0.7,1.0,60
13402,2026-01-10 23:00:00,원지(도),경부선,목표(결빙),37.4538,127.0488,35.0,1,-2.205,-2.7,-1.7,1.0,60
13402,2026-01-11 00:00:00,원지(도),경부선,목표(결빙),37.4538,127.0488,35.0,1,-3.046666666666667,-3.4,-2.6,1.0,60
13402,2026-01-11 01:00:00,원지(도),경부선,목표(결빙),37.4538,127.0488,35.0,1,-3.735,-4.1,-3.4,1.0,60
13402,2026-01-11 02:00:00,원지(도),경부선,목표(결빙),37.4538,127.0488,35.0,1,-4.3966666666666665,-4.8,-4.0,1.0,60
13402,2026-01-11 03:00:00,원지(도),경부선,목표(결빙),37.4538,127.0488,35.0,1,-5.1,-5.4,-4.8,1.0,60
13402,2026-01-11 04:00:00,원지(도),경부선,목표(결빙),37.4538,127.0488,35.0,1,-5.596666666666667,-5.9,-5.4,1.0,60
13402,2026-01-11 05:00:00,원지(도),경부선,목표(결빙),37.4538,127.0488,35.0,1,-5.965,-6.2,-5.8,1.0,60
13402,2026-01-11 06:00:00,원지(도),경부선,목표(결빙),37.4538,127.0488,35.0,1,-6.336666666666667,-6.5,-6.1,1.0,60
13402,2026-01-11 07:00:00,원지(도),경부선,목표(결빙),37.4538,127.0488,35.0,1,-6.508333333333334,-6.6,-6.4,1.0,60
13402,2026-01-11 08:00:00,원지(도),경부선,목표(결빙),37.4538,127.0488,35.0,1,-6.605,-6.7,-6.5,1.0,60
13402,2026-01-11 09:00:00,원지(도),경부선,목표(결빙),37.4538,127.0488,35.0,1,-6.141666666666667,-6.6,-5.3,1.0,60
13402,2026-01-11 10:00:00,원지(도),경부선,목표(결빙),37.4538,127.0488,35.0,1,-3.985,-5.3,-2.7,1.0,60
13402,2026-01-11 11:00:00,원지(도),경부선,목표(결빙),37.4538,127.0488,35.0,1,-1.3166666666666667,-2.6,0.0,1.0,60
13402,2026-01-11 12:00:00,원지(도),경부선,목표(결빙),37.4538,127.0488,35.0,1,1.2366666666666668,0.1,2.4,0.0,60
13402,2026-01-11 13:00:00,원지(도),경부선,목표(결빙),37.4538,127.0488,35.0,1,3.146666666666667,2.4,3.8,0.0,60
13402,2026-01-11 14:00:00,원지(도),경부선,목표(결빙),37.4538,127.0488,35.0,1,2.2983333333333333,0.2,3.7,0.0,60
13402,2026-01-11 15:00:00,원지(도),경부선,목표(결빙),37.4538,127.0488,35.0,1,-1.2,-2.0,0.2,0.9666666666666667,60
13402,2026-01-11 16:00:00,원지(도),경부선,목표(결빙),37.4538,127.0488,35.0,1,-2.2933333333333334,-2.7,-1.9,1.0,60
13402,2026-01-11 17:00:00,원지(도),경부선,목표(결빙),37.4538,127.0488,35.0,1,-2.5633333333333335,-2.8,-2.3,1.0,60
13402,2026-01-11 18:00:00,원지(도),경부선,목표(결빙),37.4538,127.0488,35.0,1,-3.185,-3.6,-2.7,1.0,60
13402,2026-01-11 19:00:00,원지(도),경부선,목표(결빙),37.4538,127.0488,35.0,1,-3.8400000000000003,-4.2,-3.6,1.0,60
13402,2026-01-11 20:00:00,원지(도),경부선,목표(결빙),37.4538,127.0488,35.0,1,-4.466666666666667,-4.8,-4.2,1.0,60
13402,2026-01-11 21:00:00,원지(도),경부선,목표(결빙),37.4538,127.0488,35.0,1,-4.943333333333333,-5.2,-4.7,1.0,60
13402,2026-01-11 22:00:00,원지(도),경부선,목표(결빙),37.4538,127.0488,35.0,1,-5.321666666666667,-5.7,-5.1,1.0,60
13402,2026-01-11 23:00:00,원지(도),경부선,목표(결빙),37.4538,127.0488,35.0,1,-6.16,-6.7,-5.6,1.0,60
13402,2026-01-12 00:00:00,원지(도),경부선,목표(결빙),37.4538,127.0488,35.0,1,-7.036666666666666,-7.3,-6.6,1.0,60
13402,2026-01-12 01:00:00,원지(도),경부선,목표(결빙),37.4538,127.0488,35.0,1,-7.631666666666666,-8.1,-7.3,1.0,60
13402,2026-01-12 02:00:00,원지(도),경부선,목표(결빙),37.4538,127.0488,35.0,1,-8.18,-8.4,-7.8,1.0,60
13402,2026-01-12 03:00:00,원지(도),경부선,목표(결빙),37.4538,127.0488,35.0,1,-8.421666666666667,-8.7,-8.0,1.0,60
13402,2026-01-12 04:00:00,원지(도),경부선,목표(결빙),37.4538,127.0488,35.0,1,-8.751666666666667,-9.0,-8.4,1.0,60
13402,2026-01-12 05:00:00,원지(도),경부선,목표(결빙),37.4538,127.0488,35.0,1,-8.561666666666667,-9.1,-8.0,1.0,60
13402,2026-01-12 06:00:00,원지(도),경부선,목표(결빙),37.4538,127.0488,35.0,1,-8.186666666666666,-8.3,-7.9,1.0,60
13402,2026-01-12 07:00:00,원지(도),경부선,목표(결빙),37.4538,127.0488,35.0,1,-7.658333333333333,-7.9,-7.4,1.0,60
13402,2026-01-12 08:00:00,원지(도),경부선,목표(결빙),37.4538,127.0488,35.0,1,-7.6483333333333325,-7.8,-7.5,1.0,60
13402,2026-01-12 09:00:00,원지(도),경부선,목표(결빙),37.4538,127.0488,35.0,1,-6.35,-7.6,-5.4,1.0,60
13402,2026-01-12 10:00:00,원지(도),경부선,목표(결빙),37.4538,127.0488,35.0,1,-4.475,-5.4,-4.0,1.0,60
13402,2026-01-12 11:00:00,원지(도),경부선,목표(결빙),37.4538,127.0488,35.0,1,-3.0233333333333334,-4.0,-1.7,1.0,60
13402,2026-01-12 12:00:00,원지(도),경부선,목표(결빙),37.4538,127.0488,35.0,1,0.23833333333333334,-1.8,2.3,0.4666666666666667,60
13402,2026-01-12 13:00:00,원지(도),경부선,목표(결빙),37.4538,127.0488,35.0,1,3.5316666666666667,2.2,4.8,0.0,60
13402,2026-01-12 14:00:00,원지(도),경부선,목표(결빙),37.4538,127.0488,35.0,1,3.395,2.3,4.9,0.0,60
13402,2026-01-12 15:00:00,원지(도),경부선,목표(결빙),37.4538,127.0488,35.0,14,1.7183333333333333,1.3,2.3,0.0,60
13402,2026-01-12 16:00:00,원지(도),경부선,목표(결빙),37.4538,127.0488,35.0,14,1.915,1.3,2.2,0.0,60
13402,2026-01-12 17:00:00,원지(도),경부선,목표(결빙),37.4538,127.0488,35.0,2,1.1916666666666667,1.0,1.4,0.0,60
13402,2026-01-12 18:00:00,원지(도),경부선,목표(결빙),37.4538,127.0488,35.0,2,1.0183333333333333,0.8,1.2,0.0,60
13402,2026-01-12 19:00:00,원지(도),경부선,목표(결빙),37.4538,127.0488,35.0,2,1.5183333333333333,0.9,2.0,0.0,60
13402,2026-01-12 20:00:00,원지(도),경부선,목표(결빙),37.4538,127.0488,35.0,2,1.6933333333333331,1.4,2.1,0.0,60
13402,2026-01-12 21:00:00,원지(도),경부선,목표(결빙),37.4538,127.0488,35.0,2,1.79,1.6,2.0,0.0,60
13402,2026-01-12 22:00:00,원지(도),경부선,목표(결빙),37.4538,127.0488,35.0,2,2.0616666666666665,1.9,2.2,0.0,60
13402,2026-01-12 23:00:00,원지(도),경부선,목표(결빙),37.4538,127.0488,35.0,2,1.7183333333333333,1.1,2.1,0.0,60
13402,2026-01-13 00:00:00,원지(도),경부선,목표(결빙),37.4538,127.0488,35.0,2,2.308333333333333,1.1,3.1,0.0,60
13402,2026-01-13 01:00:00,원지(도),경부선,목표(결빙),37.4538,127.0488,35.0,2,2.6733333333333333,2.0,3.1,0.0,60
13402,2026-01-13 02:00:00,원지(도),경부선,목표(결빙),37.4538,127.0488,35.0,2,2.25,1.6,2.8,0.0,60
13402,2026-01-13 03:00:00,원지(도),경부선,목표(결빙),37.4538,127.0488,35.0,2,1.4433333333333331,1.0,1.6,0.0,60
13402,2026-01-13 04:00:00,원지(도),경부선,목표(결빙),37.4538,127.0488,35.0,2,0.39166666666666666,-0.1,1.1,0.25,60
13402,2026-01-13 05:00:00,원지(도),경부선,목표(결빙),37.4538,127.0488,35.0,2,-0.31333333333333335,-0.5,-0.1,1.0,60
13402,2026-01-13 06:00:00,원지(도),경부선,목표(결빙),37.4538,127.0488,35.0,2,-0.605,-0.9,-0.3,1.0,60
13402,2026-01-13 07:00:00,원지(도),경부선,목표(결빙),37.4538,127.0488,35.0,2,-0.8983333333333333,-1.0,-0.7,1.0,60
13402,2026-01-13 08:00:00,원지(도),경부선,목표(결빙),37.4538,127.0488,35.0,2,-1.4333333333333333,-1.7,-0.9,1.0,60
13402,2026-01-13 09:00:00,원지(도),경부선,목표(결빙),37.4538,127.0488,35.0,2,-1.7433333333333332,-2.0,-1.4,1.0,60
13402,2026-01-13 10:00:00,원지(도),경부선,목표(결빙),37.4538,127.0488,35.0,14,-0.7433333333333334,-1.5,0.0,1.0,60
13402,2026-01-13 11:00:00,원지(도),경부선,목표(결빙),37.4538,127.0488,35.0,1,1.3416666666666666,0.1,2.6,0.0,60
13402,2026-01-13 12:00:00,원지(도),경부선,목표(결빙),37.4538,127.0488,35.0,1,3.9866666666666664,2.6,5.1,0.0,60
13402,2026-01-13 13:00:00,원지(도),경부선,목표(결빙),37.4538,127.0488,35.0,1,5.473333333333333,5.0,5.8,0.0,60
13402,2026-01-13 14:00:00,원지(도),경부선,목표(결빙),37.4538,127.0488,35.0,1,4.361666666666666,2.5,5.6,0.0,60
13402,2026-01-13 15:00:00,원지(도),경부선,목표(결빙),37.4538,127.0488,35.0,1,1.145,0.3,2.2,0.0,60
13402,2026-01-13 16:00:00,원지(도),경부선,목표(결빙),37.4538,127.0488,35.0,1,-0.12833333333333333,-0.6,0.5,0.7333333333333333,60
13402,2026-01-13 17:00:00,원지(도),경부선,목표(결빙),37.4538,127.0488,35.0,1,-0.8,-1.1,-0.3,1.0,60
13402,2026-01-13 18:00:00,원지(도),경부선,목표(결빙),37.4538,127.0488,35.0,1,-1.3333333333333333,-1.7,-0.9,1.0,60
13402,2026-01-13 19:00:00,원지(도),경부선,목표(결빙),37.4538,127.0488,35.0,1,-1.8733333333333335,-2.4,-1.6,1.0,60
13402,2026-01-13 20:00:00,원지(도),경부선,목표(결빙),37.4538,127.0488,35.0,1,-2.941666666666667,-3.3,-2.5,1.0,60
13402,2026-01-13 21:00:00,원지(도),경부선,목표(결빙),37.4538,127.0488,35.0,1,-3.3833333333333333,-3.7,-3.1,1.0,60
13402,2026-01-13 22:00:00,원지(도),경부선,목표(결빙),37.4538,127.0488,35.0,1,-4.068333333333333,-4.3,-3.7,1.0,60
13402,2026-01-13 23:00:00,원지(도),경부선,목표(결빙),37.4538,127.0488,35.0,1,-4.581666666666666,-4.9,-4.3,1.0,60
13402,2026-01-14 00:00:00,원지(도),경부선,목표(결빙),37.4538,127.0488,35.0,1,-5.2316666666666665,-5.8,-4.8,1.0,60
13402,2026-01-14 01:00:00,원지(도),경부선,목표(결빙),37.4538,127.0488,35.0,1,-6.155,-6.5,-5.7,1.0,60
13402,2026-01-14 02:00:00,원지(도),경부선,목표(결빙),37.4538,127.0488,35.0,1,-6.756666666666666,-6.9,-6.5,1.0,60
13402,2026-01-14 03:00:00,원지(도),경부선,목표(결빙),37.4538,127.0488,35.0,1,-7.1433333333333335,-7.5,-6.9,1.0,60
13402,2026-01-14 04:00:00,원지(도),경부선,목표(결빙),37.4538,127.0488,35.0,1,-7.71,-8.0,-7.4,1.0,60
13402,2026-01-14 05:00:00,원지(도),경부선,목표(결빙),37.4538,127.0488,35.0,1,-8.083333333333334,-8.3,-7.9,1.0,60
13402,2026-01-14 06:00:00,원지(도),경부선,목표(결빙),37.4538,127.0488,35.0,1,-8.28,-8.5,-8.0,1.0,60
13402,2026-01-14 07:00:00,원지(도),경부선,목표(결빙),37.4538,127.0488,35.0,1,-8.175,-8.4,-7.9,1.0,60
13402,2026-01-14 08:00:00,원지(도),경부선,목표(결빙),37.4538,127.0488,35.0,1,-8.058333333333334,-8.2,-7.9,1.0,60
13402,2026-01-14 09:00:00,원지(도),경부선,목표(결빙),37.4538,127.0488,35.0,1,-7.303333333333333,-7.9,-6.1,1.0,60
13402,2026-01-14 10:00:00,원지(도),경부선,목표(결빙),37.4538,127.0488,35.0,1,-4.423333333333333,-6.1,-2.8,1.0,60
13402,2026-01-14 11:00:00,원지(도),경부선,목표(결빙),37.4538,127.0488,35.0,1,-1.1833333333333333,-2.8,0.2,0.95,60
13402,2026-01-14 12:00:00,원지(도),경부선,목표(결빙),37.4538,127.0488,35.0,1,1.7583333333333333,0.2,2.9,0.0,60
13402,2026-01-14 13:00:00,원지(도),경부선,목표(결빙),37.4538,127.0488,35.0,1,3.6866666666666665,3.0,4.4,0.0,60
13402,2026-01-14 14:00:00,원지(도),경부선,목표(결빙),37.4538,127.0488,35.0,1,3.8766666666666665,2.5,4.5,0.0,60
13402,2026-01-14 15:00:00,원지(도),경부선,목표(결빙),37.4538,127.0488,35.0,1,1.9916666666666667,1.3,2.7,0.0,60
13402,2026-01-14 16:00:00,원지(도),경부선,목표(결빙),37.4538,127.0488,35.0,1,1.4383333333333332,1.2,1.7,0.0,60
13402,2026-01-14 17:00:00,원지(도),경부선,목표(결빙),37.4538,127.0488,35.0,1,1.3150000000000002,1.0,1.5,0.0,60
13402,2026-01-14 18:00:00,원지(도),경부선,목표(결빙),37.4538,127.0488,35.0,1,1.4,1.0,1.7,0.0,60
13402,2026-01-14 19:00:00,원지(도),경부선,목표(결빙),37.4538,127.0488,35.0,1,1.4066666666666667,1.1,1.7,0.0,60
13402,2026-01-14 20:00:00,원지(도),경부선,목표(결빙),37.4538,127.0488,35.0,1,1.48,1.3,1.7,0.0,60
13402,2026-01-14 21:00:00,원지(도),경부선,목표(결빙),37.4538,127.0488,35.0,1,1.505,1.4,1.6,0.0,60
13402,2026-01-14 22:00:00,원지(도),경부선,목표(결빙),37.4538,127.0488,35.0,1,1.6566666666666667,1.5,1.8,0.0,60
13402,2026-01-14 23:00:00,원지(도),경부선,목표(결빙),37.4538,127.0488,35.0,1,1.6900000000000002,1.5,1.9,0.0,60
13402,2026-01-15 00:00:00,원지(도),경부선,목표(결빙),37.4538,127.0488,35.0,1,1.9366666666666668,1.6,2.1,0.0,60
13402,2026-01-15 01:00:00,원지(도),경부선,목표(결빙),37.4538,127.0488,35.0,1,2.058333333333333,1.9,2.3,0.0,60
13402,2026-01-15 02:00:00,원지(도),경부선,목표(결빙),37.4538,127.0488,35.0,1,2.038333333333333,1.9,2.1,0.0,60
13402,2026-01-15 03:00:00,원지(도),경부선,목표(결빙),37.4538,127.0488,35.0,1,2.2383333333333337,2.1,2.4,0.0,60
13402,2026-01-15 04:00:00,원지(도),경부선,목표(결빙),37.4538,127.0488,35.0,1,2.4,2.3,2.6,0.0,60
13402,2026-01-15 05:00:00,원지(도),경부선,목표(결빙),37.4538,127.0488,35.0,1,2.38,2.2,2.6,0.0,60
13402,2026-01-15 06:00:00,원지(도),경부선,목표(결빙),37.4538,127.0488,35.0,1,2.9766666666666666,2.6,3.4,0.0,60
13402,2026-01-15 07:00:00,원지(도),경부선,목표(결빙),37.4538,127.0488,35.0,1,3.4366666666666665,3.0,3.9,0.0,60
13402,2026-01-15 08:00:00,원지(도),경부선,목표(결빙),37.4538,127.0488,35.0,1,3.8866666666666663,3.5,4.3,0.0,60
13402,2026-01-15 09:00:00,원지(도),경부선,목표(결빙),37.4538,127.0488,35.0,14,4.348333333333333,3.7,4.9,0.0,60
13402,2026-01-15 10:00:00,원지(도),경부선,목표(결빙),37.4538,127.0488,35.0,1,5.0600000000000005,4.5,5.8,0.0,60
13402,2026-01-15 11:00:00,원지(도),경부선,목표(결빙),37.4538,127.0488,35.0,1,7.758333333333334,5.7,9.3,0.0,60
13402,2026-01-15 12:00:00,원지(도),경부선,목표(결빙),37.4538,127.0488,35.0,14,9.139999999999999,8.6,9.7,0.0,60
13402,2026-01-15 13:00:00,원지(도),경부선,목표(결빙),37.4538,127.0488,35.0,1,10.895000000000001,9.7,11.8,0.0,60
13402,2026-01-15 14:00:00,원지(도),경부선,목표(결빙),37.4538,127.0488,35.0,1,10.916666666666666,10.3,11.8,0.0,60
13402,2026-01-15 15:00:00,원지(도),경부선,목표(결빙),37.4538,127.0488,35.0,1,11.071666666666665,10.5,12.0,0.0,60
13402,2026-01-15 16:00:00,원지(도),경부선,목표(결빙),37.4538,127.0488,35.0,1,10.831666666666667,10.1,11.3,0.0,60
13402,2026-01-15 17:00:00,원지(도),경부선,목표(결빙),37.4538,127.0488,35.0,1,9.628333333333334,9.0,10.2,0.0,60
13402,2026-01-15 18:00:00,원지(도),경부선,목표(결빙),37.4538,127.0488,35.0,1,8.291666666666666,7.7,9.0,0.0,60
13402,2026-01-15 19:00:00,원지(도),경부선,목표(결빙),37.4538,127.0488,35.0,1,7.783333333333333,7.5,8.0,0.0,60
13402,2026-01-15 20:00:00,원지(도),경부선,목표(결빙),37.4538,127.0488,35.0,1,6.703333333333333,5.0,7.8,0.0,60
13402,2026-01-15 21:00:00,원지(도),경부선,목표(결빙),37.4538,127.0488,35.0,1,4.483333333333333,3.5,5.6,0.0,60
13402,2026-01-15 22:00:00,원지(도),경부선,목표(결빙),37.4538,127.0488,35.0,14,3.1,2.4,4.4,0.0,60
13402,2026-01-15 23:00:00,원지(도),경부선,목표(결빙),37.4538,127.0488,35.0,14,2.2416666666666667,1.8,2.9,0.0,60
13402,2026-01-16 00:00:00,원지(도),경부선,목표(결빙),37.4538,127.0488,35.0,14,1.505,1.0,2.1,0.0,60
13402,2026-01-16 01:00:00,원지(도),경부선,목표(결빙),37.4538,127.0488,35.0,2,0.8283333333333334,0.4,1.5,0.0,60
13402,2026-01-16 02:00:00,원지(도),경부선,목표(결빙),37.4538,127.0488,35.0,2,0.27166666666666667,-0.2,0.8,0.31666666666666665,60
13402,2026-01-16 03:00:00,원지(도),경부선,목표(결빙),37.4538,127.0488,35.0,2,0.105,-0.4,0.6,0.5166666666666667,60
13402,2026-01-16 04:00:00,원지(도),경부선,목표(결빙),37.4538,127.0488,35.0,2,1.2516666666666665,0.6,1.5,0.0,60
13402,2026-01-16 05:00:00,원지(도),경부선,목표(결빙),37.4538,127.0488,35.0,2,1.5466666666666666,1.4,1.7,0.0,60
13402,2026-01-16 06:00:00,원지(도),경부선,목표(결빙),37.4538,127.0488,35.0,2,1.87,1.6,2.2,0.0,60
13402,2026-01-16 07:00:00,원지(도),경부선,목표(결빙),37.4538,127.0488,35.0,2,2.506666666666667,2.2,3.0,0.0,60
13402,2026-01-16 08:00:00,원지(도),경부선,목표(결빙),37.4538,127.0488,35.0,2,2.5533333333333332,2.1,2.9,0.0,60
13402,2026-01-16 09:00:00,원지(도),경부선,목표(결빙),37.4538,127.0488,35.0,2,2.6416666666666666,2.0,3.1,0.0,60
13402,2026-01-16 10:00:00,원지(도),경부선,목표(결빙),37.4538,127.0488,35.0,2,3.2483333333333335,2.8,3.7,0.0,60
13402,2026-01-16 11:00:00,원지(도),경부선,목표(결빙),37.4538,127.0488,35.0,2,4.286666666666666,3.5,5.6,0.0,60
13402,2026-01-16 12:00:00,원지(도),경부선,목표(결빙),37.4538,127.0488,35.0,2,7.326666666666667,5.7,9.0,0.0,60
13402,2026-01-16 13:00:00,원지(도),경부선,목표(결빙),37.4538,127.0488,35.0,14,9.741666666666667,8.5,10.8,0.0,60
13402,2026-01-16 14:00:00,원지(도),경부선,목표(결빙),37.4538,127.0488,35.0,1,10.306666666666667,9.6,10.8,0.0,60
13402,2026-01-16 15:00:00,원지(도),경부선,목표(결빙),37.4538,127.0488,35.0,1,8.860000000000001,8.3,9.6,0.0,60
13402,2026-01-16 16:00:00,원지(도),경부선,목표(결빙),37.4538,127.0488,35.0,1,9.04,8.3,9.5,0.0,60
13402,2026-01-16 17:00:00,원지(도),경부선,목표(결빙),37.4538,127.0488,35.0,1,8.641666666666667,7.2,9.3,0.0,60
13402,2026-01-16 18:00:00,원지(도),경부선,목표(결빙),37.4538,127.0488,35.0,1,7.66,6.9,8.6,0.0,60
13402,2026-01-16 19:00:00,원지(도),경부선,목표(결빙),37.4538,127.0488,35.0,1,6.461666666666667,5.2,7.5,0.0,60
13402,2026-01-16 20:00:00,원지(도),경부선,목표(결빙),37.4538,127.0488,35.0,14,4.8516666666666675,4.3,5.7,0.0,60
13402,2026-01-16 21:00:00,원지(도),경부선,목표(결빙),37.4538,127.0488,35.0,14,3.631666666666667,3.1,4.5,0.0,60
13402,2026-01-16 22:00:00,원지(도),경부선,목표(결빙),37.4538,127.0488,35.0,14,4.1433333333333335,3.5,4.7,0.0,60
13402,2026-01-16 23:00:00,원지(도),경부선,목표(결빙),37.4538,127.0488,35.0,14,4.748333333333333,3.8,5.8,0.0,60
13402,2026-01-17 00:00:00,원지(도),경부선,목표(결빙),37.4538,127.0488,35.0,14,5.191666666666666,4.9,5.6,0.0,60
13402,2026-01-17 01:00:00,원지(도),경부선,목표(결빙),37.4538,127.0488,35.0,14,4.866666666666666,4.6,5.1,0.0,60
13402,2026-01-17 02:00:00,원지(도),경부선,목표(결빙),37.4538,127.0488,35.0,14,4.175,3.6,4.7,0.0,60
13402,2026-01-17 03:00:00,원지(도),경부선,목표(결빙),37.4538,127.0488,35.0,14,2.828333333333333,2.1,3.7,0.0,60
13402,2026-01-17 04:00:00,원지(도),경부선,목표(결빙),37.4538,127.0488,35.0,14,1.6316666666666668,1.2,2.2,0.0,60
13402,2026-01-17 05:00:00,원지(도),경부선,목표(결빙),37.4538,127.0488,35.0,1,0.7983333333333333,0.4,1.2,0.0,60
13402,2026-01-17 06:00:00,원지(도),경부선,목표(결빙),37.4538,127.0488,35.0,1,0.24833333333333335,0.0,0.4,0.13333333333333333,60
13402,2026-01-17 07:00:00,원지(도),경부선,목표(결빙),37.4538,127.0488,35.0,1,-0.11833333333333335,-0.3,0.1,0.9833333333333333,60
13402,2026-01-17 08:00:00,원지(도),경부선,목표(결빙),37.4538,127.0488,35.0,1,-0.3983333333333333,-0.6,-0.2,1.0,60
13402,2026-01-17 09:00:00,원지(도),경부선,목표(결빙),37.4538,127.0488,35.0,1,-0.25,-0.6,0.4,0.7666666666666667,60
13402,2026-01-17 10:00:00,원지(도),경부선,목표(결빙),37.4538,127.0488,35.0,1,1.4016666666666666,0.4,2.7,0.0,60
13402,2026-01-17 11:00:00,원지(도),경부선,목표(결빙),37.4538,127.0488,35.0,1,3.9916666666666667,2.8,5.2,0.0,60
13402,2026-01-17 12:00:00,원지(도),경부선,목표(결빙),37.4538,127.0488,35.0,1,6.64,5.2,8.0,0.0,60
13402,2026-01-17 13:00:00,원지(도),경부선,목표(결빙),37.4538,127.0488,35.0,1,8.958333333333334,8.0,9.9,0.0,60
13402,2026-01-17 14:00:00,원지(도),경부선,목표(결빙),37.4538,127.0488,35.0,1,9.129999999999999,7.7,10.0,0.0,60
13402,2026-01-17 15:00:00,원지(도),경부선,목표(결빙),37.4538,127.0488,35.0,1,6.243333333333334,5.5,7.7,0.0,60
13402,2026-01-17 16:00:00,원지(도),경부선,목표(결빙),37.4538,127.0488,35.0,1,5.1066666666666665,4.7,5.7,0.0,60
13402,2026-01-17 17:00:00,원지(도),경부선,목표(결빙),37.4538,127.0488,35.0,1,4.67,4.4,4.9,0.0,60
13402,2026-01-17 18:00:00,원지(도),경부선,목표(결빙),37.4538,127.0488,35.0,1,3.558333333333333,2.5,4.6,0.0,60
13402,2026-01-17 19:00:00,원지(도),경부선,목표(결빙),37.4538,127.0488,35.0,1,2.2183333333333333,1.2,2.7,0.0,60
13402,2026-01-17 20:00:00,원지(도),경부선,목표(결빙),37.4538,127.0488,35.0,1,1.3166666666666667,0.7,1.7,0.0,60
13402,2026-01-17 21:00:00,원지(도),경부선,목표(결빙),37.4538,127.0488,35.0,1,0.41333333333333333,0.0,0.8,0.06666666666666667,60
13402,2026-01-17 22:00:00,원지(도),경부선,목표(결빙),37.4538,127.0488,35.0,1,-0.4216666666666667,-0.8,0.1,0.95,60
13402,2026-01-17 23:00:00,원지(도),경부선,목표(결빙),37.4538,127.0488,35.0,1,-0.8433333333333334,-1.3,-0.6,1.0,60
13402,2026-01-18 00:00:00,원지(도),경부선,목표(결빙),37.4538,127.0488,35.0,1,-1.5883333333333334,-2.2,-1.1,1.0,60
13402,2026-01-18 01:00:00,원지(도),경부선,목표(결빙),37.4538,127.0488,35.0,1,-2.3033333333333332,-2.7,-1.9,1.0,60
13402,2026-01-18 02:00:00,원지(도),경부선,목표(결빙),37.4538,127.0488,35.0,1,-2.8016666666666667,-3.4,-2.3,1.0,60
13402,2026-01-18 03:00:00,원지(도),경부선,목표(결빙),37.4538,127.0488,35.0,1,-3.121666666666667,-3.4,-2.7,1.0,60
13402,2026-01-18 04:00:00,원지(도),경부선,목표(결빙),37.4538,127.0488,35.0,1,-3.5949999999999998,-4.0,-3.4,1.0,60
13402,2026-01-18 05:00:00,원지(도),경부선,목표(결빙),37.4538,127.0488,35.0,1,-3.6599999999999997,-4.0,-3.2,1.0,60
13402,2026-01-18 06:00:00,원지(도),경부선,목표(결빙),37.4538,127.0488,35.0,1,-3.1199999999999997,-3.8,-2.8,1.0,60
13402,2026-01-18 07:00:00,원지(도),경부선,목표(결빙),37.4538,127.0488,35.0,1,-2.2216666666666667,-2.9,-2.0,1.0,60
13402,2026-01-18 08:00:00,원지(도),경부선,목표(결빙),37.4538,127.0488,35.0,1,-1.5,-2.0,-1.1,1.0,60
13402,2026-01-18 09:00:00,원지(도),경부선,목표(결빙),37.4538,127.0488,35.0,1,-0.5966666666666666,-1.2,0.0,1.0,60
13402,2026-01-18 10:00:00,원지(도),경부선,목표(결빙),37.4538,127.0488,35.0,1,0.5583333333333333,0.0,1.1,0.03333333333333333,60
13402,2026-01-18 11:00:00,원지(도),경부선,목표(결빙),37.4538,127.0488,35.0,1,1.4183333333333332,1.0,1.9,0.0,60
13402,2026-01-18 12:00:00,원지(도),경부선,목표(결빙),37.4538,127.0488,35.0,1,2.305,1.8,2.6,0.0,60
13402,2026-01-18 13:00:00,원지(도),경부선,목표(결빙),37.4538,127.0488,35.0,1,2.7933333333333334,2.3,3.3,0.0,60
13402,2026-01-18 14:00:00,원지(도),경부선,목표(결빙),37.4538,127.0488,35.0,1,4.588333333333334,3.4,5.7,0.0,60
13402,2026-01-18 15:00:00,원지(도),경부선,목표(결빙),37.4538,127.0488,35.0,1,5.864999999999999,5.7,6.1,0.0,60
13402,2026-01-18 16:00:00,원지(도),경부선,목표(결빙),37.4538,127.0488,35.0,1,5.6066666666666665,5.2,6.1,0.0,60
13402,2026-01-18 17:00:00,원지(도),경부선,목표(결빙),37.4538,127.0488,35.0,1,5.336666666666667,5.0,5.5,0.0,60
13402,2026-01-18 18:00:00,원지(도),경부선,목표(결빙),37.4538,127.0488,35.0,1,4.7316666666666665,4.4,5.0,0.0,60
13402,2026-01-18 19:00:00,원지(도),경부선,목표(결빙),37.4538,127.0488,35.0,1,4.205,3.8,4.5,0.0,60
13402,2026-01-18 20:00:00,원지(도),경부선,목표(결빙),37.4538,127.0488,35.0,1,4.295,4.1,4.6,0.0,60
13402,2026-01-18 21:00:00,원지(도),경부선,목표(결빙),37.4538,127.0488,35.0,14,3.981666666666667,3.8,4.2,0.0,60
13402,2026-01-18 22:00:00,원지(도),경부선,목표(결빙),37.4538,127.0488,35.0,14,3.79,3.6,4.0,0.0,60
13402,2026-01-18 23:00:00,원지(도),경부선,목표(결빙),37.4538,127.0488,35.0,14,3.51,3.2,3.9,0.0,60
13402,2026-01-19 00:00:00,원지(도),경부선,목표(결빙),37.4538,127.0488,35.0,2,3.23,3.0,3.5,0.0,60
13402,2026-01-19 01:00:00,원지(도),경부선,목표(결빙),37.4538,127.0488,35.0,14,2.89,2.5,3.3,0.0,60
13402,2026-01-19 02:00:00,원지(도),경부선,목표(결빙),37.4538,127.0488,35.0,2,2.0733333333333333,1.8,2.5,0.0,60
13402,2026-01-19 03:00:00,원지(도),경부선,목표(결빙),37.4538,127.0488,35.0,2,1.49,0.9,1.8,0.0,60
13402,2026-01-19 04:00:00,원지(도),경부선,목표(결빙),37.4538,127.0488,35.0,2,0.9633333333333333,0.8,1.0,0.0,60
13402,2026-01-19 05:00:00,원지(도),경부선,목표(결빙),37.4538,127.0488,35.0,2,0.8216666666666668,0.7,1.0,0.0,60
13402,2026-01-19 06:00:00,원지(도),경부선,목표(결빙),37.4538,127.0488,35.0,2,0.6,0.4,0.8,0.0,60
13402,2026-01-19 07:00:00,원지(도),경부선,목표(결빙),37.4538,127.0488,35.0,2,0.5566666666666666,0.4,0.8,0.0,60
13402,2026-01-19 08:00:00,원지(도),경부선,목표(결빙),37.4538,127.0488,35.0,2,0.55,0.1,0.9,0.0,60
13402,2026-01-19 09:00:00,원지(도),경부선,목표(결빙),37.4538,127.0488,35.0,2,0.016666666666666666,-0.1,0.3,0.6833333333333333,60
13402,2026-01-19 10:00:00,원지(도),경부선,목표(결빙),37.4538,127.0488,35.0,2,0.10166666666666666,-0.3,0.8,0.5166666666666667,60
13402,2026-01-19 11:00:00,원지(도),경부선,목표(결빙),37.4538,127.0488,35.0,14,1.5183333333333333,0.8,2.7,0.0,60
13402,2026-01-19 12:00:00,원지(도),경부선,목표(결빙),37.4538,127.0488,35.0,1,3.1983333333333333,2.3,4.2,0.0,60
13402,2026-01-19 13:00:00,원지(도),경부선,목표(결빙),37.4538,127.0488,35.0,1,4.381666666666666,3.2,5.3,0.0,60
13402,2026-01-19 14:00:00,원지(도),경부선,목표(결빙),37.4538,127.0488,35.0,1,4.168333333333333,2.9,5.3,0.0,60
13402,2026-01-19 15:00:00,원지(도),경부선,목표(결빙),37.4538,127.0488,35.0,1,1.6516666666666666,0.6,2.8,0.0,60
13402,2026-01-19 16:00:00,원지(도),경부선,목표(결빙),37.4538,127.0488,35.0,1,0.3383333333333333,0.0,0.7,0.05,60
13402,2026-01-19 17:00:00,원지(도),경부선,목표(결빙),37.4538,127.0488,35.0,1,-0.265,-0.8,0.2,0.9333333333333333,60
13402,2026-01-19 18:00:00,원지(도),경부선,목표(결빙),37.4538,127.0488,35.0,1,-1.34,-1.9,-0.9,1.0,60
13402,2026-01-19 19:00:00,원지(도),경부선,목표(결빙),37.4538,127.0488,35.0,1,-2.2583333333333333,-3.0,-1.7,1.0,60
13402,2026-01-19 20:00:00,원지(도),경부선,목표(결빙),37.4538,127.0488,35.0,1,-3.36,-3.9,-2.9,1.0,60
13402,2026-01-19 21:00:00,원지(도),경부선,목표(결빙),37.4538,127.0488,35.0,1,-4.263333333333334,-4.6,-3.8,1.0,60
13402,2026-01-19 22:00:00,원지(도),경부선,목표(결빙),37.4538,127.0488,35.0,1,-4.658333333333333,-5.1,-4.3,1.0,60
13402,2026-01-19 23:00:00,원지(도),경부선,목표(결빙),37.4538,127.0488,35.0,1,-5.546666666666667,-6.0,-5.1,1.0,60
13402,2026-01-20 00:00:00,원지(도),경부선,목표(결빙),37.4538,127.0488,35.0,1,-6.283333333333333,-6.5,-5.9,1.0,60
13402,2026-01-20 01:00:00,원지(도),경부선,목표(결빙),37.4538,127.0488,35.0,1,-6.6466666666666665,-6.8,-6.3,1.0,60
13402,2026-01-20 02:00:00,원지(도),경부선,목표(결빙),37.4538,127.0488,35.0,1,-6.756666666666666,-6.9,-6.6,1.0,60
13402,2026-01-20 03:00:00,원지(도),경부선,목표(결빙),37.4538,127.0488,35.0,1,-6.996666666666667,-7.1,-6.9,1.0,60
13402,2026-01-20 04:00:00,원지(도),경부선,목표(결빙),37.4538,127.0488,35.0,1,-6.955,-7.2,-6.8,1.0,60
13402,2026-01-20 05:00:00,원지(도),경부선,목표(결빙),37.4538,127.0488,35.0,1,-7.283333333333333,-7.6,-7.1,1.0,60
13402,2026-01-20 06:00:00,원지(도),경부선,목표(결빙),37.4538,127.0488,35.0,1,-7.838333333333334,-8.0,-7.6,1.0,60
13402,2026-01-20 07:00:00,원지(도),경부선,목표(결빙),37.4538,127.0488,35.0,1,-8.018333333333334,-8.1,-7.9,1.0,60
13402,2026-01-20 08:00:00,원지(도),경부선,목표(결빙),37.4538,127.0488,35.0,1,-8.226666666666667,-8.4,-8.1,1.0,60
13402,2026-01-20 09:00:00,원지(도),경부선,목표(결빙),37.4538,127.0488,35.0,1,-7.956666666666666,-8.3,-7.4,1.0,60
13402,2026-01-20 10:00:00,원지(도),경부선,목표(결빙),37.4538,127.0488,35.0,1,-6.08,-7.5,-4.6,1.0,60
13402,2026-01-20 11:00:00,원지(도),경부선,목표(결빙),37.4538,127.0488,35.0,1,-3.058333333333333,-4.6,-1.8,1.0,60
13402,2026-01-20 12:00:00,원지(도),경부선,목표(결빙),37.4538,127.0488,35.0,1,-0.5399999999999999,-1.8,0.7,0.7,60
13402,2026-01-20 13:00:00,원지(도),경부선,목표(결빙),37.4538,127.0488,35.0,1,1.5933333333333333,0.7,2.4,0.0,60
13402,2026-01-20 14:00:00,원지(도),경부선,목표(결빙),37.4538,127.0488,35.0,1,1.7183333333333333,0.2,2.4,0.0,60
13402,2026-01-20 15:00:00,원지(도),경부선,목표(결빙),37.4538,127.0488,35.0,1,-1.695,-2.9,0.2,0.9666666666666667,60
13402,2026-01-20 16:00:00,원지(도),경부선,목표(결빙),37.4538,127.0488,35.0,1,-3.175,-3.6,-2.8,1.0,60
13402,2026-01-20 17:00:00,원지(도),경부선,목표(결빙),37.4538,127.0488,35.0,1,-3.5083333333333333,-3.7,-3.2,1.0,60
13402,2026-01-20 18:00:00,원지(도),경부선,목표(결빙),37.4538,127.0488,35.0,1,-3.5566666666666666,-4.1,-3.2,1.0,60
13402,2026-01-20 19:00:00,원지(도),경부선,목표(결빙),37.4538,127.0488,35.0,1,-4.33,-5.0,-4.0,1.0,60
13402,2026-01-20 20:00:00,원지(도),경부선,목표(결빙),37.4538,127.0488,35.0,1,-5.235,-5.4,-5.0,1.0,60
13402,2026-01-20 21:00:00,원지(도),경부선,목표(결빙),37.4538,127.0488,35.0,1,-5.501666666666667,-5.8,-5.3,1.0,60
13402,2026-01-20 22:00:00,원지(도),경부선,목표(결빙),37.4538,127.0488,35.0,1,-5.91,-6.1,-5.7,1.0,60
13402,2026-01-20 23:00:00,원지(도),경부선,목표(결빙),37.4538,127.0488,35.0,1,-6.263333333333334,-6.5,-6.0,1.0,60
13402,2026-01-21 00:00:00,원지(도),경부선,목표(결빙),37.4538,127.0488,35.0,1,-6.8983333333333325,-7.3,-6.4,1.0,60
13402,2026-01-21 01:00:00,원지(도),경부선,목표(결빙),37.4538,127.0488,35.0,1,-7.485,-7.8,-7.3,1.0,60
13402,2026-01-21 02:00:00,원지(도),경부선,목표(결빙),37.4538,127.0488,35.0,1,-8.1,-8.4,-7.8,1.0,60
13402,2026-01-21 03:00:00,원지(도),경부선,목표(결빙),37.4538,127.0488,35.0,1,-8.56,-8.9,-8.3,1.0,60
13402,2026-01-21 04:00:00,원지(도),경부선,목표(결빙),37.4538,127.0488,35.0,1,-8.911666666666667,-9.0,-8.7,1.0,60
13402,2026-01-21 05:00:00,원지(도),경부선,목표(결빙),37.4538,127.0488,35.0,1,-9.196666666666665,-9.3,-9.0,1.0,60
13402,2026-01-21 06:00:00,원지(도),경부선,목표(결빙),37.4538,127.0488,35.0,1,-9.445,-9.7,-9.2,1.0,60
13402,2026-01-21 07:00:00,원지(도),경부선,목표(결빙),37.4538,127.0488,35.0,1,-9.588333333333333,-9.8,-9.4,1.0,60
13402,2026-01-21 08:00:00,원지(도),경부선,목표(결빙),37.4538,127.0488,35.0,1,-9.388333333333332,-9.6,-9.2,1.0,60
13402,2026-01-21 09:00:00,원지(도),경부선,목표(결빙),37.4538,127.0488,35.0,1,-8.881666666666666,-9.4,-7.9,1.0,60
13402,2026-01-21 10:00:00,원지(도),경부선,목표(결빙),37.4538,127.0488,35.0,1,-6.455,-7.9,-5.1,1.0,60
13402,2026-01-21 11:00:00,원지(도),경부선,목표(결빙),37.4538,127.0488,35.0,1,-3.7766666666666664,-4.9,-2.5,1.0,60
13402,2026-01-21 12:00:00,원지(도),경부선,목표(결빙),37.4538,127.0488,35.0,1,-1.1666666666666667,-2.6,-0.1,1.0,60
13402,2026-01-21 13:00:00,원지(도),경부선,목표(결빙),37.4538,127.0488,35.0,1,0.7183333333333334,0.0,1.3,0.1,60
13402,2026-01-21 14:00:00,원지(도),경부선,목표(결빙),37.4538,127.0488,35.0,1,0.6883333333333332,-1.2,1.5,0.25,60
13402,2026-01-21 15:00:00,원지(도),경부선,목표(결빙),37.4538,127.0488,35.0,1,-3.0266666666666664,-4.2,-1.2,1.0,60
13402,2026-01-21 16:00:00,원지(도),경부선,목표(결빙),37.4538,127.0488,35.0,1,-4.416666666666667,-4.8,-4.0,1.0,60
13402,2026-01-21 17:00:00,원지(도),경부선,목표(결빙),37.4538,127.0488,35.0,1,-4.7683333333333335,-5.0,-4.3,1.0,60
13402,2026-01-21 18:00:00,원지(도),경부선,목표(결빙),37.4538,127.0488,35.0,1,-4.901666666666667,-5.3,-4.6,1.0,60
13402,2026-01-21 19:00:00,원지(도),경부선,목표(결빙),37.4538,127.0488,35.0,1,-5.155,-5.4,-4.9,1.0,60
13402,2026-01-21 20:00:00,원지(도),경부선,목표(결빙),37.4538,127.0488,35.0,1,-6.031666666666666,-6.5,-5.4,1.0,60
13402,2026-01-21 21:00:00,원지(도),경부선,목표(결빙),37.4538,127.0488,35.0,1,-6.863333333333333,-7.3,-6.4,1.0,60
13402,2026-01-21 22:00:00,원지(도),경부선,목표(결빙),37.4538,127.0488,35.0,1,-7.573333333333333,-8.0,-7.2,1.0,60
13402,2026-01-21 23:00:00,원지(도),경부선,목표(결빙),37.4538,127.0488,35.0,1,-8.358333333333333,-8.7,-8.0,1.0,60
13402,2026-01-22 00:00:00,원지(도),경부선,목표(결빙),37.4538,127.0488,35.0,1,-8.911666666666665,-9.3,-8.6,1.0,60
13402,2026-01-22 01:00:00,원지(도),경부선,목표(결빙),37.4538,127.0488,35.0,1,-9.43,-9.6,-9.2,1.0,60
13402,2026-01-22 02:00:00,원지(도),경부선,목표(결빙),37.4538,127.0488,35.0,1,-9.816666666666666,-10.0,-9.6,1.0,60
13402,2026-01-22 03:00:00,원지(도),경부선,목표(결빙),37.4538,127.0488,35.0,1,-10.155,-10.3,-10.0,1.0,60
13402,2026-01-22 04:00:00,원지(도),경부선,목표(결빙),37.4538,127.0488,35.0,1,-10.430000000000001,-10.6,-10.3,1.0,60
13402,2026-01-22 05:00:00,원지(도),경부선,목표(결빙),37.4538,127.0488,35.0,1,-10.673333333333334,-10.8,-10.6,1.0,60
13402,2026-01-22 06:00:00,원지(도),경부선,목표(결빙),37.4538,127.0488,35.0,1,-10.68,-10.8,-10.5,1.0,60
13402,2026-01-22 07:00:00,원지(도),경부선,목표(결빙),37.4538,127.0488,35.0,1,-10.59,-10.8,-10.3,1.0,60
13402,2026-01-22 08:00:00,원지(도),경부선,목표(결빙),37.4538,127.0488,35.0,1,-10.458333333333334,-10.6,-10.3,1.0,60
13402,2026-01-22 09:00:00,원지(도),경부선,목표(결빙),37.4538,127.0488,35.0,1,-9.91,-10.4,-8.8,1.0,60
13402,2026-01-22 10:00:00,원지(도),경부선,목표(결빙),37.4538,127.0488,35.0,1,-7.433333333333334,-8.8,-5.9,1.0,60
13402,2026-01-22 11:00:00,원지(도),경부선,목표(결빙),37.4538,127.0488,35.0,1,-4.418333333333334,-5.8,-3.0,1.0,60
13402,2026-01-22 12:00:00,원지(도),경부선,목표(결빙),37.4538,127.0488,35.0,1,-1.3216666666666665,-2.9,-0.1,1.0,60
13402,2026-01-22 13:00:00,원지(도),경부선,목표(결빙),37.4538,127.0488,35.0,1,0.69,0.0,1.4,0.08333333333333333,60
13402,2026-01-22 14:00:00,원지(도),경부선,목표(결빙),37.4538,127.0488,35.0,1,0.8133333333333332,-0.7,1.5,0.2,60
13402,2026-01-22 15:00:00,원지(도),경부선,목표(결빙),37.4538,127.0488,35.0,1,-2.8116666666666665,-4.1,-1.0,1.0,60
13402,2026-01-22 16:00:00,원지(도),경부선,목표(결빙),37.4538,127.0488,35.0,1,-4.38,-4.7,-3.9,1.0,60
13402,2026-01-22 17:00:00,원지(도),경부선,목표(결빙),37.4538,127.0488,35.0,1,-4.488333333333333,-4.6,-4.1,1.0,60
13402,2026-01-22 18:00:00,원지(도),경부선,목표(결빙),37.4538,127.0488,35.0,1,-4.365,-4.5,-4.1,1.0,60
13402,2026-01-22 19:00:00,원지(도),경부선,목표(결빙),37.4538,127.0488,35.0,1,-4.296666666666667,-4.5,-4.1,1.0,60
13402,2026-01-22 20:00:00,원지(도),경부선,목표(결빙),37.4538,127.0488,35.0,1,-4.886666666666667,-5.2,-4.2,1.0,60
13402,2026-01-22 21:00:00,원지(도),경부선,목표(결빙),37.4538,127.0488,35.0,1,-5.261666666666667,-5.5,-5.0,1.0,60
13402,2026-01-22 22:00:00,원지(도),경부선,목표(결빙),37.4538,127.0488,35.0,1,-5.55,-5.9,-5.2,1.0,60
13402,2026-01-22 23:00:00,원지(도),경부선,목표(결빙),37.4538,127.0488,35.0,1,-6.13,-6.5,-5.8,1.0,60
13402,2026-01-23 00:00:00,원지(도),경부선,목표(결빙),37.4538,127.0488,35.0,1,-6.765,-7.1,-6.4,1.0,60
13402,2026-01-23 01:00:00,원지(도),경부선,목표(결빙),37.4538,127.0488,35.0,1,-7.7,-8.4,-7.1,1.0,60
13402,2026-01-23 02:00:00,원지(도),경부선,목표(결빙),37.4538,127.0488,35.0,1,-8.72,-9.2,-8.3,1.0,60
13402,2026-01-23 03:00:00,원지(도),경부선,목표(결빙),37.4538,127.0488,35.0,1,-9.46,-9.8,-9.0,1.0,60
13402,2026-01-23 04:00:00,원지(도),경부선,목표(결빙),37.4538,127.0488,35.0,1,-9.996666666666666,-10.3,-9.7,1.0,60
13402,2026-01-23 05:00:00,원지(도),경부선,목표(결빙),37.4538,127.0488,35.0,1,-10.445,-10.8,-10.0,1.0,60
13402,2026-01-23 06:00:00,원지(도),경부선,목표(결빙),37.4538,127.0488,35.0,1,-10.736666666666668,-10.9,-10.5,1.0,60
13402,2026-01-23 07:00:00,원지(도),경부선,목표(결빙),37.4538,127.0488,35.0,1,-10.761666666666667,-10.9,-10.4,1.0,60
13402,2026-01-23 08:00:00,원지(도),경부선,목표(결빙),37.4538,127.0488,35.0,1,-10.738333333333333,-11.0,-10.5,1.0,60
13402,2026-01-23 09:00:00,원지(도),경부선,목표(결빙),37.4538,127.0488,35.0,1,-9.818333333333333,-10.8,-8.3,1.0,60
13402,2026-01-23 10:00:00,원지(도),경부선,목표(결빙),37.4538,127.0488,35.0,1,-6.4,-8.3,-4.3,1.0,60
13402,2026-01-23 11:00:00,원지(도),경부선,목표(결빙),37.4538,127.0488,35.0,1,-2.628333333333333,-4.3,-1.1,1.0,60
13402,2026-01-23 12:00:00,원지(도),경부선,목표(결빙),37.4538,127.0488,35.0,1,0.4033333333333333,-1.1,1.7,0.3333333333333333,60
13402,2026-01-23 13:00:00,원지(도),경부선,목표(결빙),37.4538,127.0488,35.0,1,2.0966666666666667,1.6,2.8,0.0,60
13402,2026-01-23 14:00:00,원지(도),경부선,목표(결빙),37.4538,127.0488,35.0,1,2.731666666666667,2.0,3.3,0.0,60
13402,2026-01-23 15:00:00,원지(도),경부선,목표(결빙),37.4538,127.0488,35.0,1,1.0816666666666668,0.2,2.4,0.0,60
13402,2026-01-23 16:00:00,원지(도),경부선,목표(결빙),37.4538,127.0488,35.0,1,0.19333333333333333,-0.2,0.5,0.25,60
13402,2026-01-23 17:00:00,원지(도),경부선,목표(결빙),37.4538,127.0488,35.0,1,0.10166666666666666,-0.3,0.4,0.3333333333333333,60
13402,2026-01-23 18:00:00,원지(도),경부선,목표(결빙),37.4538,127.0488,35.0,1,-0.115,-0.5,0.5,0.6333333333333333,60
13402,2026-01-23 19:00:00,원지(도),경부선,목표(결빙),37.4538,127.0488,35.0,1,-0.075,-0.4,0.2,0.75,60
13402,2026-01-23 20:00:00,원지(도),경부선,목표(결빙),37.4538,127.0488,35.0,1,-0.5866666666666667,-1.1,-0.1,1.0,60
13402,2026-01-23 21:00:00,원지(도),경부선,목표(결빙),37.4538,127.0488,35.0,14,-0.8366666666666667,-1.2,-0.4,1.0,60
13402,2026-01-23 22:00:00,원지(도),경부선,목표(결빙),37.4538,127.0488,35.0,14,-1.175,-2.3,-0.6,1.0,60
13402,2026-01-23 23:00:00,원지(도),경부선,목표(결빙),37.4538,127.0488,35.0,2,-2.0266666666666664,-3.0,-1.4,1.0,60
13402,2026-01-24 00:00:00,원지(도),경부선,목표(결빙),37.4538,127.0488,35.0,2,-1.4466666666666665,-1.8,-1.0,1.0,60
13402,2026-01-24 01:00:00,원지(도),경부선,목표(결빙),37.4538,127.0488,35.0,2,-1.4933333333333332,-1.8,-1.2,1.0,60
13402,2026-01-24 02:00:00,원지(도),경부선,목표(결빙),37.4538,127.0488,35.0,2,-2.265,-3.2,-1.7,1.0,60
13402,2026-01-24 03:00:00,원지(도),경부선,목표(결빙),37.4538,127.0488,35.0,2,-3.9683333333333333,-4.3,-3.2,1.0,60
13402,2026-01-24 04:00:00,원지(도),경부선,목표(결빙),37.4538,127.0488,35.0,2,-4.47,-5.0,-4.2,1.0,60
13402,2026-01-24 05:00:00,원지(도),경부선,목표(결빙),37.4538,127.0488,35.0,2,-5.611666666666666,-6.1,-5.1,1.0,60
13402,2026-01-24 06:00:00,원지(도),경부선,목표(결빙),37.4538,127.0488,35.0,2,-6.323333333333333,-6.5,-6.1,1.0,60
13402,2026-01-24 07:00:00,원지(도),경부선,목표(결빙),37.4538,127.0488,35.0,2,-6.72,-7.2,-6.4,1.0,60
13402,2026-01-24 08:00:00,원지(도),경부선,목표(결빙),37.4538,127.0488,35.0,2,-7.114999999999999,-7.3,-6.9,1.0,60
13402,2026-01-24 09:00:00,원지(도),경부선,목표(결빙),37.4538,127.0488,35.0,2,-6.785,-7.3,-5.9,1.0,60
13402,2026-01-24 10:00:00,원지(도),경부선,목표(결빙),37.4538,127.0488,35.0,14,-4.411666666666666,-5.8,-2.8,1.0,60
13402,2026-01-24 11:00:00,원지(도),경부선,목표(결빙),37.4538,127.0488,35.0,1,-1.28,-2.7,0.4,0.9333333333333333,60
13402,2026-01-24 12:00:00,원지(도),경부선,목표(결빙),37.4538,127.0488,35.0,1,1.6666666666666667,0.3,3.0,0.0,60
13402,2026-01-24 13:00:00,원지(도),경부선,목표(결빙),37.4538,127.0488,35.0,1,3.925,3.0,4.7,0.0,60
13402,2026-01-24 14:00:00,원지(도),경부선,목표(결빙),37.4538,127.0488,35.0,1,4.341666666666667,2.8,5.1,0.0,60
13402,2026-01-24 15:00:00,원지(도),경부선,목표(결빙),37.4538,127.0488,35.0,1,0.625,-0.8,2.7,0.3333333333333333,60
13402,2026-01-24 16:00:00,원지(도),경부선,목표(결빙),37.4538,127.0488,35.0,1,-1.2216666666666667,-1.7,-0.3,1.0,60
13402,2026-01-24 17:00:00,원지(도),경부선,목표(결빙),37.4538,127.0488,35.0,1,-1.755,-2.2,-1.2,1.0,60
13402,2026-01-24 18:00:00,원지(도),경부선,목표(결빙),37.4538,127.0488,35.0,1,-2.165,-2.4,-2.0,1.0,60
13402,2026-01-24 19:00:00,원지(도),경부선,목표(결빙),37.4538,127.0488,35.0,1,-2.545,-2.7,-2.2,1.0,60
13402,2026-01-24 20:00:00,원지(도),경부선,목표(결빙),37.4538,127.0488,35.0,14,-2.9483333333333333,-3.4,-2.5,1.0,60
13402,2026-01-24 21:00:00,원지(도),경부선,목표(결빙),37.4538,127.0488,35.0,14,-3.6166666666666667,-4.4,-3.2,1.0,60
13402,2026-01-24 22:00:00,원지(도),경부선,목표(결빙),37.4538,127.0488,35.0,1,-4.233333333333333,-4.6,-3.9,1.0,60
13402,2026-01-24 23:00:00,원지(도),경부선,목표(결빙),37.4538,127.0488,35.0,1,-4.318333333333333,-4.7,-4.0,1.0,60
13402,2026-01-25 00:00:00,원지(도),경부선,목표(결빙),37.4538,127.0488,35.0,1,-4.98,-5.3,-4.6,1.0,60
13402,2026-01-25 01:00:00,원지(도),경부선,목표(결빙),37.4538,127.0488,35.0,1,-5.586666666666667,-6.0,-5.2,1.0,60
13402,2026-01-25 02:00:00,원지(도),경부선,목표(결빙),37.4538,127.0488,35.0,1,-6.281666666666666,-6.7,-5.8,1.0,60
13402,2026-01-25 03:00:00,원지(도),경부선,목표(결빙),37.4538,127.0488,35.0,1,-7.183333333333334,-7.5,-6.7,1.0,60
13402,2026-01-25 04:00:00,원지(도),경부선,목표(결빙),37.4538,127.0488,35.0,1,-7.768333333333333,-8.2,-7.3,1.0,60
13402,2026-01-25 05:00:00,원지(도),경부선,목표(결빙),37.4538,127.0488,35.0,1,-8.421666666666667,-8.7,-8.2,1.0,60
13402,2026-01-25 06:00:00,원지(도),경부선,목표(결빙),37.4538,127.0488,35.0,1,-8.766666666666667,-9.2,-8.5,1.0,60
13402,2026-01-25 07:00:00,원지(도),경부선,목표(결빙),37.4538,127.0488,35.0,1,-9.078333333333335,-9.3,-8.8,1.0,60
13402,2026-01-25 08:00:00,원지(도),경부선,목표(결빙),37.4538,127.0488,35.0,1,-8.728333333333333,-9.2,-8.2,1.0,60
13402,2026-01-25 09:00:00,원지(도),경부선,목표(결빙),37.4538,127.0488,35.0,1,-6.321666666666667,-8.4,-0.4,1.0,60
13402,2026-01-25 10:00:00,원지(도),경부선,목표(결빙),37.4538,127.0488,35.0,1,-3.58,-5.3,-2.3,1.0,60
13402,2026-01-25 11:00:00,원지(도),경부선,목표(결빙),37.4538,127.0488,35.0,1,-1.1116666666666668,-3.4,2.6,0.7666666666666667,60
13402,2026-01-25 12:00:00,원지(도),경부선,목표(결빙),37.4538,127.0488,35.0,1,1.2966666666666666,0.2,2.4,0.0,60
13402,2026-01-25 13:00:00,원지(도),경부선,목표(결빙),37.4538,127.0488,35.0,1,3.683333333333333,2.5,4.6,0.0,60
13402,2026-01-25 14:00:00,원지(도),경부선,목표(결빙),37.4538,127.0488,35.0,1,4.016666666666667,2.5,4.6,0.0,60
13402,2026-01-25 15:00:00,원지(도),경부선,목표(결빙),37.4538,127.0488,35.0,1,0.5733333333333334,-0.5,2.5,0.4166666666666667,60
13402,2026-01-25 16:00:00,원지(도),경부선,목표(결빙),37.4538,127.0488,35.0,1,-1.025,-1.7,-0.2,1.0,60
13402,2026-01-25 17:00:00,원지(도),경부선,목표(결빙),37.4538,127.0488,35.0,1,-1.7349999999999999,-2.1,-1.5,1.0,60
13402,2026-01-25 18:00:00,원지(도),경부선,목표(결빙),37.4538,127.0488,35.0,1,-2.2800000000000002,-2.7,-2.0,1.0,60
13402,2026-01-25 19:00:00,원지(도),경부선,목표(결빙),37.4538,127.0488,35.0,1,-3.4583333333333335,-4.3,-2.6,1.0,60
13402,2026-01-25 20:00:00,원지(도),경부선,목표(결빙),37.4538,127.0488,35.0,1,-4.3149999999999995,-4.9,-4.0,1.0,60
13402,2026-01-25 21:00:00,원지(도),경부선,목표(결빙),37.4538,127.0488,35.0,1,-5.235,-5.6,-4.8,1.0,60
13402,2026-01-25 22:00:00,원지(도),경부선,목표(결빙),37.4538,127.0488,35.0,1,-5.37,-6.0,-4.7,1.0,60
13402,2026-01-25 23:00:00,원지(도),경부선,목표(결빙),37.4538,127.0488,35.0,1,-6.121666666666667,-6.6,-5.4,1.0,60
13402,2026-01-26 00:00:00,원지(도),경부선,목표(결빙),37.4538,127.0488,35.0,1,-6.711666666666667,-7.2,-6.4,1.0,60
13402,2026-01-26 01:00:00,원지(도),경부선,목표(결빙),37.4538,127.0488,35.0,1,-7.546666666666667,-8.1,-7.1,1.0,60
13402,2026-01-26 02:00:00,원지(도),경부선,목표(결빙),37.4538,127.0488,35.0,1,-8.131666666666666,-8.5,-7.7,1.0,60
13402,2026-01-26 03:00:00,원지(도),경부선,목표(결빙),37.4538,127.0488,35.0,1,-8.49,-8.8,-8.1,1.0,60
13402,2026-01-26 04:00:00,원지(도),경부선,목표(결빙),37.4538,127.0488,35.0,1,-8.763333333333332,-9.1,-8.5,1.0,60
13402,2026-01-26 05:00:00,원지(도),경부선,목표(결빙),37.4538,127.0488,35.0,1,-8.766666666666667,-9.0,-8.4,1.0,60
13402,2026-01-26 06:00:00,원지(도),경부선,목표(결빙),37.4538,127.0488,35.0,1,-8.226666666666667,-8.5,-7.8,1.0,60
13402,2026-01-26 07:00:00,원지(도),경부선,목표(결빙),37.4538,127.0488,35.0,1,-7.406666666666666,-7.8,-6.9,1.0,60
13402,2026-01-26 08:00:00,원지(도),경부선,목표(결빙),37.4538,127.0488,35.0,1,-7.343333333333334,-7.6,-7.0,1.0,60
13402,2026-01-26 09:00:00,원지(도),경부선,목표(결빙),37.4538,127.0488,35.0,1,-6.1899999999999995,-7.3,-5.1,1.0,60
13402,2026-01-26 10:00:00,원지(도),경부선,목표(결빙),37.4538,127.0488,35.0,1,-4.095,-5.1,-3.3,1.0,60
13402,2026-01-26 11:00:00,원지(도),경부선,목표(결빙),37.4538,127.0488,35.0,1,-2.29,-3.2,-1.6,1.0,60
13402,2026-01-26 12:00:00,원지(도),경부선,목표(결빙),37.4538,127.0488,35.0,1,-0.2383333333333333,-1.5,1.2,0.6166666666666667,60
13402,2026-01-26 13:00:00,원지(도),경부선,목표(결빙),37.4538,127.0488,35.0,1,1.3133333333333332,0.4,2.3,0.0,60
13402,2026-01-26 14:00:00,원지(도),경부선,목표(결빙),37.4538,127.0488,35.0,1,1.7233333333333334,0.6,2.6,0.0,60
13402,2026-01-26 15:00:00,원지(도),경부선,목표(결빙),37.4538,127.0488,35.0,1,1.85,1.5,2.3,0.0,60
13402,2026-01-26 16:00:00,원지(도),경부선,목표(결빙),37.4538,127.0488,35.0,1,1.4283333333333335,0.7,2.3,0.0,60
13402,2026-01-26 17:00:00,원지(도),경부선,목표(결빙),37.4538,127.0488,35.0,1,0.6333333333333333,0.4,0.8,0.0,60
13402,2026-01-26 18:00:00,원지(도),경부선,목표(결빙),37.4538,127.0488,35.0,1,0.09000000000000001,-0.6,0.5,0.38333333333333336,60
13402,2026-01-26 19:00:00,원지(도),경부선,목표(결빙),37.4538,127.0488,35.0,1,-0.92,-1.3,-0.6,1.0,60
13402,2026-01-26 20:00:00,원지(도),경부선,목표(결빙),37.4538,127.0488,35.0,1,-1.155,-1.3,-0.9,1.0,60
13402,2026-01-26 21:00:00,원지(도),경부선,목표(결빙),37.4538,127.0488,35.0,1,-1.5616666666666668,-1.9,-1.3,1.0,60
13402,2026-01-26 22:00:00,원지(도),경부선,목표(결빙),37.4538,127.0488,35.0,1,-1.9916666666666667,-2.4,-1.5,1.0,60
13402,2026-01-26 23:00:00,원지(도),경부선,목표(결빙),37.4538,127.0488,35.0,1,-3.033333333333333,-3.5,-2.5,1.0,60
13402,2026-01-27 00:00:00,원지(도),경부선,목표(결빙),37.4538,127.0488,35.0,1,-2.99,-3.5,-2.5,1.0,60
13402,2026-01-27 01:00:00,원지(도),경부선,목표(결빙),37.4538,127.0488,35.0,1,-2.56,-2.8,-2.2,1.0,60
13402,2026-01-27 02:00:00,원지(도),경부선,목표(결빙),37.4538,127.0488,35.0,1,-2.325,-2.9,-2.1,1.0,60
13402,2026-01-27 03:00:00,원지(도),경부선,목표(결빙),37.4538,127.0488,35.0,1,-3.603333333333333,-4.1,-2.9,1.0,60
13402,2026-01-27 04:00:00,원지(도),경부선,목표(결빙),37.4538,127.0488,35.0,1,-4.5633333333333335,-5.1,-4.1,1.0,60
13402,2026-01-27 05:00:00,원지(도),경부선,목표(결빙),37.4538,127.0488,35.0,1,-5.338333333333334,-5.5,-5.0,1.0,60
13402,2026-01-27 06:00:00,원지(도),경부선,목표(결빙),37.4538,127.0488,35.0,1,-5.528333333333333,-5.8,-4.9,1.0,60
13402,2026-01-27 07:00:00,원지(도),경부선,목표(결빙),37.4538,127.0488,35.0,1,-4.716666666666667,-5.0,-4.4,1.0,60
13402,2026-01-27 08:00:00,원지(도),경부선,목표(결빙),37.4538,127.0488,35.0,1,-4.711666666666667,-4.9,-4.5,1.0,60
13402,2026-01-27 09:00:00,원지(도),경부선,목표(결빙),37.4538,127.0488,35.0,1,-4.3100000000000005,-4.8,-3.4,1.0,60
13402,2026-01-27 10:00:00,원지(도),경부선,목표(결빙),37.4538,127.0488,35.0,1,-2.3633333333333337,-3.5,-0.9,1.0,60
13402,2026-01-27 11:00:00,원지(도),경부선,목표(결빙),37.4538,127.0488,35.0,1,0.32,-0.9,1.7,0.4166666666666667,60
13402,2026-01-27 12:00:00,원지(도),경부선,목표(결빙),37.4538,127.0488,35.0,1,3.1366666666666663,1.6,4.3,0.0,60
13402,2026-01-27 13:00:00,원지(도),경부선,목표(결빙),37.4538,127.0488,35.0,1,5.403333333333333,4.3,6.2,0.0,60
13402,2026-01-27 14:00:00,원지(도),경부선,목표(결빙),37.4538,127.0488,35.0,1,5.763333333333334,4.6,6.4,0.0,60
13402,2026-01-27 15:00:00,원지(도),경부선,목표(결빙),37.4538,127.0488,35.0,1,2.355,1.0,4.6,0.0,60
13402,2026-01-27 16:00:00,원지(도),경부선,목표(결빙),37.4538,127.0488,35.0,1,0.36833333333333335,-0.1,1.0,0.11666666666666667,60
13402,2026-01-27 17:00:00,원지(도),경부선,목표(결빙),37.4538,127.0488,35.0,1,0.03666666666666667,-0.2,0.4,0.65,60
13402,2026-01-27 18:00:00,원지(도),경부선,목표(결빙),37.4538,127.0488,35.0,1,-0.41500000000000004,-1.0,0.0,1.0,60
13402,2026-01-27 19:00:00,원지(도),경부선,목표(결빙),37.4538,127.0488,35.0,1,-1.305,-1.6,-1.0,1.0,60
13402,2026-01-27 20:00:00,원지(도),경부선,목표(결빙),37.4538,127.0488,35.0,1,-1.9133333333333333,-2.4,-1.3,1.0,60
13402,2026-01-27 21:00:00,원지(도),경부선,목표(결빙),37.4538,127.0488,35.0,1,-2.7266666666666666,-3.0,-2.3,1.0,60
13402,2026-01-27 22:00:00,원지(도),경부선,목표(결빙),37.4538,127.0488,35.0,1,-3.45,-4.0,-3.0,1.0,60
13402,2026-01-27 23:00:00,원지(도),경부선,목표(결빙),37.4538,127.0488,35.0,1,-4.258333333333334,-4.7,-3.9,1.0,60
13402,2026-01-28 00:00:00,원지(도),경부선,목표(결빙),37.4538,127.0488,35.0,1,-5.0183333333333335,-5.4,-4.6,1.0,60
13402,2026-01-28 01:00:00,원지(도),경부선,목표(결빙),37.4538,127.0488,35.0,1,-5.658333333333333,-6.0,-5.3,1.0,60
13402,2026-01-28 02:00:00,원지(도),경부선,목표(결빙),37.4538,127.0488,35.0,1,-6.308333333333334,-6.6,-5.9,1.0,60
13402,2026-01-28 03:00:00,원지(도),경부선,목표(결빙),37.4538,127.0488,35.0,1,-6.616666666666666,-6.8,-6.4,1.0,60
13402,2026-01-28 04:00:00,원지(도),경부선,목표(결빙),37.4538,127.0488,35.0,1,-7.173333333333333,-7.5,-6.7,1.0,60
13402,2026-01-28 05:00:00,원지(도),경부선,목표(결빙),37.4538,127.0488,35.0,1,-7.718333333333334,-7.9,-7.5,1.0,60
13402,2026-01-28 06:00:00,원지(도),경부선,목표(결빙),37.4538,127.0488,35.0,1,-7.6433333333333335,-8.0,-7.2,1.0,60
13402,2026-01-28 07:00:00,원지(도),경부선,목표(결빙),37.4538,127.0488,35.0,1,-7.133333333333334,-7.4,-6.8,1.0,60
13402,2026-01-28 08:00:00,원지(도),경부선,목표(결빙),37.4538,127.0488,35.0,1,-6.9816666666666665,-7.4,-6.6,1.0,60
13402,2026-01-28 09:00:00,원지(도),경부선,목표(결빙),37.4538,127.0488,35.0,1,-6.16,-6.8,-5.2,1.0,60
13402,2026-01-28 10:00:00,원지(도),경부선,목표(결빙),37.4538,127.0488,35.0,1,-3.71,-5.1,-2.1,1.0,60
13402,2026-01-28 11:00:00,원지(도),경부선,목표(결빙),37.4538,127.0488,35.0,1,-0.6799999999999999,-2.1,0.8,0.7333333333333333,60
13402,2026-01-28 12:00:00,원지(도),경부선,목표(결빙),37.4538,127.0488,35.0,1,2.341666666666667,0.9,3.7,0.0,60
13402,2026-01-28 13:00:00,원지(도),경부선,목표(결빙),37.4538,127.0488,35.0,1,4.828333333333333,3.6,5.7,0.0,60
13402,2026-01-28 14:00:00,원지(도),경부선,목표(결빙),37.4538,127.0488,35.0,1,5.6016666666666675,4.1,6.2,0.0,60
13402,2026-01-28 15:00:00,원지(도),경부선,목표(결빙),37.4538,127.0488,35.0,1,1.7733333333333334,0.1,4.1,0.0,60
13402,2026-01-28 16:00:00,원지(도),경부선,목표(결빙),37.4538,127.0488,35.0,1,-0.28500000000000003,-0.8,0.5,0.8,60
13402,2026-01-28 17:00:00,원지(도),경부선,목표(결빙),37.4538,127.0488,35.0,1,-0.6716666666666666,-0.9,-0.4,1.0,60
13402,2026-01-28 18:00:00,원지(도),경부선,목표(결빙),37.4538,127.0488,35.0,1,-1.0283333333333333,-1.3,-0.8,1.0,60
13402,2026-01-28 19:00:00,원지(도),경부선,목표(결빙),37.4538,127.0488,35.0,1,-1.5450000000000002,-1.9,-1.2,1.0,60
13402,2026-01-28 20:00:00,원지(도),경부선,목표(결빙),37.4538,127.0488,35.0,1,-2.1933333333333334,-2.7,-1.8,1.0,60
13402,2026-01-28 21:00:00,원지(도),경부선,목표(결빙),37.4538,127.0488,35.0,1,-2.7816666666666667,-3.0,-2.5,1.0,60
13402,2026-01-28 22:00:00,원지(도),경부선,목표(결빙),37.4538,127.0488,35.0,1,-3.033333333333333,-3.3,-2.8,1.0,60
13402,2026-01-28 23:00:00,원지(도),경부선,목표(결빙),37.4538,127.0488,35.0,1,-3.381666666666667,-3.7,-3.1,1.0,60
13402,2026-01-29 00:00:00,원지(도),경부선,목표(결빙),37.4538,127.0488,35.0,1,-3.86,-4.1,-3.4,1.0,60
13402,2026-01-29 01:00:00,원지(도),경부선,목표(결빙),37.4538,127.0488,35.0,1,-4.371666666666667,-4.9,-3.9,1.0,60
13402,2026-01-29 02:00:00,원지(도),경부선,목표(결빙),37.4538,127.0488,35.0,1,-5.263333333333334,-5.6,-4.9,1.0,60
13402,2026-01-29 03:00:00,원지(도),경부선,목표(결빙),37.4538,127.0488,35.0,1,-5.805000000000001,-6.1,-5.5,1.0,60
13402,2026-01-29 04:00:00,원지(도),경부선,목표(결빙),37.4538,127.0488,35.0,1,-6.206666666666666,-6.6,-6.0,1.0,60
13402,2026-01-29 05:00:00,원지(도),경부선,목표(결빙),37.4538,127.0488,35.0,1,-6.921666666666667,-7.2,-6.4,1.0,60
13402,2026-01-29 06:00:00,원지(도),경부선,목표(결빙),37.4538,127.0488,35.0,1,-7.448333333333333,-7.7,-7.2,1.0,60
13402,2026-01-29 07:00:00,원지(도),경부선,목표(결빙),37.4538,127.0488,35.0,1,-7.863333333333333,-8.1,-7.7,1.0,60
13402,2026-01-29 08:00:00,원지(도),경부선,목표(결빙),37.4538,127.0488,35.0,1,-8.096666666666666,-8.3,-7.9,1.0,60
13402,2026-01-29 09:00:00,원지(도),경부선,목표(결빙),37.4538,127.0488,35.0,1,-7.13,-8.1,-5.4,1.0,60
13402,2026-01-29 10:00:00,원지(도),경부선,목표(결빙),37.4538,127.0488,35.0,1,-3.2866666666666666,-5.5,-1.3,1.0,60
13402,2026-01-29 11:00:00,원지(도),경부선,목표(결빙),37.4538,127.0488,35.0,1,0.2766666666666666,-1.3,1.9,0.43333333333333335,60
13402,2026-01-29 12:00:00,원지(도),경부선,목표(결빙),37.4538,127.0488,35.0,1,3.3883333333333336,1.9,4.6,0.0,60
13402,2026-01-29 13:00:00,원지(도),경부선,목표(결빙),37.4538,127.0488,35.0,1,5.668333333333334,4.7,6.6,0.0,60
13402,2026-01-29 14:00:00,원지(도),경부선,목표(결빙),37.4538,127.0488,35.0,1,6.576666666666667,5.4,7.1,0.0,60
13402,2026-01-29 15:00:00,원지(도),경부선,목표(결빙),37.4538,127.0488,35.0,1,2.8983333333333334,0.9,5.4,0.0,60
13402,2026-01-29 16:00:00,원지(도),경부선,목표(결빙),37.4538,127.0488,35.0,1,0.34833333333333333,-0.2,1.1,0.18333333333333332,60
13402,2026-01-29 17:00:00,원지(도),경부선,목표(결빙),37.4538,127.0488,35.0,1,-0.13166666666666668,-0.4,0.1,0.95,60
13402,2026-01-29 18:00:00,원지(도),경부선,목표(결빙),37.4538,127.0488,35.0,1,-0.765,-1.1,-0.4,1.0,60
13402,2026-01-29 19:00:00,원지(도),경부선,목표(결빙),37.4538,127.0488,35.0,1,-1.1016666666666666,-1.4,-0.8,1.0,60
13402,2026-01-29 20:00:00,원지(도),경부선,목표(결빙),37.4538,127.0488,35.0,1,-1.9633333333333334,-2.6,-1.2,1.0,60
13402,2026-01-29 21:00:00,원지(도),경부선,목표(결빙),37.4538,127.0488,35.0,1,-3.055,-3.6,-2.6,1.0,60
13402,2026-01-29 22:00:00,원지(도),경부선,목표(결빙),37.4538,127.0488,35.0,1,-3.9283333333333332,-4.4,-3.6,1.0,60
13402,2026-01-29 23:00:00,원지(도),경부선,목표(결빙),37.4538,127.0488,35.0,1,-4.608333333333333,-4.8,-4.3,1.0,60
13402,2026-01-30 00:00:00,원지(도),경부선,목표(결빙),37.4538,127.0488,35.0,1,-5.316666666666666,-5.8,-4.8,1.0,60
13402,2026-01-30 01:00:00,원지(도),경부선,목표(결빙),37.4538,127.0488,35.0,1,-6.16,-6.5,-5.7,1.0,60
13402,2026-01-30 02:00:00,원지(도),경부선,목표(결빙),37.4538,127.0488,35.0,1,-6.983333333333333,-7.3,-6.4,1.0,60
13402,2026-01-30 03:00:00,원지(도),경부선,목표(결빙),37.4538,127.0488,35.0,1,-7.65,-7.9,-7.3,1.0,60
13402,2026-01-30 04:00:00,원지(도),경부선,목표(결빙),37.4538,127.0488,35.0,1,-7.9350000000000005,-8.2,-7.8,1.0,60
13402,2026-01-30 05:00:00,원지(도),경부선,목표(결빙),37.4538,127.0488,35.0,1,-8.086666666666666,-8.4,-7.8,1.0,60
13402,2026-01-30 06:00:00,원지(도),경부선,목표(결빙),37.4538,127.0488,35.0,1,-8.12,-8.3,-7.8,1.0,60
13402,2026-01-30 07:00:00,원지(도),경부선,목표(결빙),37.4538,127.0488,35.0,1,-7.645,-7.9,-7.4,1.0,60
13402,2026-01-30 08:00:00,원지(도),경부선,목표(결빙),37.4538,127.0488,35.0,1,-7.683333333333334,-7.9,-7.4,1.0,60
13402,2026-01-30 09:00:00,원지(도),경부선,목표(결빙),37.4538,127.0488,35.0,1,-6.878333333333333,-7.6,-5.7,1.0,60
13402,2026-01-30 10:00:00,원지(도),경부선,목표(결빙),37.4538,127.0488,35.0,1,-4.3133333333333335,-5.7,-2.8,1.0,60
13402,2026-01-30 11:00:00,원지(도),경부선,목표(결빙),37.4538,127.0488,35.0,1,-1.1883333333333332,-2.6,0.2,0.8666666666666667,60
13402,2026-01-30 12:00:00,원지(도),경부선,목표(결빙),37.4538,127.0488,35.0,1,1.5983333333333334,0.2,2.5,0.0,60
13402,2026-01-30 13:00:00,원지(도),경부선,목표(결빙),37.4538,127.0488,35.0,1,1.9633333333333334,1.0,2.9,0.0,60
13402,2026-01-30 14:00:00,원지(도),경부선,목표(결빙),37.4538,127.0488,35.0,1,3.3616666666666664,2.3,4.2,0.0,60
13402,2026-01-30 15:00:00,원지(도),경부선,목표(결빙),37.4538,127.0488,35.0,1,1.4016666666666666,0.3,3.2,0.0,60
13402,2026-01-30 16:00:00,원지(도),경부선,목표(결빙),37.4538,127.0488,35.0,1,-0.41000000000000003,-1.0,0.6,0.85,60
13402,2026-01-30 17:00:00,원지(도),경부선,목표(결빙),37.4538,127.0488,35.0,1,-1.2616666666666667,-1.7,-0.9,1.0,60
13402,2026-01-30 18:00:00,원지(도),경부선,목표(결빙),37.4538,127.0488,35.0,1,-2.0166666666666666,-2.4,-1.7,1.0,60
13402,2026-01-30 19:00:00,원지(도),경부선,목표(결빙),37.4538,127.0488,35.0,1,-2.8233333333333333,-3.5,-2.1,1.0,60
13402,2026-01-30 20:00:00,원지(도),경부선,목표(결빙),37.4538,127.0488,35.0,1,-4.131666666666667,-4.6,-3.6,1.0,60
13402,2026-01-30 21:00:00,원지(도),경부선,목표(결빙),37.4538,127.0488,35.0,1,-4.873333333333333,-5.1,-4.4,1.0,60
13402,2026-01-30 22:00:00,원지(도),경부선,목표(결빙),37.4538,127.0488,35.0,1,-5.205,-5.5,-4.9,1.0,60
13402,2026-01-30 23:00:00,원지(도),경부선,목표(결빙),37.4538,127.0488,35.0,1,-5.525,-5.9,-5.2,1.0,60
13402,2026-01-31 00:00:00,원지(도),경부선,목표(결빙),37.4538,127.0488,35.0,1,-6.08,-6.4,-5.7,1.0,60
13402,2026-01-31 01:00:00,원지(도),경부선,목표(결빙),37.4538,127.0488,35.0,1,-6.6850000000000005,-7.3,-6.0,1.0,60
13402,2026-01-31 02:00:00,원지(도),경부선,목표(결빙),37.4538,127.0488,35.0,1,-7.423333333333333,-8.0,-7.0,1.0,60
13402,2026-01-31 03:00:00,원지(도),경부선,목표(결빙),37.4538,127.0488,35.0,1,-7.97,-8.2,-7.6,1.0,60
13402,2026-01-31 04:00:00,원지(도),경부선,목표(결빙),37.4538,127.0488,35.0,1,-8.37,-8.7,-8.0,1.0,60
13402,2026-01-31 05:00:00,원지(도),경부선,목표(결빙),37.4538,127.0488,35.0,1,-8.76,-9.2,-8.4,1.0,60
13402,2026-01-31 06:00:00,원지(도),경부선,목표(결빙),37.4538,127.0488,35.0,1,-8.623333333333333,-9.0,-8.3,1.0,60
13402,2026-01-31 07:00:00,원지(도),경부선,목표(결빙),37.4538,127.0488,35.0,1,-8.818333333333333,-9.1,-8.4,1.0,60
13402,2026-01-31 08:00:00,원지(도),경부선,목표(결빙),37.4538,127.0488,35.0,1,-9.121666666666666,-9.4,-8.9,1.0,60
13402,2026-01-31 09:00:00,원지(도),경부선,목표(결빙),37.4538,127.0488,35.0,1,-7.951666666666667,-9.0,-6.6,1.0,60
13402,2026-01-31 10:00:00,원지(도),경부선,목표(결빙),37.4538,127.0488,35.0,1,-4.681666666666667,-6.6,-2.6,1.0,60
13402,2026-01-31 11:00:00,원지(도),경부선,목표(결빙),37.4538,127.0488,35.0,1,-0.9266666666666666,-2.6,1.1,0.7833333333333333,60
13402,2026-01-31 12:00:00,원지(도),경부선,목표(결빙),37.4538,127.0488,35.0,1,2.6866666666666665,1.2,4.5,0.0,60
13402,2026-01-31 13:00:00,원지(도),경부선,목표(결빙),37.4538,127.0488,35.0,1,6.28,4.5,8.0,0.0,60
13402,2026-01-31 14:00:00,원지(도),경부선,목표(결빙),37.4538,127.0488,35.0,1,7.461666666666667,6.5,8.3,0.0,60
13402,2026-01-31 15:00:00,원지(도),경부선,목표(결빙),37.4538,127.0488,35.0,1,3.9650000000000003,2.2,6.3,0.0,60
13402,2026-01-31 16:00:00,원지(도),경부선,목표(결빙),37.4538,127.0488,35.0,1,1.47,0.7,2.7,0.0,60
13402,2026-01-31 17:00:00,원지(도),경부선,목표(결빙),37.4538,127.0488,35.0,1,0.7833333333333333,0.4,1.4,0.0,60
13402,2026-01-31 18:00:00,원지(도),경부선,목표(결빙),37.4538,127.0488,35.0,1,0.20833333333333334,-0.1,0.7,0.2,60
13402,2026-01-31 19:00:00,원지(도),경부선,목표(결빙),37.4538,127.0488,35.0,1,-0.30333333333333334,-0.7,0.0,1.0,60
13402,2026-01-31 20:00:00,원지(도),경부선,목표(결빙),37.4538,127.0488,35.0,1,-1.4400000000000002,-2.2,-0.7,1.0,60
13402,2026-01-31 21:00:00,원지(도),경부선,목표(결빙),37.4538,127.0488,35.0,1,-2.365,-2.9,-2.0,1.0,60
13402,2026-01-31 22:00:00,원지(도),경부선,목표(결빙),37.4538,127.0488,35.0,1,-2.546666666666667,-2.9,-2.2,1.0,60
13402,2026-01-31 23:00:00,원지(도),경부선,목표(결빙),37.4538,127.0488,35.0,1,-2.3483333333333336,-2.7,-2.0,1.0,60
13402,2026-02-01 00:00:00,원지(도),경부선,목표(결빙),37.4538,127.0488,35.0,1,-1.9733333333333334,-2.4,-1.5,1.0,60
